代號,名稱,2019,2018,2017,2016,2015,2014,2013,2012,2011,2010
9188,精熙-DR,19,14.6,12.8,17.7,10.6,8.37,6.08,11.6,10.3,5.31
6523,達爾膚,0.44,3.79,7.89,0.98,,,,,,
1439,中和,0,0,2.42,3.17,3.72,3.42,3.25,3.38,48.8,0
00837B,永豐15年金融債,4.13,,,,,,,,,
6125,廣運,3.19,3.33,3.98,4.72,4.03,3.5,0,2.03,7.77,2.06
2020,美亞,8.97,10.1,5.71,0,6.48,3.59,1.42,0,6.06,1.8
6186,新潤,3.13,8.93,13.2,13.4,11.4,10.7,2.58,0,0,0
1465,偉全,1.97,2.81,4.28,7.11,6.42,2.94,6.17,8.73,16.7,2.84
6292,迅德,6.66,7.88,10.1,6.9,10.8,11,7.44,6.68,12,4.73
5604,中連貨,9.51,5.04,6.1,10.5,5.09,4.6,5.34,5.4,8.03,4.08
8066,來思達,12,7.8,5.02,8,3.94,0,0,0,0,0
2923,鼎固-KY,2.66,1.88,1.96,1.69,1.03,0.7,0.46,0,,
3056,總太,4.75,12.4,13,14,3.94,9.33,3.06,4.36,0,0
6197,佳必琪,6.07,6.24,3.81,7.07,7.84,3.85,3.01,0,0,0.43
2527,宏璟,5.31,3.57,3.24,5.76,8.96,3.85,3.59,6.13,3.54,1.57
5907,大洋-KY,6.01,3.66,4.23,2.43,10.8,5.42,4.85,0.54,,
1611,中電,1.35,11,0,0,0,0,1.4,7.02,6.95,4.96
8112,至上,9.95,10.4,8.29,3.76,8.49,3.97,2.68,10.2,9.96,4.69
5519,隆大,5.73,3.23,4.81,5.74,4.36,4.52,3.6,4.22,4.17,1.42
6596,寬宏藝術,2.86,4.8,2.76,,,,,,,
3028,增你強,8.06,8.67,7.48,10,10.8,5.76,6.8,11.9,8.41,5.58
3213,茂訊,5.91,10.8,6.02,8.15,7.21,6.16,4.88,12.2,7.42,9.04
6616,特昇-KY,4.88,6.78,,,,,,,,
4560,強信-KY,6.69,4.95,3.33,,,,,,,
6128,上福,6.54,1.75,7.1,7.16,8.24,6.66,5.41,9.71,10.8,8.91
4995,晶達,4.41,6.89,4.73,8.2,7.59,2.29,4.57,4.67,9.29,
00701,國泰股利精選30,1.98,0.81,,,,,,,,
2227,裕日車,6.16,9.19,8.26,6.36,10.7,5.85,3.15,4.53,4.32,0
1341,富林-KY,4.86,0,,,,,,,,
2467,志聖,9.36,5.74,1.81,0,10.4,6.61,7.3,9.87,12.2,4.66
6486,互動,6.03,7.02,8.09,7.46,10,,,,,
2548,華固,5.4,7.64,8.07,9.09,8.49,9.65,5.94,7.91,10.1,6.74
9136,巨騰-DR,5.04,3.66,3.89,6.14,3.76,3.79,2.4,2.24,4.5,1.57
8049,晶采,9.41,7.52,7.67,6.64,2.96,1.3,0,0,0,0
6005,群益證,3.56,2.23,3.19,5.06,6.05,4.31,1.36,2.24,2.87,0.64
2488,漢平,7.4,6.4,11.7,5.07,6.56,9.41,1.96,6,12.6,4.35
3441,聯一光,4.71,6.85,2.97,0,5.29,2.6,6.86,2.39,2.17,1.22
6248,沛波,0,5.11,3.02,3.22,0,0,0,0,0,0
5283,禾聯碩,8.33,6.93,3.3,1.31,4.26,4.98,2.82,3.74,,
3071,協禧,5.96,5.2,0,0,0,0,2.89,2.57,0,0
6026,福邦證,2.13,17.1,2.67,3.14,4.65,,,,,
6204,艾華,4.12,6.04,4.32,3.47,4.41,4.52,4.07,7.1,9.69,6.02
5522,遠雄,7.44,7.25,11.8,9.47,11.1,3.97,6.93,9.21,12.6,7.64
6176,瑞儀,5.83,5.68,6.36,8.01,7.29,6.9,7.34,5.44,4.39,3.97
5353,台林,5.89,4.14,3.21,2.69,4.25,4.14,2.36,6.13,3.75,3.83
6671,三能-KY,8.2,9.2,,,,,,,,
8924,大田,2.54,18.5,0,0,0,0,2.48,3.35,0,6.35
8048,德勝,5.71,8.49,6.26,10.1,3.46,1.67,2.51,3.25,1.79,1.05
2546,根基,7.98,7.93,7.18,5.85,10.1,6.39,6.19,3.89,20.4,9.74
1336,台翰,5.15,3.97,0,0,0,0.55,0,3.13,5.45,0
5443,均豪,6.05,5.61,8.47,4.76,4.64,5.81,0,3.67,8.66,0
6108,競國,9.62,5.21,7.09,0,9.17,3.82,7.82,6.25,10.9,9.92
2063,世鎧,7.5,7.18,3.42,3.7,6.33,3.5,4.6,3.24,6.02,1.17
1604,聲寶,6.95,1.44,10.6,5.69,8.4,5.62,5.06,3.07,0.95,0
5356,協益,6.46,7.91,9.89,9.16,13.8,5.51,7.1,12.3,15,1.66
8424,惠普,7.06,6.85,6.67,7.68,6.38,3.7,1.18,4.48,4.9,
3531,先益,5.12,10,3.87,1.45,11.1,8.47,6.98,5.61,6.35,5.49
5534,長虹,8.61,8.03,7.83,4.46,8.35,9.59,10.9,6.49,12.4,4.9
2855,統一證,4.84,10.4,0,1.71,6.07,4.44,2.94,0,3.29,4.3
3171,新洲,3.59,3.52,1.81,0,0,0,0,0,0,0
6143,振曜,10.1,5.42,5.63,2.89,8.59,16.6,7.3,4.96,1.84,2.01
2477,美隆電,3.26,6.44,0,6.47,8.37,24.2,3.2,0,7.55,1.58
8942,森鉅,8.46,4.51,8.07,7.59,4.44,1.97,3.6,2.93,2.46,1.92
6266,泰詠,8.06,5.18,5.04,6.84,3.64,2.51,1.49,3.41,7.94,0
5511,德昌,6.82,4.97,2.52,2.54,10.9,9.6,4.83,1.94,1.73,4.51
6112,聚碩,4.37,4.96,5.1,5.61,7.55,5.5,8.06,7.16,6.91,5.47
6201,亞弘電,7.63,7.11,10.3,6.47,7.11,8.13,7.5,7.72,7.87,6.92
4916,事欣科,7.26,3.39,2.82,1.51,7.18,6.35,6.25,7.14,5.19,0
3580,友威科,7.04,10.8,0,0,0,0,0,0,2.99,1.4
6136,富爾特,7.5,10,8.37,8.81,9.91,8.86,10,12.2,12.8,6.71
4942,嘉彰,6.05,3.53,6.51,4.74,6.04,5.21,5.12,5.61,3.98,
2459,敦吉,6.89,8.4,6.05,7.02,7.9,3.79,6.41,7.38,9.84,4.57
2915,潤泰全,7.48,5.09,1.56,2.98,9.77,7.5,3.92,1.39,2.63,1.5
3088,艾訊,6.54,10.9,6.82,7.38,6.36,3.42,3.49,5.56,11.3,3.41
2348,海悅,6.8,7.78,0,0,1.87,0,0,0,0,0
2385,群光,4.27,7.11,5.67,5.73,6.44,5.2,5.47,5.96,8.06,5.38
4938,和碩,5.12,7.79,6.85,6.53,5.61,3.79,3.86,0,4.4,4.17
1434,福懋,6.14,5.5,4.79,4.07,4.67,3.18,2.77,4.29,7.13,2.82
6294,智基,7.84,7.21,7.48,3.19,0,0,0,0,0,0
2597,潤弘,7.72,4.78,10.5,12.3,18.6,10.8,3.09,3.62,7.66,7.5
4557,永新-KY,7.07,8.17,6.93,7.67,1.33,,,,,
8916,光隆,7.49,6.67,8.15,6.57,4.95,6.16,2.87,4.82,5.87,2.41
2433,互盛電,6.23,8.31,6.22,8.32,7.49,9.03,4.85,15.3,6.36,4.56
5410,國眾,6.45,8.04,7.46,9.24,9.56,6.64,5.14,5.66,5.69,0
8928,鉅明,3.94,6.54,6.3,9.84,5.01,0,0,0,0,4.93
2493,揚博,9.01,7.14,8.7,8.47,13.3,6.9,9.75,10.9,7.44,0
1608,華榮,0,7.93,0,0,0,6.83,6.03,0,4.81,4.1
3206,志豐,4.75,4.35,3.16,5.21,2.38,1.6,5.61,9.17,7.98,1.23
1464,得力,5.76,11.1,7.67,8.44,2.99,0,1.47,2.19,1.61,1.5
3036,文曄,5.58,6.44,5.31,6.74,8.45,5.38,5.96,7.47,9.7,4.19
1452,宏益,7.53,8.31,5.41,8.78,4.26,6.3,4.61,5.16,9.1,2.82
1712,興農,6.84,5.98,5.56,3.92,6.89,4.92,4.79,5.67,6.64,5.54
2458,義隆,5.48,3.43,3.41,5.87,7.99,7.35,6.41,2.23,6.31,2.12
5536,聖暉,8.13,7.67,3.87,6.46,2.31,11.6,8.3,8,10.5,3.81
6184,大豐電,6.22,7.35,1.46,1.53,3.87,4.93,3.7,4.68,4.91,6.1
4972,湯石照明,7.35,7.43,8.55,8.12,5.03,5.03,2.77,3.28,,
8213,志超,5.97,5.45,4.71,6.66,10.7,5.79,8.43,1.64,7.74,3.42
8088,品安,1.54,1.53,2.97,7.29,9.52,13.2,1.72,3.47,0,0
1537,廣隆,6.71,6.55,6.27,4.76,4.92,5.76,5.71,4.37,10.1,5.95
8064,東捷,5.63,0,5.3,3.05,7.72,4.34,0,0,4.52,0
6270,倍微,6.45,8.29,4,4.88,5.31,3.5,3.48,8.23,15,8.18
6263,普萊德,6.62,7.58,6.33,7.94,7.46,6.07,5.51,5.34,8.5,5.64
3231,緯創,5.25,6.12,4.95,4.8,6.61,6.28,5.99,7.31,8.33,4.58
5864,致和證,6.44,4.95,6.53,0,0,0,3.15,0,5.17,3.13
6218,豪勉,7.48,6.11,6.17,5.19,6.1,4.74,6.52,7.04,9.56,4.94
8938,明安,5.43,7,3.66,2.79,2.51,2.76,6.94,2.64,8.97,5.91
6177,達麗,1.74,15.7,5.69,15.3,19.6,0,0,3.34,2.71,0
8383,千附,6.72,8.21,5.47,4.58,3.9,3.38,4.14,3.06,4.24,2.08
2852,第一保,3.37,4.08,4.48,0,3.28,7.05,7.63,1.24,15.8,3.13
3303,岱稜,6.44,2.55,8.11,6.15,3.46,7.47,3.99,0,0,3.71
6147,頎邦,5.21,3.79,3.72,4.57,5.47,4.48,5.55,3.5,6.78,0
1521,大億,5.86,9.81,6.58,6.05,4.78,5.21,5.82,8.89,7.08,4.69
6216,居易,7.09,7.47,9.24,8.64,7.89,6.32,5.61,12.8,7.53,6.96
2392,正崴,3.28,8.44,3,5.46,4.4,6.05,4.18,4,4.2,3.61
6664,群翊,6.13,5.76,,,,,,,,
6115,鎰勝,6.89,7.44,9.13,7.84,10.4,7.97,7.41,8.66,9.75,9.13
2904,匯僑,6.35,6.11,6.91,8.21,7.77,10.6,9.92,16.6,6.27,6.24
3032,偉訓,7.96,7.75,5.67,5.17,9.26,2.2,2.31,0,13.2,6.92
3310,佳穎,13.9,3.2,1.49,2.62,2.33,1.33,1.07,0,0,0
4564,元翎,5.91,3.24,,,,,,,,
3015,全漢,5.68,8.33,6.22,6.32,0.44,6.92,7.32,7.43,10.6,6.64
4137,麗豐-KY,5.04,3.13,4.32,6.64,2.04,4.21,1.38,,,
2012,春雨,6.4,3.75,5.23,3.75,3.52,3.53,0,0,0,0
6488,環球晶,6.54,3.57,0.63,4.35,7.7,,,,,
2357,華碩,6.48,7.44,6.08,5.66,6.25,5.63,7.15,4.44,6.5,0.76
2301,光寶科,5.92,7.19,7.19,4.5,6.19,7.45,4.9,5.89,8.42,5.61
3567,逸昌,8.6,8.85,6.13,4.61,5.02,2.83,1.15,1.99,19.5,5.43
1102,亞泥,5.84,3.53,3.19,4.17,8.03,4.62,4.4,6.16,5.59,5.58
6577,勁豐,6.61,6.8,3.25,,,,,,,
2373,震旦行,6.66,6.22,3.77,5.98,5.87,6.06,4.69,6.5,4.29,3.64
9943,好樂迪,7.57,6.91,7.62,7.81,7.48,10.4,7.86,7.23,3.67,0
4138,曜亞,6.3,7.3,7.02,6.79,5.49,2.05,5.57,5.73,5.77,1.54
6641,基士德-KY,5.55,4.9,,,,,,,,
1593,祺驊,7.87,7.91,5.9,7.56,5.48,5.01,3.19,5.62,6.67,
2480,敦陽科,6.37,6.85,5.88,7.27,8.21,7.1,6.54,7.47,7.92,5.86
1338,廣華-KY,5.2,6.66,3.49,4.8,3.11,2.67,1.46,1.79,0,
1436,華友聯,5.03,6.83,2.49,0,3.72,0,0,0,1.32,0
2464,盟立,8.31,3.57,3.74,6.16,3.13,5.37,3.94,4.65,9.44,4.72
1558,伸興,8.3,6.3,7.34,5.92,6.52,5.66,4.55,8,8.27,5.98
3090,日電貿,12.2,4.73,5.63,8.2,6.74,3.92,1.12,7.86,7.09,5.56
2883,開發金,3.08,6.17,4.93,6.2,7.29,3.96,2,0,6.91,3.89
2916,滿心,7.63,6.98,4.33,8.15,6.11,5.62,2.32,7.81,10.8,3.6
5015,華祺,11.1,7.67,7.94,8.62,17.8,4.77,1.28,12.6,2.61,6.78
9927,泰銘,4.25,9.87,6.38,5.87,8.94,5.57,6.18,5.25,8.42,9.47
3501,維熹,6.94,6.25,6.92,7.86,4.83,6.1,6.53,7.36,11.4,6.65
2606,裕民,5.36,3.72,2.05,3.98,8.26,4.01,4.67,6.46,11.2,7.87
2471,資通,6.42,6.78,9.15,7.17,9.27,6.41,8.22,7.29,8.22,0
3617,碩天,4.86,6.47,4.77,4.52,4.17,6.22,4.87,6.92,6.73,4.79
3044,健鼎,4.7,6.58,4.57,4.46,4.91,3.62,4.68,5.78,5.89,2.27
2397,友通,6.29,6.56,7.44,5.51,5.54,5.01,3.99,6.1,4.86,9.18
4987,科誠,8.4,8.59,5.7,10.7,7.29,4.48,2.98,5.05,6.47,
6210,慶生,5.66,12.2,4.85,11.6,8.9,7.74,6.51,7.46,12.2,2.22
8435,鉅邁,6.32,7.14,5.86,7.74,6.39,5.53,5.24,5.62,,
6208,日揚,5.96,6.64,2.7,1.44,7.31,3.92,2.44,14,1.89,0
2727,王品,5.52,6.99,2.61,0.76,5.01,4.14,2.76,2.05,,
6206,飛捷,6.94,6.62,6.11,6.38,6.26,5.48,2.87,5.13,7.86,5.05
8390,金益鼎,2.31,2.15,0.98,1.47,1.42,0.56,4.03,6.27,4.16,2.97
6189,豐藝,7.55,6.36,8.2,9.84,10.8,8.25,6.69,9.11,11,8.44
3455,由田,4.83,2.95,6.93,5.36,1.72,0,0,5.45,11.3,1.42
9942,茂順,5.99,6.21,4.44,4.74,5.66,5,3.4,6.56,6.6,5.87
2404,漢唐,5.1,6.69,10.2,9.13,5.88,7.92,4.88,12.3,15.6,3.63
3541,西柏,4.77,7.55,3.88,3.08,6.92,1.9,5.07,6.99,7.75,4.43
2476,鉅祥,5.33,7.29,6.3,5.93,6.85,4.69,4.9,4.03,8.03,4.08
5403,中菲,7.2,10,8.03,8.54,4.61,8.93,6.37,4.84,9.47,7.3
6613,朋億,9.04,7.14,3.17,,,,,,,
4417,金洲,7.24,4.81,6.94,4.25,2.89,1.62,4.62,2.48,3.68,1.18
6560,欣普羅,8.7,0,3.83,,,,,,,
1315,達新,2.53,4.15,4.3,4.32,4.81,3.48,3.33,5.84,3.62,3.65
5278,尚凡,13.5,0,0,0,3.84,9.13,3.31,,,
0056,元大高股息,6.21,6.06,3.8,5.64,4.58,4.14,3.69,5.71,9.94,
2535,達欣工,7.66,8.15,8.8,5.14,10.4,12.3,7.47,7.92,9.41,6.19
3679,新至陞,4.41,10.6,10.8,5.65,8.34,6.83,5.66,7.98,3.91,3.47
8249,菱光,5.52,8.04,6.18,8.57,8.66,4.82,4.19,5.39,12.1,3.44
2324,仁寶,6.37,6.88,5.63,6.51,8.11,4.5,4.41,7.16,8.97,6.13
6640,均華,7.05,7.18,,,,,,,,
5512,力麒,3.79,7.8,5.03,6.34,8.6,3.6,3.72,1.32,4.9,1.57
3528,安馳,6.58,7.11,6.93,7.97,7.59,5.54,5.77,6.79,3.82,3.96
3209,全科,4.73,4.68,5.47,4.94,5.13,4.82,2.7,5.16,7.33,3.48
5493,三聯,4.65,5.71,7.46,7,4.75,8.41,3.53,9.28,12.2,3.67
9924,福興,5.47,5.88,7.45,6.7,4.59,6.6,4.64,4.71,7.14,6.25
4722,國精化,6.52,5.75,7.23,8.28,4.7,4.88,5.6,4.57,3.69,0.88
8422,可寧衛,6.41,6.61,6.57,6.08,4.58,5.46,6.19,5.68,2.22,
8342,益張,7.69,7.48,10.1,,,,,,,
3147,大綜,4.18,5.32,4.67,8.82,3.1,1.42,,,,
5371,中光電,9.03,7.88,10.3,4.42,12.8,0,3.4,7.11,17.1,5.87
2614,東森,8.85,0,0,0,0,4.5,0,0,0,0
5878,台名,6.08,7.02,7.16,7.04,2.38,5.77,,,,
2451,創見,6.42,8.98,7.26,7.98,9.1,6.79,7.58,6.81,3.79,7.59
4303,信立,5.49,128,0,1.53,0.78,0,0,0,0,0
3265,台星科,4.36,5.86,2.88,1.09,10,6.8,5.24,6.04,8.47,1.96
6224,聚鼎,5.61,5.54,8.01,7.36,6.3,6.11,6.43,7.51,7.48,4.18
8163,達方,7.95,5.1,6.75,9.37,1.56,1.12,2.68,2.6,9.49,3.26
6214,精誠,6.62,8.13,8.43,8.61,9.37,4.93,2.98,6.07,6.47,4.26
1109,信大,3.98,0.72,0.76,2,1.99,8.99,3.18,3.29,2.65,3.41
2423,固緯,6.7,6.48,5.27,3.62,2.96,1.19,2.79,5.71,3.92,2.15
2637,慧洋-KY,5.03,3.44,3.46,8.21,8.06,5.46,5.01,3.59,3.9,3.45
1417,嘉裕,0,0,0,0,0,2.49,5.77,0,0,0
2235,謚源,4.99,6.94,4.26,4.07,2.96,2.6,2.48,3.42,,
2034,允強,6.92,7.36,6.73,3.69,10.2,6.16,3.06,6.94,7.48,2.11
4581,光隆精密-KY,,,,,,,,,,
5312,寶島科,5.63,6.55,5.37,4.83,4.31,4.97,3.33,3.38,3.08,2.5
3005,神基,6.42,6.21,6.78,5.25,6.48,6.02,3.24,4.44,2.82,6.52
2414,精技,6.28,7.43,6.63,7.23,7.62,5.6,7.82,9.38,9.89,8.22
5465,富驊,1.94,0,0,1.98,1.97,0,0,0,0,0
4527,方土霖,8.23,6.54,7.17,6.33,7.56,6.23,4.69,3.05,1.46,1.34
1540,喬福,7.69,3.77,6.35,7.84,9.38,5.65,5.17,7.96,7.51,10.8
2114,鑫永銓,6.05,6.27,5.68,6.49,6.88,4.65,6.08,4.68,5.56,4.5
4430,耀億,4.59,3.64,4.02,5,4.3,4.42,3.56,3.92,2.7,3.23
8107,大億金茂,4.44,31.9,0,3.18,0,0,0,0,11.4,0
4999,鑫禾,8.03,6.53,6.18,5.69,9.62,4.98,2.39,2.89,,
1103,嘉泥,4.47,3.68,1.5,1.15,3.15,7.07,0,1.44,2.53,1.16
6202,盛群,6.84,7.03,5.09,7.22,6.89,5.9,5.26,7.8,11.9,5.52
3526,凡甲,6.44,5.05,6.33,2.39,5.38,1.6,6.34,7.2,16.2,9.53
5434,崇越,5.02,6.03,6.18,4.62,6.8,6.38,6.02,8.98,6.56,3.78
6123,上奇,10.1,7.83,5.83,6.48,5.44,4.59,6.31,9.73,7.69,1.95
3702,大聯大,6.91,6.5,5.81,6.32,7.95,6.24,7,6.84,6.02,3.55
6506,雙邦,5.41,5.85,6.71,3.16,1.62,2.51,2.2,3.32,2.94,2.83
3211,順達,5.75,5.56,6.69,9.43,10.3,6.78,7.83,5.67,5.19,6.3
3684,榮昌,3.51,8.71,5.84,8.01,4.29,4.04,5.16,7.25,6.36,2.36
4305,世坤,7.03,7.23,7.77,7.77,6.72,6.57,6.3,4.51,4.68,5.01
8466,美吉吉-KY,4.3,11.2,7.59,5.12,,,,,,
1310,台苯,9.57,7.11,9.69,5.01,0,3.62,0,0,0,3.96
4952,凌通,7.43,9.98,6.49,8.57,7.02,6.61,2.97,7.69,12,
2453,凌群,2.97,6.25,3.26,4.72,5.61,4.21,2.95,4.26,0,2.47
3029,零壹,4.97,6.61,5.98,5.59,2.28,5.35,4.28,5.02,4.67,1.72
5546,永固-KY,,,,,,,,,,
4974,亞泰,5.17,7.24,5.26,7.82,7.28,6.19,5.26,8.61,10.4,
9802,鈺齊-KY,2.71,8.65,4.5,3.09,4.63,4.22,5.87,2.22,,
4572,駐龍,2.7,0.42,,,,,,,,
2221,大甲,7,5.02,4.79,4.84,1.84,1.62,2.17,9.19,0,0
2547,日勝生,6.87,0,0,0,8.47,5.59,3.32,4.87,11.4,2.76
6629,泰金-KY,2.88,,,,,,,,,
1201,味全,3.19,0,0,0,0,2.4,1.15,1.66,1.86,1.57
4438,廣越,3.95,4.34,4.75,3.58,,,,,,
6277,宏正,9.25,6.32,6.9,6.48,8.1,6.02,3.68,7.63,8.09,5.67
6470,宇智,5.08,4.34,11.2,8.33,5.1,,,,,
8416,實威,6.49,4.8,6.15,6.83,5.7,3.79,2.07,7.46,,
2890,永豐金,4.89,4.85,3.56,4.76,5.34,2.58,2.25,1.09,1.63,0.86
1522,堤維西,4.48,6.64,6.02,4.17,4.27,0,0,0.94,0,2.51
8021,尖點,5.32,2.23,4.24,6.95,5.3,2.8,3.36,4.27,4.08,0.93
5490,同亨,1.49,4.17,8.06,7.98,3.32,6.22,3.16,10.4,11.6,3.2
2108,南帝,5.98,3.6,4.26,9.15,1.03,2.48,2.6,8,3.85,3.7
8099,大世科,3.03,9.59,5.48,5.7,9.21,6.48,3.01,9.32,6.19,6.64
3479,安勤,3.4,6.76,7.88,5.7,4.41,6.74,7.85,5.48,11.9,3.62
6525,捷敏-KY,5.93,4.23,4.38,6.29,,,,,,
2420,新巨,7.79,8.6,8.37,7.05,8,6.8,5.39,9.26,8.91,3.94
5315,光聯,8.53,5.93,14,0,0,0,0,0,0,0
3169,亞信,5.27,5.98,3.38,6.73,5,5.56,3.38,7.25,10.9,4.52
2732,六角,2.58,5.88,5.9,5.1,2.69,1.99,0.65,,,
3010,華立,5.66,6.65,4.66,5.88,7.4,5.45,5.28,5.82,9.72,3.95
3038,全台,2.84,4.3,4.09,3.26,0,0,0,0,0,0
3092,鴻碩,10.5,10.2,4.25,1.84,3.21,0,2.96,5.42,6.33,1.23
4550,長佳,4.56,7.57,10.5,5.41,3.79,4.79,,,,
3030,德律,6.95,6.58,6.7,10.5,8.78,6.47,8.89,4.96,8.19,1.05
8074,鉅橡,6.72,7.89,6.34,4.89,5.47,4.5,4.18,5.71,2.93,4.6
6674,鋐寶科技,6.19,4.85,,,,,,,,
2616,山隆,5.36,8.77,6.38,5.34,6.64,6.25,5.95,4.42,8.54,5.34
2439,美律,5.07,12.9,4.57,2.67,8.2,3.32,1.15,3.73,11.2,6.2
8131,福懋科,6.7,7.86,6.36,8.49,6.91,1.75,5.8,9.33,10.8,2.37
5285,界霖,5.45,4.57,1.62,5.12,4.92,3.83,2.39,,,
2430,燦坤,5.25,7.03,8.32,4.12,1.89,6.01,4.86,7.75,6.97,4.99
6281,全國電,5.87,6.36,6.94,5.76,6.74,5.6,7.8,5.95,6.46,7.53
5243,乙盛-KY,4.05,6.53,3.31,3.09,9.12,3.4,0,,,
6242,立康,6.21,5.73,2.1,0.1,0,0,0,0,0,0
6494,九齊,5.98,12.5,4.64,5.29,6.77,,,,,
1101,台泥,7.56,4.21,3.98,3.78,9.12,5.3,4.11,4.88,5.71,5.49
6188,廣明,3.61,5.06,4.73,4.01,12.7,8.43,4.22,7.39,10.5,10.1
6023,元大期,5.04,4.66,6.02,6.06,19.4,5.96,5.18,7.46,4.77,4.84
2937,集雅社,2.99,3.55,1.44,,,,,,,
9933,中鼎,5.92,7.28,5.76,4.92,6.23,3.95,5.87,4.82,5.87,7.26
2228,劍麟,4.18,6.74,4.02,2.75,2.22,2.81,2.59,,,
4741,泓瀚,6.5,8.7,4.67,5.17,4.97,1.79,3.53,2.22,8.24,
6139,亞翔,4.77,5.88,4.21,2.36,4.42,6.09,7.02,11.1,11.3,3.21
8109,博大,5.78,5.28,5.22,7.02,7.17,6.01,4.4,8.57,4.64,4.5
2347,聯強,5.33,6.04,2.47,4.62,10.3,6.07,4.23,7.48,3.08,3.05
6666,羅麗芬-KY,3.97,2.47,,,,,,,,
6257,矽格,5.55,6.51,5,6.87,9.52,5.86,7.38,6.27,11.7,4.31
3570,大塚,3.35,2.76,6.44,6.76,7.05,2.88,1.45,6.64,4.97,3.91
6290,良維,2.14,4.82,4.19,6.99,6.24,4.64,7.4,3.7,8.52,6.34
3014,聯陽,6.12,8.23,8.26,6.63,6.96,3.12,4.7,0,6.38,3.23
4104,佳醫,5.57,6.07,5.56,5.3,5.07,3.9,3.38,1.73,4.05,2.14
5288,豐祥-KY,4.1,3.57,4.7,6.27,3.48,4.81,,,,
5234,達興材料,5.52,3.76,4.42,5.49,7.14,6.56,4.48,5.41,,
6411,晶焱,4.21,4.57,2.15,3.14,4.51,3,2.94,,,
2520,冠德,3.13,2.44,5.39,5.12,12.2,3.61,2.9,4.67,6.88,3
1570,力肯,5.65,6.56,3.36,3.57,0,0,0,0,0,0
8472,夠麻吉,1.98,4.93,7.25,2.35,,,,,,
2015,豐興,7.45,5.98,5.39,5.52,6.52,7.72,4.57,5.8,5.69,3.59
6138,茂達,5.35,3.97,4.68,4.59,8.01,1.52,4.56,8.48,8.82,3.65
9911,櫻花,5.62,7.21,6.64,3.91,7.1,5.42,3.37,4.18,4.52,1.65
8150,南茂,3.5,1.15,3.78,9,7.15,3,,,,
1442,名軒,5.05,11.6,5.31,5.65,10.7,16.7,3.26,10.1,7.83,5.77
6530,創威,4.96,4.4,4.76,6.89,,,,,,
2436,偉詮電,3.73,2.68,1.68,2.34,4.31,0.53,1.16,0,5.47,3.22
1725,元禎,5.62,5.74,5.25,5.65,4.5,2.46,0,0,0.9,1.09
8923,時報,5.5,6.34,6.25,5,5.06,5.85,4.44,6.29,7.81,5.42
3426,台興,6.03,1.93,3.54,3.17,,,,,,
3026,禾伸堂,7.76,5.1,2.23,7.78,9.85,6.75,5.29,7.83,8.89,8.11
2317,鴻海,4.41,2.82,4.73,4.75,4.7,2.05,1.87,1.69,1.21,1.7
1104,環泥,5.1,5.82,5.23,4.06,4.44,3.49,2.65,3.75,7.52,2.7
2449,京元電子,3.6,7.73,5.94,4.76,8.35,5.11,5.37,3.6,10.9,0
5508,永信建,8.6,8.7,5.71,10.6,21.3,15.3,14.8,3.2,8.76,7.7
2897,王道銀行,0,3.75,4.58,5.97,5.15,2.93,3.21,2.93,3.4,2.54
6672,騰輝電子-KY,3.52,,,,,,,,,
3596,智易,3.72,2.67,7.51,2.81,5.57,4.94,2.22,4.94,3.32,3.77
3048,益登,3.66,7.63,2.64,6.02,5.2,1.76,3.66,6.51,8.64,6.1
8420,明揚,2.74,2.67,6.52,5.43,0.95,2.18,0,0,2.96,
5483,中美晶,3.02,4.9,1.97,4.49,3.85,1.81,0,2.44,10.7,1.08
1220,台榮,4.36,3.67,6.25,4.59,2.79,3.35,4.01,0,0,0
2006,東和鋼鐵,5.22,7.37,5.04,5.2,7.65,6.49,4.96,5.39,4.51,3.1
5287,數字,5.2,6.47,6.28,5.96,4.67,2.74,2.55,,,
1817,凱撒衛,6.45,6.22,4.89,5.35,4.42,4.85,3.43,4.36,,
3484,崧騰,4.26,7.58,4.82,5.3,7.8,3.21,2.5,6.79,7.13,4.15
3402,漢科,9.63,8.52,8.39,3.71,3.6,0,7.74,6.58,10.8,0.68
4549,桓達,4.55,5.21,3.16,3.1,5.09,2.62,,,,
2889,國票金,4,6.82,5.75,3.21,3.77,2.75,1.8,3.01,3.96,1.55
8083,瑞穎,6.07,6.56,6.07,5.05,5.68,3.95,4.42,4.98,6.22,4.6
4931,新盛力,3.07,1.08,4.17,,,0,0,0,0,1.32
3226,至寶電,5.17,3.73,3.32,3.07,0,0,0,0,0,0
1215,卜蜂,4.53,5.64,4.67,4.46,4.35,3.17,5.06,1.97,7.04,5.03
1402,遠東新,6.03,4.3,2.99,4.13,4.66,4.14,3.78,5.14,5.69,2.63
2886,兆豐金,5.56,5.78,5.9,6.52,6.59,4.54,4.38,3.76,4.46,4.45
4439,冠星-KY,0,,,,,,,,,
2328,廣宇,4.72,4.03,2.76,1.42,2.2,1.52,1.32,0,1.28,0.65
1580,新麥,5.58,7.17,5,4.95,8.17,3.93,4.44,5.6,8.01,4.4
3031,佰鴻,3.11,8.06,4.6,0.56,5.14,2.41,0,6.99,4.32,2.37
8482,商億-KY,5.76,5.76,,,,,,,,
1582,信錦,7.14,7.8,8.58,7.14,9.36,5.56,7.91,5.94,10.8,9.16
4571,鈞興-KY,1.56,,,,,,,,,
3388,崇越電,7.31,6.9,5.49,6.53,8.13,7.33,7.02,9.76,9.97,5.83
9939,宏全,3.71,5.26,4.35,3.8,4.66,4.48,4.78,4.72,5.38,3.76
1788,杏昌,5.71,6.12,5.24,5.43,4.74,5.22,4.34,4.42,5.49,2.66
4552,力達-KY,5.41,9.09,8.02,1.8,,,,,,
4568,科際精密,6.94,4.43,,,,,,,,
6182,合晶,6.88,1.12,0,0,0,0,0,0.14,5.39,0
2115,六暉-KY,2.43,4.46,2.21,3.97,5.06,0.8,2.31,,,
5291,邑昇,2.5,0,0,2.18,10.4,4.3,,,,
3491,昇達科,3.62,5.01,5.3,6.64,6.18,3.96,4.18,2.24,8.23,4.58
2233,宇隆,5.49,5.38,4.81,3.07,6.52,5.84,2.01,6.13,2.68,
2356,英業達,6.56,7.48,6.11,6.33,8.12,7.49,3.04,2.69,9.02,6.06
3646,艾恩特,5.85,5.8,5.7,4.02,7.87,9.04,3.42,5.67,4.22,
3130,一零四,5.3,6.32,6.63,5.71,5.02,3.58,4.26,7.55,7.11,3.92
3093,港建,4.83,2.06,6.36,7.63,6.06,6.38,4.95,5.94,14.5,4.24
3663,鑫科,1.8,2.82,3.7,0,3.03,0,3.08,4,,
6282,康舒,4.14,4.76,6.29,6.22,6.8,5.09,4.89,3.4,7.9,6.5
6508,惠光,5.01,5.15,4.89,5.07,6.81,4.13,4.3,4.66,5.2,2.57
2636,台驊投控,9.11,5.33,3.49,8.2,4.64,2.09,1.35,3.14,10.1,1.58
8039,台虹,5.21,7.35,3.34,5.89,7.89,5.52,2.5,4.93,7.04,1.84
8240,華宏,3,0,0,2.84,6.05,3.05,4.94,6.26,8.42,2.52
8070,長華,9.02,8.12,6.94,5.22,4.08,4.43,3.49,0.65,16.6,3.57
1268,漢來美食,4.96,5.32,3.02,2.81,,,,,,
8415,大國鋼,8.57,2.98,4.31,3.31,2.45,2.48,0,4.62,0,
6170,統振,0,,0.96,4.69,2.81,0,0,4.36,0.67,0
8255,朋程,5.14,6.03,5.63,6.4,5.29,4.89,3.17,6.01,4.38,2.58
2382,廣達,5.52,6.45,5.65,6.3,7.55,4.8,5.76,5.85,5.65,6.02
1437,勤益控,1.98,2.78,2.85,0,0,0,0,0,1.09,0
3416,融程電,4.73,4.89,5.91,6.68,7.14,4.86,3.91,7.33,9.25,4.38
4105,東洋,5.46,5.88,3.71,3.41,2.13,2.86,1.54,0.27,0.3,1.54
6195,詩肯,7.92,9.08,5.05,7.35,10.7,6.21,3.9,9.74,4.39,0
8271,宇瞻,5.97,9.12,6.22,6.11,12.5,6.19,5.74,5.56,8.42,2.11
2064,晉椿,7.27,6.43,8.82,7.21,11.9,6,0.49,7.46,,
1234,黑松,4.92,5.01,6.36,4.64,3.83,5.29,7.14,1.56,1.98,1.6
2501,國建,10,6.02,9.12,0,7.46,5.9,5.32,7.12,4.83,2.72
1907,永豐餘,4.46,5.33,0,3.1,3.76,2.93,2.68,5.69,4.55,4.01
3050,鈺德,2.58,6.17,2.63,7.31,0,0,0,0,4.11,0
8081,致新,3.95,6.97,7.42,7.18,9.87,6.49,8.5,6.28,12.8,5.23
2743,山富,3.51,8.24,0,12.3,0.34,,,,,
3597,映興,7.83,1.35,3.94,5.37,4.72,4.89,0,4.35,0.88,0
1730,花仙子,4.78,3.53,5.33,5.25,4.76,9.34,4.1,5.63,6.06,5.13
3034,聯詠,4.02,5,6.17,8.45,7.75,3.37,4.58,3.91,7.64,5.32
1463,強盛,10.8,23.8,13.5,3.3,3.16,1.83,0,0,0,0
8114,振樺電,5.88,6.17,5.82,4.38,4.87,4.93,3.97,7.3,9.38,3.14
4755,三福化,5.41,6.67,2.71,3.28,3.11,2.58,1.66,,,
9925,新保,5.36,5.21,5.17,5.01,4.78,4.56,4.71,4.86,6.3,6.5
1326,台化,7.09,6.67,5.44,3.63,1.62,3.74,0.77,5.33,9.39,4.58
6207,雷科,9.78,6.21,4.84,11.9,7.1,2.66,2.04,3.48,7.44,2.17
4933,友輝,6.14,3.79,6.28,5.66,8.42,5.22,2.77,1.16,4.18,
00713,元大台灣高息低波,4.96,5.61,,,,,,,,
5530,龍巖,4.71,4.45,1.75,0.88,6.68,4.29,3.93,3.21,1.69,0
2495,普安,2.89,3.39,6.25,5.57,3.24,0.84,1.6,6.41,9.28,6.35
2596,綠意,9.03,9.35,12.9,5.18,12,8.99,8.22,2.79,9.2,7.35
5538,東明-KY,6.32,7.04,5.6,3.42,8.87,3.96,11.2,,,
4930,燦星網,0,0,2.32,0,26.5,0,0,1.71,6.37,0
2450,神腦,4.52,9.05,7.92,5.74,4.08,7.78,4.29,4.72,4.28,5.87
2849,安泰銀,6.29,4.63,4.51,4.12,3.19,3.75,4.03,3.73,4.01,0
3611,鼎翰,4.1,5.08,4.37,4.11,2.81,3.88,3.16,8.46,5.96,6.02
8050,廣積,4.55,6.44,8.14,5.58,6.6,8.47,6.7,8.32,8.68,4.83
2536,宏普,4.1,7.65,9.79,10.1,9.35,3.78,5.65,5.02,5,7.59
8497,格威傳媒,6.7,5,3.98,,,,,,,
00690,兆豐藍籌30,4.62,3.4,3.82,,,,,,,
4915,致伸,3.79,7.37,3.16,4.76,4.3,2.06,5.52,1.85,6.25,0
1776,展宇,5,9.74,7.62,5.29,3.4,3.6,4.66,3.33,5.37,9.3
1301,台塑,5.81,5.64,4.66,4.04,2.21,2.63,1.49,5.09,8.42,4.1
6624,萬年清,4.97,3.52,1.04,,,,,,,
2511,太子,5.78,6.37,8.3,10.5,8.51,2.36,2.85,2.42,5.56,0.82
2065,世豐,6.53,5.48,7.69,,,6.23,4,,,
00731,FH富時高息低波,4.66,5.39,,,,,,,,
4173,久裕,5.18,1.94,2.65,1.58,2.97,3.49,1.75,,,
4580,捷流閥業,2.76,,,,,,,,,
4542,科嶠,4.39,7.35,0,3.33,15.5,4.1,5.22,,,
8481,政伸,5.08,6.09,3.76,,,,,,,
4164,承業醫,4.46,3.57,2.83,4.57,3.36,3.01,3.93,3.12,,
2441,超豐,5.64,6.98,5.28,6.15,7.81,5.2,5.82,4.94,8.33,5.92
2926,誠品生活,5.91,5.91,5.59,4.8,3.2,3.57,2.69,,,
4126,太醫,4.31,3.62,3.02,2.97,3.3,3.57,4.03,3.62,3.91,0
2891,中信金,4.46,5.35,4.88,4.59,4.79,1.85,3.49,2.33,3.86,2.99
5474,聰泰,4.86,4.63,6.2,5.92,5.49,5.36,1.6,0,0,6.6
6412,群電,3.18,6.89,4.44,4.7,5.55,4.33,4.25,,,
3167,大量,8.22,6.26,2.89,5.84,5.68,5.3,6.58,10.1,11.8,3.7
2850,新產,6.87,5.21,5.26,5.97,4.64,4.02,4.99,7.39,10,10
2882,國泰金,3.53,5.32,3.74,4.15,4.32,3.19,1.45,1.59,1.83,0.97
3492,長盛,5.48,6.9,5.76,4.19,4.29,3.35,0,0,0,1.47
1210,大成,3.44,5.97,4.47,2.41,4.83,3.63,4.55,4.47,4.26,3.8
1409,新纖,7.05,4.33,2.49,2.76,4.47,3.28,3.06,3.27,4.39,1.32
5460,同協,2.48,4.9,5.31,6.96,7.96,4.07,7.02,5.83,6.39,3.84
2538,基泰,4.65,6.48,9.71,13.4,7.88,8.72,7.37,6.47,8,2.45
2832,台產,4.31,5.63,4.4,6.22,4.21,4.93,4.45,5.43,9.52,3.41
3305,昇貿,4.13,5.44,8.97,3.27,8.66,5.99,5.38,8.81,5.62,3.98
6180,橘子,10.3,0.66,0,4.08,1.66,1.32,0,2.82,4.36,2.77
2617,台航,7.32,3.68,0,1.79,4.71,3.68,2.83,6,7,5.91
2483,百容,6.27,6.99,5.31,7.58,7.03,6.24,1.44,2.84,7.28,2.88
5520,力泰,3.72,4.26,6.39,5.55,5.2,11,6.12,4.8,6.72,6.02
8032,光菱,7.86,6.91,7.55,5.24,8.21,6.79,3.36,5.7,4.39,3.03
1785,光洋科,1.78,0,0,0,4.22,3.86,5.91,2.82,6.43,3.1
6803,崑鼎,5.18,5.59,6.89,5.54,5.77,5.53,4.55,5.8,4.42,4.36
1583,程泰,5.09,4.92,1.59,0.91,5.31,3.38,4.39,5.98,2.56,1.3
3527,聚積,4.41,2.5,5.39,4.91,10.3,6.13,9.81,7.65,8.82,4.34
1264,德麥,4.95,5.41,4.26,5.46,4.37,,,,,
6190,萬泰科,5.88,3.2,3.55,0,0,0,0,3.5,3.77,2
1565,精華,5.83,4.65,2.77,3.82,3.61,4.31,2.06,3.51,4.53,2.71
6151,晉倫,6.45,9.66,9.17,8.64,5.27,3.93,4.31,4.92,9.13,2.34
8069,元太,6.7,5.44,3.12,2.08,0,0,0,13.5,6.73,0
6192,巨路,4.11,5.28,3.58,5.69,6.9,4.62,4.88,4.89,4.94,5.02
2615,萬海,3.27,3.13,2.08,7.36,11,2.88,5.16,0,7.25,0
6579,研揚,5.69,6.54,3.31,,,,,,,
6161,捷波,7.79,7.24,6.43,1.69,5.63,2.27,0,2.82,2.48,2.05
1612,宏泰,2.94,5.25,2.55,2.94,7.05,7.28,2.22,2.93,6.69,3.34
2206,三陽工業,4.69,5.09,4.83,4.83,0,0,0.92,2.54,0.61,0
8210,勤誠,4.75,6.95,6.99,5.02,6.94,4.7,7.27,7.25,7.76,5.08
1904,正隆,5.7,3.75,3.07,4.63,3.08,4.63,4.18,2.44,5.61,5.07
4904,遠傳,5.2,4.91,5.1,5.17,5.55,5.14,5.34,4.05,4.39,6.62
3708,上緯投控,5.96,2.86,1.21,,,,,,,
6219,富旺,7.45,5.8,0.86,1.07,6.09,7.61,0,0,0,0
2303,聯電,3.59,6.33,3.52,4.96,4.54,3.39,3.29,4.27,8.75,3.07
4536,拓凱,3.94,2.83,6.68,4.98,3.9,4.22,1.78,2.96,,
8930,青鋼,4.58,5.49,4.86,0,5.59,10.3,0.74,7.7,6.45,4.22
5299,杰力,4.27,3.71,0.98,1.61,7.23,3.22,6.15,,,
5469,瀚宇博,2.27,3.5,2.77,1.14,5.77,0,3.6,3.66,0,5.69
2030,彰源,8.03,7.91,1.9,0,5.45,0,0,0,0,0
6590,普鴻,4.84,3.46,7.27,,,,,,,
3581,博磊,4,6.67,4.21,6.21,3.96,3.51,0,0,0,0
6245,立端,2.92,4.53,6.38,4.69,3.75,3.33,1.8,1.67,0.5,0.56
2888,新光金,1.93,3.75,1.94,0,1.43,0.67,0.28,0,0,0
6226,光鼎,1.45,1.36,0.99,0,1.74,1.01,0,0,0,0
6024,群益期,7.87,6.36,4.88,6.81,5,6.16,3.22,8.8,0.47,1.65
3444,利機,3.23,5.01,3.3,5.18,6.27,2.99,4.52,10.2,4.78,3.44
1723,中碳,4.33,3.36,3.53,3.78,7.79,5.35,4.51,6.15,6.23,4.67
9951,皇田,4.62,6.69,3.3,2.86,3.23,4.41,1.65,6.13,7.66,1.04
00742,新光內需收益,4.76,5.12,,,,,,,,
6114,久威,4.51,3.16,5.92,4.38,0,0,0,0,0,0
6154,順發,7.22,6.69,6.06,6.06,8.08,7.09,5.63,8.83,8.4,6.07
2820,華票,5.27,5.18,5.45,6.38,6.29,6.22,6.84,13.4,7.79,8.19
2365,昆盈,2.34,3.4,0,1.88,4.26,1.69,1.63,0,2.18,10.9
2428,興勤,3.91,5.29,3.92,3.96,3.91,4.37,4.79,5.6,9.13,4.28
5515,建國,4.65,5.13,4.35,5.82,5.89,8.7,7.19,3.55,5.7,1.8
6514,芮特-KY,0.38,3.68,0.92,5.11,0,,,,,
5263,智崴,2.29,2.14,0.95,1.19,0.57,0,0.56,0,,
2474,可成,5.29,5.33,3.05,4.46,2.17,1.99,3.1,3.47,2.62,1.85
3665,貿聯-KY,3.33,3.05,2.27,3.25,3.4,4.62,2.75,5.97,14.8,
9934,成霖,7.44,9.14,4.43,7.38,3.41,1.56,0,7.36,3.63,3.12
1737,臺鹽,5.54,5.03,5.38,3.82,3.33,2.02,0.85,3.21,2.93,2.51
8358,金居,5.17,10.7,0,0,0,0,0,0,15.3,1.63
3078,僑威,5.44,7.53,6.7,6.4,7.02,3.93,1.97,3.84,3.83,0.65
3558,神準,5.35,6.87,6.23,8.5,4.43,3.51,2.28,6.02,6.67,5.71
6568,宏觀,3.33,3.55,2.87,2.01,,,,,,
5439,高技,6.85,5.23,5.93,5.38,8.38,6.62,8.47,12.2,14.2,3.72
6477,安集,3.35,2.09,0.86,1.48,2.27,,,,,
6655,科定,4.85,2.21,,,,,,,,
4190,佐登-KY,3.66,2.26,6.25,5.94,2.18,,,,,
8433,弘帆,5.15,9.14,8.45,3.59,2.7,6.52,3.95,5.14,,
4175,杏一,3.18,4.77,5.21,5.12,4.29,3.12,0.93,,,
4907,富宇,5.4,6.62,0,0,0,0,0,0,0,0
6269,台郡,4.36,6.73,4.18,5.3,2.64,3.52,2.07,1.92,2.17,2.81
4973,廣穎,4.66,6.67,9.4,5.92,8.94,11.2,9.11,4.93,,
8349,恒耀,7.17,6.86,4.41,5.13,4.76,2.48,1.18,4.36,4.84,0
1323,永裕,5.29,3.69,4.66,4.59,7.36,2.98,1.77,5.59,8.65,3.38
5876,上海商銀,3.85,5.01,4.46,5.56,4.84,,,,,
3556,禾瑞亞,6.7,10.3,6.99,7.47,8.25,10.6,2.34,7.07,3.89,2.21
2752,豆府,4.41,,,,,,,,,
8111,立碁,4.74,0,0,0,0,0,0,0,2.01,0
6261,久元,5.7,10.2,5.39,7.08,9.6,5.99,7.7,8.01,8.37,3.55
8499,鼎炫-KY,4.63,5.63,3.37,,,,,,,
3293,鈊象,2.82,7.59,6.39,2.26,2.18,1.32,9.48,9.78,4.68,6.91
2881,富邦金,4.31,4.89,3.94,3.92,6.67,2.96,2.29,2.85,3.12,4.99
3004,豐達科,2.84,3.34,2.96,3.65,0,1.94,2.63,0.47,0,0
6527,明達醫,2.2,2.12,3.77,2.76,0.71,,,,,
2851,中再保,4.53,5.87,2.86,4.71,8.08,7.45,3.47,0,8,7.81
6462,神盾,3.42,2.13,0,0,0,,,,,
2892,第一金,4.22,4.5,6.14,5.52,4.58,2.68,2.43,2.26,1.69,1.86
2353,宏碁,4.31,3.6,2.07,3.82,0,0,0,0,10.4,3.44
1319,東陽,3.64,5.56,3.68,2.2,1.83,3,0.78,1.15,1.23,3.37
6435,大中,5.61,3.04,2.82,8.29,7.22,5.99,,,,
4721,美琪瑪,4.02,3.11,1.42,4.55,5.34,3.93,3.6,7.17,9.59,1.94
1339,昭輝,3.7,5.81,4.73,5.36,3.27,1.46,3,4.75,,
2340,光磊,1.94,7.44,5.56,7.17,7.46,4.48,3.54,4.99,8.85,1.2
6227,茂綸,6.52,4.98,4.96,4.68,5.34,2.56,3.89,4.42,8,5.35
1530,亞崴,6.62,4.24,2.19,1.77,6.94,4.83,4.36,4.9,3.76,1.43
5209,新鼎,5.81,6.93,5.39,6.09,6.16,7.75,8.1,8.77,7.68,3.95
3114,好德,4.97,2.18,3.05,7.73,6.32,3.46,4.18,3.24,1.64,1.53
3709,鑫聯大投控,3.1,4.43,,,,,,,,
4155,訊映,6.73,6.12,4.1,5.26,0.57,1.12,0.61,3.69,1.64,
8916A,光隆甲特,0.15,,,,,,,,,
9940,信義,4.15,8.5,2.57,2.18,3.65,7.1,2.8,4.71,8.04,4.03
9905,大華,4.08,7.01,5.96,6.28,7.07,6.54,5.46,5.37,4.97,3.64
6016,康和證,0,3.26,0,3.13,0,0,0,0,0,0
8299,群聯,3.82,7.46,4.79,4.7,4.82,4.67,4.2,3.63,2.38,3.07
00733,富邦臺灣中小,4.58,,,,,,,,,
1726,永記,4.98,4.96,4.94,4.75,5.39,5.15,4.47,4.3,5.83,5.66
4506,崇友,4.23,5.46,3.96,4.86,6.13,5.03,4.12,5.88,7.17,3.31
1813,寶利徠,7.38,5.24,4.82,8.53,3.65,5.97,5.61,2.72,5.66,2.45
6121,新普,3.8,4.81,3.6,7.53,6.67,4.32,4.92,4.11,3.11,2.36
5284,jpp-KY,5.37,5.98,3.99,5.45,3.41,3.37,,,,
6104,創惟,6.51,4.11,8.24,7.52,8.35,0,0,0,0,0
5212,凌網,4.38,3.16,2.78,4.39,1.3,0,3.04,2.68,1.69,0
2640,大車隊,4.32,5.98,3.37,6.83,7.59,3.63,1.94,1.67,,
1539,巨庭,9.02,4.58,5.99,4.21,3.02,0,0,0,0,0
2354,鴻準,4.83,5.95,4.46,3.52,3.59,1.17,1.44,1.1,1.04,0.68
2643,捷迅,4.96,6.69,7.19,5.41,3.57,,,,,
1259,安心,3.9,5.4,3.36,3.66,3.16,2.71,3.42,2.42,1.27,
5609,中菲行,5.34,6.04,9.52,4.96,6.32,2.98,3.35,5.54,7.23,1.96
6670,復盛應用,6.13,5.33,,,,,,,,
9917,中保科,4.5,4.52,3.82,4.51,4.1,4.22,4.55,5.09,5.7,5.42
5016,松和,8.68,8.43,7.18,3.58,8.15,5.37,4.13,10.6,5,0.71
8473,山林水,5.17,5.34,5.18,4.6,,,,,,
6239,力成,4.81,6.81,4.55,4.02,4.6,3.69,6.59,4.37,6.24,3.61
1560,中砂,5.08,6.03,3.45,5.75,8.02,5.04,3.67,6.58,4.55,0.84
1717,長興,3.38,2.13,4.87,4.55,5.69,4.35,3.79,3.98,6.37,6.47
3264,欣銓,5.19,6.34,3.33,5.44,6.71,4.19,5.02,6.24,10.6,3.97
2905,三商,2.31,4.48,2.77,2.63,2.85,3.47,4.74,1.5,2.06,2.03
3094,聯傑,4.29,4.89,4.24,5.48,4.24,3.08,4.71,3.6,6.29,2.73
6205,詮欣,5.81,5.47,6.43,6.83,8.37,4.44,4.86,2.45,3.81,6.11
4543,萬在,5.44,1.63,2.1,3.95,2.5,,,,,
2809,京城銀,4.48,5.2,4.03,1.77,6.41,4.57,5.28,0,0,0
5464,霖宏,6.67,0,3.15,9.9,12.8,8.48,2.51,11.1,5,6.92
8284,三竹,4.12,3.79,0,0.79,2.79,2.95,2.3,2.02,,
9902,台火,2.86,0,0,2.08,0,0,0,0,0,0
9937,全國,4.44,4.96,5.08,3.52,3.34,3.34,4.45,10.1,12.9,4.25
5347,世界,4.04,5.04,4.55,4.63,6.07,3.36,2.75,3.11,5.68,2.71
3217,優群,4.44,8.51,6.26,4.69,9.81,6.58,5.73,4.57,14.7,6.63
3705,永信,5.13,5.08,3.76,5.48,4.15,3.65,3.29,4.91,4.42,
9930,中聯資源,3.98,2,4.75,6.62,7.02,4.68,4.59,6.17,6.35,7.87
5489,彩富,6.07,3.97,4.85,7.79,7.77,5.71,3.78,3.02,8.73,4.48
8926,台汽電,5.02,5.19,4.49,5.83,6.91,4.9,6.9,7.94,3.68,5.46
5607,遠雄港,1.54,1.1,0,0,0,0,0,0,0,0
4401,東隆興,4.91,7.81,5.01,4.31,3.7,4.61,2.03,8.13,9.3,4.02
1524,耿鼎,5.03,4.48,4.22,0,0,0,0,0,0,0
2816,旺旺保,3.97,3.7,0,0.66,7.72,0,0,0,0,0
1615,大山,7.56,5.7,4.73,2.94,3.06,2.59,3.94,4.65,11.1,6.71
3052,夆典,0,8.16,3.45,6.13,3.96,8.2,2.15,8.38,7.42,5.84
3002,歐格,0,2.59,3.85,3.3,7.62,7.07,3.46,2.83,6.39,10.4
3325,旭品,0,0,3.7,0.55,0,0,0,0,3.21,2.08
8480,泰昇-KY,3.87,3.16,4.76,,,,,,,
6220,岳豐,7.86,9,4.38,2.08,3.82,0,0,2.48,2.25,7.04
4528,江興鍛,4.29,4.51,2.11,4.43,2.71,1.89,1.55,5.48,4.36,1.4
1702,南僑,5.3,5.76,4.41,4.26,3.09,3.62,2.2,1.9,6.09,0
2352,佳世達,3.99,6.85,6.24,3.65,5.48,0,0,0,8.01,0
3042,晶技,4.23,7.72,7.04,6.13,6.97,5.74,6.09,4.6,7.2,3.58
8016,矽創,2.99,5.47,7.18,4.88,4.82,3.69,5.43,5.16,7.01,3.11
9904,寶成,3.83,6.13,3.89,3.73,3.48,2.6,3.37,4.26,4.83,5.57
9938,百和,3.08,6.09,2.48,2.1,2.75,3.5,2.78,1.71,12.8,1.51
6203,海韻電,6.49,3.95,6.86,6.43,11.3,6.11,6.25,8.19,11.4,5.75
2542,興富發,9.72,7.78,11.8,13.2,10.6,3.13,4.76,5.49,14,7.7
2887,台新金,3.51,4.15,3.79,4.09,0.88,3.26,1.52,1.94,2.19,0
00730,富邦臺灣優質高息,4.05,5.64,,,,,,,,
2484,希華,6.84,5.52,5.67,6.54,5.35,2.75,0,0,2.5,0
9941,裕融,4.8,6.51,4.37,6.12,6.92,6.22,3.79,3.04,5.47,4.51
8921,沈氏,2.58,2.02,6.12,5.05,6.64,5.81,4.71,4.23,6.43,4.32
00855B,富邦全球能源債,,,,,,,,,,
6179,亞通,4.76,5.76,6.41,5.21,0.56,0,0,0,0,0
1722,台肥,4.44,4.86,5.48,5.23,5.11,3.58,4,3.03,3.12,1.28
6432,今展科,4.61,0.86,5.05,10.1,3.83,,,,,
6642,富致,7.29,5.23,,,,,,,,
1733,五鼎,2.99,5.05,4.7,5.43,5.32,5.65,6.62,6.65,6.95,4.52
1233,天仁,4.74,5.91,4.44,5.44,5.83,4.88,4.9,5.02,4.45,3.78
2393,億光,4.32,10.1,6.67,6.5,8.35,4.15,1.75,6.56,6.83,4.73
6194,育富,2.88,4.69,3.94,4.82,3.84,6.23,5.97,10,9.69,11.2
5007,三星,5.26,5.56,4.24,3.64,3.88,2.66,2.86,7.56,4.62,2.95
2231,為升,3.08,3.1,3.1,3.57,2.04,2,3.05,2.86,11,1.09
4116,明基醫,3.63,3.59,1.91,3.95,0.8,1.58,2.56,2.38,6.06,1.6
2379,瑞昱,2.98,3.85,4.59,3.92,7.62,4.72,4.25,3.75,5.64,5.53
3045,台灣大,4.95,5.26,5.21,5.38,5.6,5.36,5.71,4.82,4.41,7.21
2107,厚生,3.61,4.17,3.41,5.41,16.9,6.06,6.42,7.68,14.4,3.64
2729,瓦城,4.97,5.5,5.04,4.82,4.29,3.2,2.8,2.67,,
3543,州巧,2.56,3.57,3.43,3.55,1.99,1.99,5.84,4.41,12.8,12.1
2838A,聯邦銀甲特,4.38,0.85,,,,,,,,
8367,建新國際,3.51,4.15,,,,,,,,
2359,所羅門,4.98,5.51,4.32,6.67,6.58,0,0,0,3.02,0
2845,遠東銀,3.77,4.39,4.4,4.4,4.09,2.38,1.85,2.15,2.22,0.68
6155,鈞寶,3.4,2.24,4.3,6.29,6.82,6.71,5.67,5.67,6.58,7.33
2481,強茂,1.81,0,3.33,5.43,1.34,0,0,0,8.24,0
1513,中興電,4.12,5.18,4.49,5.17,7.1,3.94,4.42,6.43,6.51,5.59
4766,南寶,3.32,5.43,,,,,,,,
4767,誠泰科技,4.98,6.82,,,,,,,,
1731,美吾華,3.76,4.86,3.96,3.65,4.38,2.69,2.33,2.16,4.07,1.49
4711,永純,3.51,7.64,8.26,3.25,4.98,7.25,4.31,6.51,9.03,7.8
2887E,台新戊特,4.29,4.46,0.05,,,,,,,
3583,辛耘,3.83,3.97,2.39,1.67,2.05,4.84,2.67,,,
2739,寒舍,3.97,3.35,5.49,3.7,3.61,,,,,
6126,信音,2.1,3.24,0,0,0,3.92,10.6,6.85,7.09,3.92
4927,泰鼎-KY,5.35,0,3.88,8.26,6.77,4.18,7.61,6.26,3.97,
4953,緯軟,1.61,0.75,4.06,4.64,7.13,1.17,0,0,0,
2239,英利-KY,4.69,3.47,3.11,2.15,,,,,,
1525,江申,3.2,4.3,2.49,1.25,1.81,2.58,1.72,3.7,3.85,2.73
4744,皇將,4.43,2.38,6.06,0.54,0,0,0,0,0,5.48
6581,鋼聯,5.99,4.42,2.31,,,,,,,
2066,世德,4.27,3.77,5.18,5.41,5.39,4.37,1.43,2.34,,
3622,洋華,2.25,1.94,0,0,0,0,1.57,0.84,8.82,3.59
1232,大統益,4.13,5.1,5.54,5.95,6.67,5.42,4.54,5.81,7.4,5.92
1906,寶隆,3.53,6.8,5.13,0.87,0,0,0,0,0,0
6716,應廣,5.5,,,,,,,,,
5880,合庫金,3.61,4.25,4.52,2.14,3.64,3.07,2.45,3.06,,
3297,杭特,0,3.65,2.06,4.7,10.4,11.6,3.14,3,4.85,4.43
3703,欣陸,6.77,4.26,3.08,4.78,0,4.18,4.65,4.37,5.48,
2032,新鋼,1.41,1.1,4,1.93,2.96,6.7,0,0.84,4.07,1.09
3550,聯穎,6.87,9.32,6.49,6.73,8.44,5.97,2.86,4.13,22.2,6.02
5220,萬達光電,10.3,8.18,7.58,4.39,8.71,,,,,
8401,白紗科,7.38,10.6,2.47,5.99,9.53,0,1.91,1.92,9.63,3.17
4747,強生,4.23,4.63,4.9,4.83,5.06,1.55,1.27,1.92,2.64,
1304,台聚,2.17,2.52,3.05,3.15,3.08,3.43,4.83,4.3,4.11,2.74
6183,關貿,4.5,4.59,3.91,4.68,4.21,3.82,3.2,4.24,5.89,3.65
2383,台光電,2.77,7.31,4.63,4.77,4.34,4.4,7.18,6.25,9.24,2.26
1457,宜進,8.36,5.45,3.55,5.97,2.5,1.2,0,0,2.45,0
6229,研通,5.96,3.71,3.9,0.3,7.09,5.88,0.79,4.39,11,2.19
2634,漢翔,3.73,3.68,2.7,3.56,2.29,0,,,,
8028,昇陽半導體,2.16,4.11,4.48,7.5,4.31,,,,,
8410,森田,6.41,6.43,3.84,1.21,11.2,4.42,4.59,5.33,2.8,2.81
5388,中磊,3.21,5.84,4.96,5,3.45,3.8,5.34,5.67,4.72,3.52
0055,元大MSCI金融,3.68,3.93,3.08,3.11,3.46,2.74,2.47,2.19,2.84,2.79
2355,敬鵬,1.56,6.24,5.51,4.28,4.16,5.14,4.42,5.11,6.39,5.98
912000,晨訊科-DR,3.81,18.2,2.57,0,,,,3.52,3.9,
1724,台硝,3.86,4.63,7.04,5.99,1.32,1.17,6.64,9.22,1.05,1.4
2897A,王道銀甲特,0.36,,,,,,,,,
5871,中租-KY,3.04,3.92,3.93,5.63,4.92,2.54,2.55,3.45,4.32,
2351,順德,4.31,3.63,2.91,4.83,7.96,4.08,2.45,1.52,9.92,2.93
4535,至興,4.14,6.9,5.37,5.15,5.71,4.54,4.59,6.46,6.47,4.55
5820,日盛金,6.18,5.97,0.95,1.56,1.98,1.12,1.51,0.89,1.11,0
4566,時碩工業,3.91,2.99,,,,,,,,
2377,微星,5.77,5.89,5.87,4.76,6.39,5.87,4.55,7.51,4.08,2.92
5289,宜鼎,3.47,5.55,3.17,5.19,4.88,3.42,4.46,,,
6662,樂斯科,4.85,,,,,,,,,
8054,安國,7.09,5.75,3.94,5.38,7.03,6.88,5.28,9.73,6.36,3.39
1227,佳格,3.59,4.02,2.16,2.09,1.95,2.29,2.15,3.02,2.72,2.64
8103,瀚荃,3.7,4.14,5.73,1.09,11.8,3.21,7.69,7.87,10.4,4.55
3306,鼎天,2.41,2.98,2.34,3.83,6.06,4.96,3.4,8.17,7.17,3.36
9926,新海,3.6,4,3.94,3.13,2.86,2.86,3.01,2.93,3.42,3.87
3354,律勝,3.06,2.22,0.31,2.5,7.86,2.52,2.09,6.73,5.38,0
8071,能率網通,2.97,1.32,1.1,1.9,0.82,5.91,3.23,8.57,2.34,0
1470,大統新創,1.92,2.86,3.1,3.16,3.23,1.62,0,1.6,1.47,0
6697,東捷資訊,3.71,,,,,,,,,
3128,昇銳,3.79,2.86,2.73,0,0,0,0,11.7,0,7.26
1515,力山,2.8,1.68,0.97,3.32,0,4.67,0,0,0,0
8464,億豐,3.61,4.24,3.14,2.43,0,,,,,
2726,雅茗-KY,4.66,8.15,3.22,2.21,3.12,3.68,,,,
2327,國巨,10.3,4.66,0.85,3.41,7.52,0.2,0,0,1.28,1.04
2338,光罩,2.42,0,0,3.47,5.56,5.88,3.63,9.91,6.55,2.11
2885,元大金,4.46,3.6,3.24,3.01,5.09,4.22,3.09,1.34,0,4.13
5215,科嘉-KY,3.99,3.47,11.4,10.6,7.36,2.24,6.12,7.04,7.89,
4420,光明,7.99,3.48,4.65,5.52,2.62,3.68,3.91,7.46,9.32,4.81
2419,仲琦,2.91,6.38,8.25,3.71,3.22,2.56,7.74,8.6,10.4,3.26
4958,臻鼎-KY,3.12,4.11,3.36,7.05,4.84,3.53,2.79,1.4,0,
8446,華研,8.5,5.81,4.93,3.85,1.83,1.87,0.44,,,
4119,旭富,3.85,3.04,7.3,5.02,3.35,2.9,4.4,2.19,5.21,3.95
8354,冠好,3.17,2.69,2.6,4.06,5.33,2.38,2.28,3.31,1.05,0
1605,華新,7.79,5.97,3.98,1.78,0,0,0,0,4.59,0
3289,宜特,0,2.24,1.71,4.78,2.1,1.26,3.46,1.16,1.33,0
3312,弘憶股,3.67,0,0,0,0,0,0,10.1,4.61,9.25
5543,崇佑-KY,2.46,4.47,4.57,3.93,,,,,,
6285,啟碁,4.64,4.63,4.29,4.29,3.08,4.48,2.84,7.15,7.07,2.57
5425,台半,5.6,5.83,3.62,7.09,5.8,3.77,1.74,7.52,8.28,1.73
3548,兆利,4.72,5.16,6.91,2.09,3.6,2.6,3.99,0.67,6.02,3.65
6609,瀧澤科,7.82,3.66,2.25,6.73,7.78,3.35,2.02,6.69,4.53,2.29
1777,生泰,3.98,2.23,4.86,3.6,3.45,2.84,2.34,2.12,5.58,2.99
2468,華經,4,3.69,4.44,4.72,4.85,2.34,0.91,5.08,7.05,4.64
3551,世禾,2.99,3.73,2.46,6.71,7.26,4.24,3.04,5.35,5.47,5.09
8437,大地-KY,3.43,3.48,2.52,2.47,2.48,,,,,
910322,康師傅-DR,3.88,1.81,0.88,1.93,2.41,1.56,1.13,1.38,1.36,1.42
3033,威健,5.73,6.99,5.56,8.8,10.2,8.66,6.54,11.9,10.7,6.47
6680,鑫創電子,4.1,2.94,,,,,,,,
3499,環天科,2.26,2.42,0,0,0,0,0,0,0,0
9918,欣天然,3.39,3.58,3.57,3.77,3.34,3.67,3.6,3.88,4.64,2.6
00728,第一金工業30,5.14,,,,,,,,,
3587,閎康,3.68,4.31,4.33,3.6,6.68,6.22,4.69,4.4,5.76,0
0053,元大電子,3.56,3.61,3.26,3.41,3.46,3.11,3.09,2.4,4.86,3.67
6556,勝品,2.58,8.68,4.17,,,,,,,
1507,永大,2.8,3.38,4.99,6.02,6.32,3.15,2.69,4.11,4.39,3.42
1519,華城,1.03,2.12,3.84,3.35,3.91,2.04,1.37,4.22,7.72,4.27
2402,毅嘉,3.02,0,0,0,13.2,1.9,3.08,0,0,4.62
6582,申豐,6.24,7.2,4.23,,,,,,,
6615,慧智,2.82,1.88,,,,,,,,
1735,日勝化,0.85,3.26,2.6,8.1,5.04,4.41,4.78,2.19,4.59,7.19
4541,晟田,4.08,1.14,1.04,3.37,3.61,1.72,,,,
1618,合機,3.21,3.51,3.24,4.22,2.78,0,5.03,4.31,3.37,0
6592,和潤企業,3.71,3,,,,,,,,
2421,建準,4.22,6.2,3.82,5.47,6.76,5.04,5.15,8.66,7.58,3.52
4183,福永生技,3.57,2.08,1.92,1.6,0,0.73,3.35,,,
5306,桂盟,4.21,4.62,2.5,2.2,1.16,0.97,0.2,0,0,0
5102,富強,5.18,6.67,4.22,5,4.81,3.62,4.73,4.7,2.92,0
1231,聯華食,4.3,3.81,5.16,4.24,3.19,3.16,3.11,3.28,3.13,2.5
1229,聯華,4.33,6.07,4.37,5.44,7.37,4.89,5.15,5.28,6.84,3.41
6288,聯嘉,2.1,1.4,2.04,2.15,0,2.53,0,1.97,1.29,
6442,光聖,3.95,5.33,7.82,6.36,2.9,,,,,
3537,堡達,7.27,7.05,4.9,5.74,6.28,7.55,4.29,6.09,5.56,3.16
9946,三發地產,1.11,4.82,3.92,9.43,0,11.5,6.99,0,0,0
1587,吉茂,0.68,1.7,3.82,4.35,5.71,4.96,2.07,5.28,4.44,
4163,鐿鈦,3.37,2.65,5.5,2.96,4.02,2.94,2.24,1.5,,
3546,宇峻,4.2,4.77,2.82,0,1.31,2.61,5.81,0.7,12.4,2.8
2908,特力,6.15,5.33,4.72,4.73,5.42,4.74,4.86,3.67,3.2,1.13
1240,茂生農經,2.84,4.2,,,,,,,,
6213,聯茂,2.98,6.2,3.83,4.8,5.52,9.17,8.03,5.06,7.5,3.39
6594,展匯科,3.54,3.12,4.73,,,,,,,
2412,中華電,4.07,4.24,4.66,5.4,4.9,4.81,5.75,5.78,5.52,5.48
4763,材料-KY,3.24,3.68,2.88,4.24,0,,,,,
1752,南光,2.86,5.19,4.33,2.86,1.02,0.83,0.87,0.48,0,0.58
1709,和益,3.87,10.1,8.29,6.96,3.99,4.88,2.1,4.92,2.52,0
9941A,裕融甲特,0.78,,,,,,,,,
2881A,富邦特,3.76,3.79,2.68,,,,,,,
6570,維田,4.65,3.7,4.19,,,,,,,
3040,遠見,6.86,29.8,10.5,7.92,9.79,3.17,1.1,2.79,3.11,2
006208,富邦台50,3.36,6.37,5.68,0.11,2.44,3.22,1.91,6.01,,
3118,進階,3.7,6.71,5.86,7.26,5.12,5.09,4.62,4.94,5.41,3.11
1218,泰山,3.62,2.11,0,0,0,0,0,1.25,2.49,1.08
3266,昇陽,3.27,0,0,0,8.44,0,0,3.18,5.39,0
8931,大汽電,2.35,3.71,3.85,1.84,2.38,4.55,4.12,4.15,7.35,6.71
4735,豪展,4.9,5.83,3.98,3.44,1.09,0,0,0,2.62,
6191,精成科,1.75,4.76,2.96,0,0,0,0,5.93,1.81,2.95
1535,中宇,3.13,4.21,4.22,6.54,7.58,5.13,4.91,5.29,5.97,5.37
3272,東碩,3.11,3.83,2.78,3.5,7.27,1.6,0.29,0,0,0
1476,儒鴻,2.73,2.73,3.53,3.11,1.76,2.18,1.49,2.82,4.36,2.6
6418,詠昇,6.53,4.03,6.79,5.52,3.17,1.86,8.85,,,
8467,波力-KY,3.76,4.03,4.82,6.28,2.73,,,,,
1720,生達,4.45,5.08,4.18,4.6,2.61,6.65,2.59,3.68,2.17,4.95
1477,聚陽,4.51,3.53,5.37,7.67,3.3,4.55,3.82,6.7,6.52,7.55
2027,大成鋼,9.36,1.9,2.32,2.84,4.39,2.88,1.42,7.87,0,1.53
4706,大恭,5.35,5.98,6.12,3.8,6.69,6.25,5.56,6.78,7.69,4.12
3290,東浦,6.02,1.6,1.97,6.29,3.65,8.06,0,3.79,3.16,2.03
4961,天鈺,3.46,1.24,4.42,3.97,1.62,0.82,0,2.1,3.65,
9908,大台北,3.51,3.81,3.75,4.12,4.26,4.36,4.44,4.77,5.54,4.3
5471,松翰,6.35,5.04,4.92,6.88,8.89,6.9,7.06,8.22,11.5,5.97
5438,東友,7.69,10.7,7.23,9.06,7.66,4.07,2.19,5.45,11.8,6.06
3257,虹冠電,6.84,1.09,1.36,1.79,5.69,3.1,1.81,5.51,3.33,
1701,中化,4.16,3.31,3.22,3.3,3.04,2.45,2.13,2.42,4.11,2.44
00660,元大歐洲50,2.84,,,,,,,,,
2545,皇翔,4.5,5.87,14.9,3.01,16.4,8.27,14,4.06,3.27,2.57
8488,吉源-KY,2.98,7.06,6.16,1.14,,,,,,
2887F,台新戊特二,0.31,,,,,,,,,
00692,富邦公司治理,3.27,4.27,5.48,,,,,,,
1503,士電,3.31,3.17,2.91,3.7,3.61,3.54,2.63,3.33,3.75,3
1595,川寶,6.31,8.79,2.41,6.76,7.46,4.23,5.12,7.53,5.45,
2308,台達電,3.3,3.86,3.48,3.13,4.31,3.08,3.11,3.28,7.22,2.95
3023,信邦,3.61,4.83,4.29,4.41,4.48,5.64,5.01,6.37,8.9,4.33
1314,中石化,5.1,0,0,0,0,0,3.68,9.72,3.71,0
3390,旭軟,4.74,4.72,4.27,5.23,14,11.2,10.7,8.82,4.17,2.25
6187,萬潤,7.49,7.29,4.67,3.81,4.07,2.93,0,0,0,2.44
2367,燿華,1.19,2.2,0,7.67,5.41,3.03,0,6.9,1.27,0
3188,鑫龍騰,2.79,0,0,0,0,0,0,0,0,0
4111,濟生,2.41,3.33,3.29,2.7,1.58,1.51,1.33,1.25,1.97,1.04
2472,立隆電,5.23,5.5,3.9,6.41,5.75,5.21,2.97,5.86,4.33,0
2376,技嘉,6.04,9.95,4.81,5.8,7.41,8.11,5.56,7.69,11.8,8.15
8423,保綠-KY,4.84,2.17,1.19,2.78,2.2,1.98,1.54,0.73,,
006203,元大MSCI台灣,2.75,3.33,2.62,0.92,3.49,2.34,2.99,2.68,3.38,
1225,福懋油,3.31,1.61,1.88,2.08,0.97,1.13,3.62,2.32,3.19,0
2882A,國泰特,3.55,3.58,0.24,,,,,,,
3144,新揚科,2.75,4.82,2.46,4.83,10.1,5.51,0.6,0,0,0
8234,新漢,2.6,2.85,4.57,3.78,6.62,1.09,2.22,4.04,4.63,1.85
4716,大立,2.83,0.75,0.84,2.21,2.69,1.81,1.7,1.77,1.22,0.39
6122,擎邦,0,0,0,0,0,0,6.99,7.87,6.9,7.04
6569,醫揚,4.14,5,4.4,2.79,,,,,,
2608,嘉里大榮,3.98,4.51,3.92,3.86,3.88,3.63,2.37,1.84,2.25,1.78
1203,味王,3.7,5,3.97,4.35,4.37,4.2,1.2,2.49,2.56,2.35
2337,旺宏,3.23,5.45,0,0,0,0,0,4.38,14,7.28
2605,新興,1.19,3.76,3.31,5.13,4.96,4.31,4.4,5.79,9.84,8.5
3454,晶睿,2.73,4.25,4.91,5.36,5.18,6.7,3.26,5.54,3.34,1.46
3540,曜越,5.95,4.92,3.34,1.6,5.47,3.61,7.72,8.51,0,5.13
0051,元大中型100,3.41,3.53,2.68,2.73,3.43,2.49,2.69,2.91,3.8,2.8
1303,南亞,6.87,6.75,5.78,4.63,3.77,2.9,0.44,3.75,7.82,2.61
5452,佶優,2.81,0,1.63,2,1.56,1.76,1.28,2.69,2.4,2.19
3360,尚立,2.12,2.4,7.57,5.97,7.46,0,2.82,0,5.43,2.8
6133,金橋,3.05,2.91,1.93,4.33,3.68,2.88,0,0,0,0
3131,弘塑,2.87,9.48,5.75,6.4,3.36,7.67,4.59,4.29,9.94,2.82
6451,訊芯-KY,1.44,1.19,3.86,5.91,6.07,,,,,
4120,友華,3.24,4.8,2.28,2.9,2.68,2.39,2.18,2.48,2.01,0.9
1529,樂士,1.13,0,0,0,0,0,0,0,0,0
1504,東元,3.44,4.93,3.09,2.87,4.18,3.65,2.93,4.04,4.48,2.82
2456,奇力新,6.24,2.48,4.06,4.51,3.7,0.58,0.68,2.45,9.49,1.76
2427,三商電,3.77,2.26,1.99,1.4,3.97,0,0,4.02,0,0
5223,安力-KY,5.82,4.82,,,,,,,,
0050,元大台灣50,3.09,3.84,2.92,1.18,3.29,2.32,2.3,3.44,3.91,3.58
8436,大江,2.44,0.52,0.7,0.89,0.81,1.2,0.26,,,
4745,合富-KY,0.72,0.5,5.13,5.22,6.34,3.88,3.33,1,1.02,0.93
6464,台數科,4.83,4.39,1.67,5.3,4.62,,,,,
8182,加高,3.67,5.97,3.35,5.02,6.18,3.28,2.06,6.11,9.13,3.86
6552,易華電,2.48,0.28,2.12,0.81,,,,,,
3017,奇鋐,2.4,5.15,3.7,3.98,3.48,1.63,0.99,3.21,6.41,5.79
1216,統一,3.37,7.88,3.18,3.75,2.55,2.99,2.61,1.88,3.16,1.85
2706,第一店,2.88,1.94,1.29,1.1,0.96,0.69,0.78,0.55,0.53,0.38
6279,胡連,4.46,9.74,3.93,3.9,4.24,5.45,3.66,6.13,7.26,4.84
6196,帆宣,3.5,5.19,5.32,7.08,7.89,4.61,5.62,5.81,5.33,1.67
1308,亞聚,1.9,1.53,3.11,3.15,1.74,4.14,3.83,3.89,4.88,1.27
3049,和鑫,0,0,0,0,0,0,0,0,0,0
6274,台燿,2.97,3.55,2.5,4.31,5.95,4.5,3.51,4.1,8.93,1.23
2701,萬企,3,1.94,1.87,1.48,1.08,0.79,0.87,0.7,0.78,0.53
8222,寶一,2.69,1.81,3.66,3.26,2.3,2.46,,,,
2891B,中信金乙特,3.4,0.07,,,,,,,,
2633,台灣高鐵,2.92,2.45,2.55,3.19,0,0,0,0,0,0
1808,潤隆,12.7,6.5,11.8,15.5,15.8,1.03,9.26,14.1,5.05,0.75
2612,中航,5.38,1.61,1.74,0.76,6.21,4.37,2.47,5.19,7.79,8.82
1707,葡萄王,3.33,3.5,3.08,2.99,2.9,3.94,2.47,3.76,6.78,4.37
3466,致振,0,0,3.28,2.91,6.8,3.8,3.4,7.94,4.81,6.67
1514,亞力,3.91,3.8,4.22,4.99,5.49,3.28,4.85,4.12,4.14,1.29
006201,元大富櫃50,3.17,2.79,2.41,2.27,2.23,2,2.53,2.47,2.67,
3323,加百裕,6.74,6.12,2.55,5.89,5.62,2.08,6.62,5.35,9.55,4.48
2903,遠百,3.26,6.37,4.67,6.25,5.48,4.08,2.71,3.32,2.8,1.54
3363,上詮,4.29,3.43,1.61,0,1.77,3.59,5.37,4.17,1.97,1.19
6405,悅城,3.33,3.4,0.85,0,9.95,5.64,2.3,,,
2881B,富邦金乙特,2.68,,,,,,,,,
5478,智冠,2.64,3.01,2.85,2.36,3.59,1.79,2.08,4.47,12.1,4.41
2882B,國泰金乙特,1.71,,,,,,,,,
3164,景岳,6.02,0,0,0,0,0,1.18,2.16,5.63,1.16
2013,中鋼構,1.87,0.91,1.32,2.34,4.13,5.43,5.97,6.51,5.61,4.15
6449,鈺邦,2.47,6.04,3.13,5.21,5.52,1.87,,,,
1708,東鹼,1.97,3.94,1.69,1.88,4.67,1.26,1.56,4.5,4.7,4.22
2031,新光鋼,4.76,6.36,6.43,2.78,7.81,5.51,2.57,4.66,11.2,1.85
4205,中華食,3.13,4.44,2.36,4,3.85,5.26,2.54,5.48,6.97,3.39
0054,元大台商50,3.05,3.85,3.13,3.31,3.49,2.69,2.33,3.38,5.6,3.03
2069,運錩,13.3,6.38,6.67,2.52,,,,,,
4433,興采,2.41,1.78,5.01,4.13,2.33,3.2,,,,
5704,老爺知,2.09,1.36,0,3.88,4.72,2.69,9.76,3.51,1.63,0.82
5487,通泰,2.06,5.28,7.75,7.26,9.85,8.52,9.43,4.31,7.6,6.94
6591,動力-KY,2.45,4.9,1.52,,,,,,,
5206,坤悅,3.88,5.24,5.18,6.27,0,0,0,0,0,0
6173,信昌電,6.05,2.5,0.78,2.28,3.91,0,0,0,2.88,1.61
2642,宅配通,1.96,4.81,1.55,2.41,3.83,2.99,0.93,,,
1410,南染,3.98,5.86,6.18,5.32,4.96,3.47,5.18,3.67,0.99,0
6496,科懋,11.2,9.84,5.41,2.17,1.84,,,,,
6217,中探針,1.81,8.47,5.03,6.66,3.92,1.46,1.83,0.28,0.38,0
4207,環泰,3,6.69,0,0,2.24,4.49,5.61,0,0,0
1568,倉佑,3.37,3.83,3.38,3.03,2.44,1.68,2.47,0,0,0
6276,安鈦克,0,0,0,0,8.41,4.72,3.28,0,0,0
3588,通嘉,2.51,2.42,5.69,4.12,6.72,4.57,5.63,4.93,8.38,2.69
3711,日月光投控,3,4.29,,,,,,,,
5533,皇鼎,4.4,4.4,4.08,3.12,3.53,2.48,2.62,2.61,3.37,2.27
6456,GIS-KY,3.54,10,2.01,3.28,1.81,,,,,
6509,聚和,3.24,2.14,2.4,3.37,2.06,2.28,1.5,0.55,0.76,1.83
1454,台富,2.56,2.4,3.54,5.87,4.28,3.12,2.4,6.83,0,0
1713,國化,3.93,2.32,3.43,2.75,3.57,2.83,2.35,2.42,3.75,0.87
1532,勤美,8.61,3.87,5.99,6.58,5.71,9.9,2.44,1.44,6.3,5.99
2010,春源,5.52,4.95,6.11,4.29,5.75,10.4,4.37,5.17,5.15,3.65
2070,精湛,6.06,4.21,2.08,,,,,,,
6505,台塑化,4.92,5.78,5.19,3.57,1.08,3.64,0.32,2.33,4.16,3.84
4919,新唐,5.35,6.3,3.75,4.65,3.9,4.21,6.59,5.35,14.2,3.1
3535,晶彩科,0,0,0,0,0,0,0,0,15,0
3625,西勝,4.27,4.27,0,0,0,0,0,0,0,4.42
1101B,台泥乙特,0.17,,,,,,,,,
2387,精元,2.58,2.29,2.8,2.8,1.02,0.76,1.3,2.44,8.51,3.96
2601,益航,0.9,0,0,0,2.6,0,1.28,1.89,2.85,1.49
2939,凱羿-KY,9.38,6.65,,,,,,,,
6215,和椿,3.22,4.15,2.56,2.04,7.87,2.46,0,3.45,14.7,0
6223,旺矽,2.53,0.95,6.17,3.49,6.58,1.79,4.17,8.32,8.76,0
8440,綠電,3.47,3.21,3.32,2.3,7.32,1.65,1.1,,,
3563,牧德,7.49,2.72,2.04,5.91,8.42,7.81,4.28,8.16,0.88,1.3
3227,原相,3.56,5.12,1.35,3.58,3.76,3.05,3.98,4.2,6.85,3.45
3628,盈正,4.48,7.58,7.77,8.33,7.5,4.76,5.07,11.1,19.7,0.6
2415,錩新,7.98,4,3.42,3.35,8.06,3.96,4.74,4.22,0,0
6698,旭暉應材,1.1,,,,,,,,,
6548,長科*,50.3,3.95,0.28,2.03,,,,,,
1307,三芳,2.11,7.14,6.49,4.81,4.13,4.67,4.45,5.03,5.48,4.27
3021,鴻名,4.76,5.19,4.79,0,6,1.55,0,0,0,0
3324,雙鴻,0.69,2.07,4.86,0.92,0.51,2.11,4.54,3.32,0,0
3376,新日興,3.09,2.97,4,4.84,3.16,4.17,6.01,1.68,5.13,7.03
4912,聯德控股-KY,2.29,1.65,2.86,7.61,5.18,4.58,9.65,3.28,2.16,0
5203,訊連,2.67,2.42,2.55,5.15,10.2,7.69,8.24,7.34,11.1,5.82
3605,宏致,2.26,1.75,2.38,1.62,4.19,1.61,5.25,9.6,7.06,5.11
1414,東和,2.79,4.51,2.71,3.28,4.49,5.97,3.78,3.2,0,0
4989,榮科,6.57,9.39,,,,0,0,0,,
1626,艾美特-KY,0,0.75,4.18,0,0,7.77,3.09,,,
1324,地球,3.11,2.7,3.2,3.07,2.7,9.25,2.46,5.22,3.64,3.02
6146,耕興,2.91,4.31,3.8,3.52,2.78,2.75,2.91,7.29,8.04,5.85
3706,神達,5.17,5.26,6.99,5.14,2.78,2.56,,,,
6185,幃翔,2.21,5.11,6.53,7.29,8.13,6.57,4.72,4.63,16.4,4.08
3236,千如,1.6,2.07,1.1,0.47,1.21,0,0,0.36,6.12,0.85
4107,邦特,3.07,3.71,3.04,2.18,2.02,2.6,2.47,4.24,8.96,4.21
8215,明基材,3.21,5.39,0,8.03,6.24,0.9,0,0,0.55,0
2105,正新,2.63,4.41,5.71,4.93,5.63,4.03,1.92,1.86,3.05,3.08
3025,星通,0,0.72,1.36,0,1.8,2.32,5.26,0,8.76,3.83
6605,帝寶,3.9,3.68,3.33,2.92,3.96,3.43,2.55,1.51,6.9,4.91
2103,台橡,4.07,3.55,2.68,3.2,7.52,4.04,5.91,8.47,4.71,4.74
4905,台聯電,4.35,3.38,1.49,3.39,1.06,1.51,2.5,2.02,2.7,0
0052,富邦科技,1.45,3.58,2.67,5.73,,5.87,,7.43,,3.78
6409,旭隼,2.94,3.72,3.88,3.37,2.21,3.56,,,,
1256,鮮活果汁-KY,2.81,3.58,2.92,3.27,4.12,2.48,0.91,0.91,,
2313,華通,1.77,6.06,1.56,6.43,2.72,2.8,2.87,4,0,0
2823,中壽,0,2.87,2.67,1.87,1.58,1.52,0.66,0,2.86,2.58
5009,榮剛,2.41,1.85,2.02,3.19,4.46,2.28,2.29,4.12,0,0
2455,全新,2.12,3.87,2.72,4.4,4.23,6.71,8.22,5.62,1.52,0.83
2912,統一超,2.89,8.04,2.82,3.12,3.41,2.45,2.35,3.09,2.97,2.68
1527,鑽全,8.13,3.08,6.15,3.53,4.75,10,1.59,10.3,0,5.2
8341,日友,2.78,2.96,1.76,3.1,3.96,,,,,
2492,華新科,6.83,2.61,1.15,2.13,1.52,0,0,0,1.6,0
2515,中工,2.53,2.63,2.37,3.24,2.41,1.77,1.5,1.49,1.64,1.25
6667,信紘科,3.91,7.32,,,,,,,,
4532,瑞智,5.23,7.24,7.94,5.06,8.11,4.36,4.69,4.76,2.54,0
3489,森寶,3.26,0,5.15,0,0,0,0,0,0,2.92
2884,玉山金,2.54,3.05,2.6,2.34,2.27,1.41,1.52,1.23,1.53,0.99
6148,驊宏資,9.95,0,0,0,2.83,0,0,0,0,0
4737,華廣,2.48,8.66,7.46,3.58,1.59,4.01,1.25,5.43,3.46,2.7
00712,FH富時不動產,5.18,10.8,0.82,,,,,,,
5211,蒙恬,0,2.06,2.95,2.97,3.77,3.27,6.47,6.83,7.77,2.54
00770,國泰北美科技,,,,,,,,,,
3019,亞光,2.13,2.42,1.04,0,0,0,0,0,0,0
9960,邁達康,1.27,0,1.08,1.2,4.19,3.62,5.22,5.83,2.26,0
2880,華南金,2.48,2.86,4.18,3.88,4.07,3.94,2.87,2.98,1.83,0.82
2534,宏盛,0,7.83,3.91,2.67,2.16,4.9,4.12,7.16,11.3,1.48
3105,穩懋,1.7,5.93,1.59,0.56,0.4,5.06,5.4,2.45,3.22,0
1609,大亞,2.63,3.45,0,0,0,3.14,2.74,3.55,4.58,1.54
1783,和康生,2.7,0.65,0,0,0,0,0,0,,
4908,前鼎,2.13,4.16,2.48,2.37,9.81,5.41,7.33,7.22,6.25,4.04
2539,櫻花建,0.68,5.56,5.69,4.37,4,0.92,0.45,0.67,0.68,0.17
5904,寶雅,3.74,4.11,2.87,2.36,2.43,2,2.2,4.34,8.1,1.67
2723,美食-KY,4.05,2.91,1.15,1.02,0.51,0.8,2.48,2.11,1.72,0.68
3163,波若威,1.17,0,5.07,0,3.33,4.21,1.47,0.7,,
5305,敦南,5.56,5.94,2.77,5.07,4.65,1.33,1.55,2.6,5.85,0
4977,眾達-KY,3.51,5.6,4.09,4.71,7.69,5.31,2.06,,,
3515,華擎,5.3,7.38,2.92,6.69,10,12.9,7.27,11,9.18,8.68
6163,華電網,1.81,4.26,0,0,0,8.31,9.05,2.31,0,4.15
6231,系微,2.25,2.39,0.62,3.53,1.61,1.1,5.08,9.33,3.83,4.28
2731,雄獅,4.47,5.98,4,5.56,3.53,4.15,1.68,,,
4139,馬光-KY,0,0,0,0,0,0,0,0,0,0
3675,德微,4.38,5,6.28,1.97,0,0,0,1.25,1.1,1.25
2345,智邦,2.38,4.19,2.92,3.86,3.37,5.7,9.48,9.13,10.3,5.37
2024,志聯,4.94,8.42,5.8,3.58,11.8,0,0,2.39,0,0
2707,晶華,10.2,5.12,5.3,5.25,4.18,2.45,2.59,2.79,2.41,1.69
4306,炎洲,3.93,4.25,2.05,4.1,2.11,2.68,2.2,5.25,2.77,2.21
8477,創業家,4.84,1.66,4.55,1.44,,,,,,
8996,高力,3.82,2.7,7.77,2.69,2.85,2.21,1.65,2.6,1.61,0
2395,研華,2.25,3.13,2.99,2.36,2.83,2.25,2.37,4.05,4.18,4.85
006204,永豐臺灣加權,2.54,4.07,3.21,3.46,3.76,1.56,2.09,3.15,,
3037,欣興,1.9,2.23,1.83,2.44,3.62,2.49,4.87,4.87,7.3,2.46
2401,凌陽,2.66,6.22,3.05,7.84,5.15,0,0,0,8.09,0
1526,日馳,4.16,3.07,1.24,2.7,0,0,0,0,0,0
5523,豐謙,1.69,2.07,0,0,0,0,0,0,0,0
3024,憶聲,3.97,0,0,0,0,0,0,0,1.33,0
3152,璟德,2.81,4.45,2.63,4.19,3.06,4.87,2.66,5.58,8.46,3.27
6175,立敦,6.65,7.87,1.16,2.25,1.26,0.51,3.95,7.66,2.87,0
5903,全家,2.65,2.58,2.92,2.25,2.5,2.25,1.66,2.7,2.81,2.65
3434,哲固,2.21,0,4.47,2.87,0,0,0,0,0,0
6669,緯穎,2.52,1.46,,,,,,,,
8462,柏文,2.64,2.16,1.2,2.17,1.29,,,,,
2207,和泰車,1.76,4.7,3.39,3.25,2.76,2.65,2.45,3.43,4.12,4.48
8279,生展,2.13,1.04,0.65,0.67,0,,,,,
3332,幸康,5.82,7.89,4.18,6.15,7.12,6.72,4.28,8.52,8.66,3.1
4754,國碳科,2.85,5.31,6.48,3.85,5.15,0.14,1.81,,,
2323,中環,0,0,0,0,0,0,0,0,0,0
6706,惠特,3.37,0,,,,,,,,
1617,榮星,8.23,4.76,2.53,3.95,4.55,0,0,0,3.4,0
8091,翔名,8.59,11.3,3.12,5.56,5.32,7.56,8.93,4.72,11,3.29
6020,大展證,0.2,5.14,0.54,0,3.1,0.62,0.14,0,5.11,2.84
1614,三洋電,2.9,3.1,4.61,3.33,3.06,2.92,2.04,4.03,3.31,3.11
5230,雷笛克光學,4.75,6.96,2.78,2.38,2.01,4.48,1.98,1.55,,
4123,晟德,2.5,3.55,0,0,0,0,0,0,0,0
3533,嘉澤,2.7,2.6,1.98,4.73,4.49,2.39,6.88,3.9,9.53,2.54
1305,華夏,7.21,6.82,5.25,4.18,1.32,5.73,2.37,0,0,2.28
8183,精星,2.38,2.25,1.28,0,4.9,0,0,0,0,0
8432,東生華,2.04,2.89,5.25,2.91,2.68,4.71,3.41,3.2,,
6643,M31,2.09,1.76,,,,,,,,
2002A,中鋼特,2.57,3.23,3.3,3.36,3.56,2.88,3.16,3.16,5.22,2.72
3317,尼克森,1.38,1.5,0,0,0,0,0,0,3.2,3.03
00741B,富邦全球高收債,6.17,,,,,,,,,
00727B,國泰1-5Y高收債,5.15,3.45,,,,,,,,
3624,光頡,4.27,1.62,1.84,12.1,3.95,6.34,5.11,3.95,2.86,2.02
2363,矽統,0,0,0,0,0,0,0,0,1.53,3.82
1591,駿吉-KY,4.38,0,0,0,0,0,0,2.3,0,
4148,全宇生技-KY,5.8,4.89,1.67,,,,,,,
2374,佳能,3,5.56,4.52,8.93,0,12.6,11.7,6.62,11.5,7.19
2330,台積電,3.78,3.55,3.05,3.31,3.15,2.13,2.84,3.09,3.96,4.22
1419,新紡,2.03,8.28,1.01,0.88,0.83,1.11,1.25,1.49,2.15,0.45
2002,中鋼,4.18,3.63,3.43,2.03,5.57,2.66,1.48,3.69,6.91,3.01
1236,宏亞,2.92,0.73,1.72,3.8,6.05,5.35,2.65,2.33,3.12,4.18
2312,金寶,2.33,3.05,2.84,2.52,0,0,0.91,1.54,1.63,0
3432,台端,3.73,13.4,0.88,1.61,3.79,0,0,0,4.83,0.3
8941,關中,6.9,17.4,4.39,2.25,0.57,0,0,0,0,0
2408,南亞科,8.53,6.38,1.97,5.8,4.37,0,0,0,0,0
8489,三貝德,4.63,3.7,0.06,,,,,,,
1517,利奇,2.75,2.02,1.72,4.81,4.44,3.48,4.64,5.79,6.51,4.03
3003,健和興,3.64,4.16,2.36,2.65,2.74,2.59,1.99,2.26,0.95,0.65
3530,晶相光,2.01,1.27,0.74,0,0,0,0,0,0,0
9914,美利達,1.98,1.45,3.2,3.82,3.84,2.8,2.54,2.31,5.22,5.7
1473,台南,2.03,2.89,5.03,4.02,5.43,9.56,3.19,7.6,6.85,3.32
5514,三豐,1.03,4.29,3.43,0,5.31,0,2.28,0.95,0,0
6438,迅得,3.61,6.57,3.55,7,6.25,10,,,,
3035,智原,1.42,6.38,1.73,6.59,3.39,5.41,4.79,3.9,5.18,3.51
5525,順天,8.58,5.73,1.88,10.6,7.52,9.5,4.07,2.37,4.32,2.29
2059,川湖,2.62,1.56,2.06,2.42,2.11,1.85,1.77,2.45,3.82,3.39
3006,晶豪科,3.86,7.46,3.33,3.5,8.72,3.9,1.68,2.28,4.1,2.12
4736,泰博,6.12,2.78,5.13,4.61,4.91,4.15,3.9,8.81,10.4,5.38
6532,瑞耘,6.59,4.01,2.85,4.69,,,,,,
6561,是方,3.41,2.16,,,,,,,,
9962,有益,9,5.68,5.88,0,2.82,5.98,9.09,6.45,3.98,0
6015,宏遠證,0,5.69,0,0,4.69,3.29,12.4,0,0,0
3260,威剛,0.29,15.1,5.67,0.95,7.56,12,3.34,0.96,0,6.08
1909,榮成,3.32,12.3,3.56,6.12,8.45,5.54,2.7,0,8.39,3.98
2812,台中銀,2.33,4.41,5.55,5.45,2.67,1.86,0.91,0.5,0,0
4967,十銓,6.61,3.18,0,0,7.11,4.78,0.91,1.43,1.16,
3022,威強電,2.84,1.44,7.63,4.47,6.38,9.56,3.61,7.57,7.76,4.68
1598,岱宇,0.85,1.47,4.69,2.78,6.31,0,1.23,0.15,,
3653,健策,1.5,2.56,3,5.26,8.59,3.56,2.49,4.49,5.92,1.83
8155,博智,5.28,8.99,3.71,7.12,11.6,4.03,6.12,0.62,,
1309,台達化,1.75,0,0,0,0,0,0,2.09,4.48,0
3013,晟銘電,2.08,3.51,2.24,1.79,0,0,0,0,3.83,0.85
1445,大宇,2.78,2.51,3.59,5.53,3.21,5.43,2.76,6.78,7.04,2.15
6578,達邦蛋白,3.31,2.02,3.18,,,,,,,
2928,紅馬-KY,0,2,6.07,1.45,,,,,,
3413,京鼎,3.93,4.63,1.91,4.66,1.42,0,0,0,0,0
3490,單井,2.16,3.16,0.89,0.54,5.58,0.85,0,9.12,18.8,1.12
6278,台表科,1.11,3.34,2.84,5.68,5.15,4.3,3.33,4.54,4.69,3.68
6166,凌華,2.71,4.74,2.82,3.93,2.5,2.01,1.96,2.95,8.16,2.28
3577,泓格,2.05,4.54,3.14,3.65,4.82,3.35,3.67,6.92,6.82,1.07
00717,富邦美國特別股,4.59,4.35,,,,,,,,
2454,聯發科,2.03,4.36,3.23,5.08,8.8,3.25,2.03,2.78,7.21,6.23
01002T,土銀國泰R1,2.38,2.95,3.38,2.88,2.95,2.83,2.41,2.7,3.17,3.75
2478,大毅,4.72,1.57,1.33,1.06,2.79,0.8,0.98,1.71,5.65,1.71
4906,正文,0,4.3,5.78,2.55,2.69,7.95,8.51,0.86,4.29,4.26
5264,鎧勝-KY,2.11,6.36,3.92,9.31,5.35,5.01,0.64,,,
4533,協易機,3.85,4.15,4.6,3.62,5,2.14,3.09,8.23,5.94,0
6457,紘康,6.16,7.39,5.94,7.07,3.51,,,,,
2607,榮運,2.44,2.59,2.47,2.73,2.53,1.63,1.44,1.49,4.95,1.75
6690,安碁資訊,2.78,,,,,,,,,
2748,雲品,5.46,4.35,3.69,3.74,,,,,,
3532,台勝科,7.69,1.76,0.7,1.69,2.86,0.57,0.31,0,1.29,0
3338,泰碩,1.27,0.96,7.53,4.48,8.52,3.9,5.49,7.89,0,0
2360,致茂,2.88,3.79,1.99,3.15,4.08,3.05,3.2,3.86,6.4,2.3
1773,勝一,5.31,5.51,5.07,5.61,6.48,4.44,6.05,6.34,12,5.14
3691,碩禾,0,5.77,6.05,5.22,2.07,1.2,1.15,7.59,9.77,0.71
00760B,FH新興企業債,4.22,,,,,,,,,
2891C,中信金丙特,,,,,,,,,,
4129,聯合,4.51,2.81,2.16,2.65,1.77,0.97,0.95,2.36,2.23,1.83
00836B,永豐10年A公司債,1.94,,,,,,,,,
2618,長榮航,3.62,1.27,1.26,2.05,0,0,0,0,5.21,0
6141,柏承,0.46,3.22,1.76,2.87,3.21,6.67,4.72,6.76,6.62,3.13
4555,氣立,4,3.5,2.94,5.12,4.23,,,,,
6558,興能高,1.65,3.57,2.33,3.54,,,,,,
6416,瑞祺電通,3.64,2.34,3.54,4.26,2.37,2.22,,,,
01001T,土銀富邦R1,2.49,2.76,3.17,2.99,3.98,3.6,2.56,2.88,3.17,3.77
2462,良得電,1.72,0,1.93,0.96,6.55,5.7,9.14,8.28,8.16,9.4
3443,創意,2.07,2.43,1.37,3.82,4.55,3.24,4.05,2.99,3.01,1.64
1440,南紡,3.81,3.01,2.35,3.69,1.2,1.61,0.71,1.37,7.84,1.84
3294,英濟,1.28,3.61,1.33,1.83,0,0,0,7.93,0,0
9935,慶豐富,0.82,0,0,0,0,0,0,0,0,0
9945,潤泰新,4.42,4.47,0,0,9.33,8.73,5.04,3.01,3.09,1.85
2910,統領,0,0,1.9,0,2.64,1.8,2.6,2.54,2.71,0
1727,中華化,5.11,4.29,3.59,3.82,3.37,2.61,2.32,2.34,2.54,1.01
1809,中釉,1.69,1.9,2.39,1.64,5,2.41,1.73,3.51,4,0.77
3059,華晶科,2.06,2,2.54,4.49,3.74,0,4.72,8.79,8.4,6.39
2426,鼎元,7.72,4.27,5.67,8.22,5.71,0,0,0,4.52,1.25
00791B,FH美元信用債1-5Y,2.24,,,,,,,,,
00725B,國泰投資級公司債,3.54,1.93,,,,,,,,
2906,高林,3.48,4.23,3.57,4.74,7.44,4.91,5.22,11.2,4.96,5.42
6414,樺漢,2.83,3.64,2.25,2.14,1.61,3.11,1.19,,,
6574,霈方,4.91,6.92,4.36,,,,,,,
00758B,FH能源債,4.91,,,,,,,,,
1786,科妍,2.23,0.31,0,0.89,0,0.71,0,0,0,
2033,佳大,2.22,2.08,3.28,0,0,0,6.6,5.83,8.84,0
5905,南仁湖,3.09,4.86,3.82,3.68,5.79,2.35,0,0,0,0
5281,大峽谷-KY,3.72,2.57,0.54,2.15,,,,,,
6593,台灣銘板,6.22,4.74,1.25,,,,,,,
9910,豐泰,3.44,2.85,3.84,4.15,2.2,3.43,3.08,5.16,6.87,5.5
2504,國產,1.74,5.98,0,1.52,4.47,0,1.61,1.79,2.87,0.61
1313,聯成,1.79,8.62,3.19,1.61,2.12,3.54,5.53,3.06,12.8,3.3
3189,景碩,2.89,3.44,5.54,4.92,5.98,3.32,3.03,3.29,3.73,2.32
1235,興泰,0,0,0,0,0,0,0,0,0,0
3564,其陽,0,0,3.61,6.54,2.88,2.61,4.03,0,0,0
1736,喬山,0.76,0.93,3.22,2.16,2.84,2.8,1.93,2.64,0.81,0.69
2801,彰銀,2.82,2.62,2.54,2.04,1.27,3.31,0.54,1.25,1.7,1.16
2496,卓越,6.45,7.21,1.48,0,0,0,0,0,0,0
3529,力旺,2.24,2.86,1.52,1.53,1.62,1.08,3.42,3.92,2.45,2.42
4739,康普,4.13,3.29,2.36,3.77,2.48,1.32,1.46,6.59,4,
00771,元大US高息特別股,1.22,,,,,,,,,
3689,湧德,4.48,8.47,3.18,4.63,13,5.66,4.17,5.19,6.23,
5013,強新,1.94,2.77,1.05,2.07,1.17,3.01,0,4.35,4.02,0
1219,福壽,0.54,1.63,1.68,1.57,1.23,0.98,0.68,3.19,2.81,2.2
6230,超眾,1.65,2.86,7.63,4.12,3.14,3.77,2.76,3.33,9.77,6.48
1536,和大,3.04,3.11,2.38,2.56,1.74,2.31,0.48,0,0,0
4160,創源,2.22,1.47,0,0,0,0,0,0,,
01010T,京城樂富R1,3.13,,,,,,,,,
5516,雙喜,0,0,0,0,0,0,0,8.13,2.89,3.98
00726B,國泰5Y+新興債,3.94,2.97,,,,,,,,
00720B,元大投資級公司債,3.28,1.4,,,,,,,,
1711,永光,3.21,3.08,2.64,2.48,2.49,1.79,2.05,2.31,3.76,2.23
3296,勝德,6.78,0,7.67,0.8,2.3,0,3.65,0,4.57,5.75
5225,東科-KY,2.32,2.72,3.79,9.63,10.4,9.29,6.2,1.1,,
00718B,富邦中國政策債,6.01,0.78,,,,,,,,
3008,大立光,1.36,2.26,1.58,1.68,2.25,1.19,1.4,2.19,2.39,1.38
4556,旭然,3.64,1.02,1.19,2.52,1.49,,,,,
8261,富鼎,3.32,1.45,2.21,4.56,1.45,0,0,0,6.57,3.34
4909,新復興,3.62,3.12,6.33,6.05,5.82,6.4,2.98,6.54,5.02,4.26
6417,韋僑,0.92,1.57,4.09,3.85,2.05,0.57,,,,
6491,晶碩,0.83,0,0.63,0,0,,,,,
6221,晉泰,2.85,1.78,2.02,7.23,5.58,7.17,5.77,7.56,3.65,0
01003T,兆豐新光R1,2.15,2.46,2.38,2.63,2.45,2.86,2.5,2.84,3.49,3.7
4161,聿新科,1.46,0,2.22,0.85,1.55,0,0,0,,
00740B,富邦全球投等債,2.99,,,,,,,,,
5392,應華,1.42,3.21,0.69,2.16,0.2,1.42,2.07,4.98,6.73,3.85
00756B,群益15年EM主權債,2.46,,,,,,,,,
00749B,凱基新興債10+,1.96,,,,,,,,,
8086,宏捷科,1.51,2.92,3.52,9.26,2.2,0,0,0,1.94,0.46
00854B,富邦全球保險債,,,,,,,,,,
8404,百和興業-KY,0.45,0.74,0.33,0.81,3.53,5.31,2.7,1.18,0,
8406,金可-KY,2.36,3.22,3.13,2.04,1.52,1.95,0.89,0.71,,
00735,國泰臺韓科技,4.89,,,,,,,,,
1312A,國喬特,1.74,4.62,4.71,5.38,4.03,7.32,6.57,6.6,8.51,25.6
6654,天正國際,9.05,1.22,,,,,,,,
00734B,台新JPM新興債,4.15,1.46,,,,,,,,
00845B,富邦新興投等債,1.07,,,,,,,,,
00846B,富邦歐洲銀行債,0.51,,,,,,,,,
9921,巨大,2.16,2.42,3.06,3.39,3.01,2.14,2.68,3.3,4.27,3.78
00714,群益道瓊美國地產,2.52,4.66,,,,,,,,
8908,欣雄,1.94,2.1,1.96,2.07,2.36,2,0,0,0,0
1603,華電,1.78,4.22,1.75,2.19,0,0,0,0,0,0
6425,易發,11.2,5.11,1.04,12.3,4.96,5.39,,,,
6485,點序,0,0,3.79,2.55,5.27,,,,,
00794B,群益7+中國政金債,1,,,,,,,,,
8043,蜜望實,7.49,2.11,4,4.92,6.64,2.8,3.73,7.19,5.28,3.37
2745,五福,1.3,4.83,0.79,10,,,,,,
2101,南港,1.45,2.73,4.28,0.69,0,3.13,0,1.51,1.15,0
3406,玉晶光,0.6,1.89,0,0,0,0,2.21,1.18,0.72,0
00776,新光ICE美國權值,1.72,,,,,,,,,
4728,雙美,1.5,0.63,0,0,1.88,2.07,1.3,2.18,0,
2834,臺企銀,2.38,2.59,1.22,1.23,0,0,0,0,0,0
00724B,群益10年IG金融債,3.69,2.18,,,,,,,,
3141,晶宏,4.96,2.85,1.46,0.77,2.39,1.53,0,0,0,0
00842B,台新美元銀行債,1.04,,,,,,,,,
6504,南六,3.64,2.88,3.11,2.57,1.61,1.57,1.57,0.62,0.51,1.22
1533,車王電,2.1,0.83,0.49,0.24,1.26,2.43,0.67,2.4,0,2.21
3047,訊舟,0,0,5.14,4.76,5.58,5.49,1.01,0,1.26,0.5
00722B,群益15年IG電信債,3.56,2.96,,,,,,,,
00750B,凱基科技債10+,3.15,,,,,,,,,
4939,亞電,2.82,2.72,0,0,8.96,3.46,0.98,2.86,0.53,
6156,松上,2.77,2.59,3.79,1.83,0,0,0,0,0,0
00790B,FH次順位IG金融債,2.04,,,,,,,,,
00785B,富邦金融投等債,1.42,,,,,,,,,
2901,欣欣,1.61,1.63,1.44,1.95,1.59,1.17,1.12,0.98,0.97,1.05
6238,勝麗,4.63,4.93,2.7,2.94,0,0,0,0,0,0
4966,譜瑞-KY,2,2.84,1.51,1.55,2.26,0.95,1.46,1.58,0,
1710,東聯,8.33,6.78,0.63,2.16,4.77,4.37,3.72,5.75,6.32,4.52
4720,德淵,1.08,1.43,4.15,6.73,1.85,3.96,4.64,1.7,1.5,1.24
8443,阿瘦,3.86,2.34,2.14,8.5,7.9,2.64,7.61,,,
5386,青雲,1.62,2.56,4.06,2.28,0,2.8,0,0,0,0
00775B,新光投等債15+,1.43,,,,,,,,,
4764,雙鍵,7.32,3.78,3.03,,,,,,,
4551,智伸科,1.79,5.83,2.79,2.44,5.15,,,,,
00788B,元大10年IG電能債,1.63,,,,,,,,,
4971,IET-KY,1.55,3.64,1.82,2.44,1.06,1.4,1.57,,,
00839B,凱基醫療保健債,1.24,,,,,,,,,
6271,同欣電,3.83,5.58,4.38,5.45,7.82,6.42,3.62,3.89,5.46,2.33
8176,智捷,4.62,5.09,1.73,0,0,0,5.74,5.63,5.66,10.2
6199,天品,1.45,1.32,0,0,0,0,0,0,0,0
00747B,FH中國政策債,3.74,,,,,,,,,
1108,幸福,0,0,7.17,9.32,5.94,4.37,0,0,0,2.15
1902,台紙,1.75,1.85,0,0,0,0,0,5.48,6.7,0
3669,圓展,2.44,2.44,4.47,1,2.92,0.93,2.03,6.95,6.67,5.31
1599,宏佳騰,2.71,2.84,4.71,6.08,4.32,3.31,7.59,4.29,,
2316,楠梓電,2.85,0,0,25.3,5.67,5.69,1.56,0,0,0
00786B,元大10年IG銀行債,2.27,,,,,,,,,
8096,擎亞,0,2.07,0,0.58,0,0,10,8.81,3.06,3.48
8917,欣泰,4.07,3.09,2.61,2.05,2.04,2,3.41,2.55,3.45,3.73
6284,佳邦,2.1,1.58,1.63,4.93,4.48,1.06,0,2.91,8.86,1.65
3672,康聯訊,1.92,3.85,6.42,6.14,3.64,,,,,
00784B,富邦中國投等債,1.68,,,,,,,,,
3380,明泰,4.25,6.04,4.37,2.55,7.02,7.55,5.33,6.88,6.94,5.14
8171,天宇,0,0,0,0,0,0,0,7.77,3.68,
00748B,凱基中國債3-10,1.16,,,,,,,,,
6679,鈺太,0.9,,,,,,,,,
00848B,中信新興亞洲債,,,,,,,,,,
4130,健亞,1.2,2.82,1.03,1.24,0.74,0.44,0.78,0,0,0
00849B,中信EM主權債0-5,,,,,,,,,,
6510,精測,0.97,1.92,0.7,1.05,,,,,,
8929,富堡,2.93,6,3.49,2.36,5.38,6.6,4.22,6.06,7.11,4
3481,群創,0.72,8.23,0.81,1.72,7.04,0.97,0,0,0,0
01009T,王道圓滿R1,3.05,,,,,,,,,
6683,雍智科技,1.33,,,,,,,,,
2641,正德,0,0,0,0.84,2.41,1.2,2,2.22,,
00782B,國泰A級公用債,1.64,,,,,,,,,
00843B,台新中國政策債,,,,,,,,,,
00746B,富邦A級公司債,2.37,,,,,,,,,
3545,敦泰,2.19,1.91,2.12,2.08,0.91,5.19,1.57,2.06,9.91,2.96
4994,傳奇,0,0,0,0.37,1.41,0.59,0.75,0.72,0.21,
00844B,新光15年IG金融債,0.77,,,,,,,,,
4526,東台,1.78,0,2.46,3.75,4.37,3.88,3.72,5.45,5.04,2.39
00796B,中信中國債7-10,0.31,,,,,,,,,
2836,高雄銀,1.12,1.43,6.51,0.33,0.34,0.22,0.21,0,0.22,0
3450,聯鈞,4.44,4.57,5.02,5.04,3.49,4.23,2.53,6.03,9.98,2.67
1531,高林股,3.29,4.95,2.56,3.77,4.72,4.04,5.16,11.1,9.14,2.6
00759B,FH製藥債,4.22,,,,,,,,,
5274,信驊,1.88,2.55,1.67,1.69,2.08,2.03,3.27,,,
8454,富邦媒,3.1,4.26,3.68,3.61,3.97,1.04,,,,
00834B,第一金金融債10+,0.88,,,,,,,,,
6234,高僑,1.88,1.69,3.05,6.33,4.79,0.66,1.23,1.67,0,0
00723B,群益15年IG科技債,3.45,1.86,,,,,,,,
6715,嘉基,0.55,,,,,,,,,
3081,聯亞,1.62,2.23,2.08,3.35,2.02,,,,,
00774B,新光中國政金綠債,0.87,,,,,,,,,
4426,利勤,0.75,1.01,1.24,0.56,0.39,1.32,1.12,0.71,2.97,0.82
00789B,FH公司債A3,1.77,,,,,,,,,
4144,康聯-KY,1.83,3.73,2.89,2.96,6.57,5.05,3.86,5.17,0,
00721B,元大中國債3-5,3.43,1.18,,,,,,,,
00847B,中信美國市政債,1.85,,,,,,,,,
00755B,群益15年IG公用債,2.81,,,,,,,,,
00774C,新光中政金綠債+R,0.86,,,,,,,,,
3058,立德,2.84,0,5.61,4.67,5.86,4.12,11.2,3.29,12.1,8.49
00736,國泰新興市場,1.83,,,,,,,,,
3232,昱捷,1.28,0.54,0,1.98,4.84,0.71,0,0,0,0
2358,廷鑫,0,0,0,0,0,0,0,0,0,0
00754B,群益AAA-AA公司債,2.1,,,,,,,,,
00702,國泰標普低波高息,3.39,2.84,,,,,,,,
3055,蔚華科,3.26,3.02,3.27,5.79,6.69,1.58,2.64,2.87,15.2,4.82
7402,邑錡,3.04,0.8,0.87,3.14,0.12,,,,,
8478,東哥遊艇,4.54,4.83,0.69,0.16,,,,,,
00840B,凱基IG精選15+,0.99,,,,,,,,,
3178,公準,2.54,3.28,5.41,2.33,0.4,0,0,0,0,0
00799B,國泰A級醫療債,1.63,,,,,,,,,
00744B,國泰中國政金債5+,1.94,,,,,,,,,
8374,羅昇,2.22,2.64,0.35,0,0,1.46,1.15,7.02,1.08,3.9
6426,統新,0.88,2.05,1.73,2.54,4.09,2.36,,,,
00710B,FH彭博高收益債,5.23,4.95,0.52,,,,,,,
00761B,國泰A級公司債,2.32,,,,,,,,,
3218,大學光,1.85,4.77,4.33,4.82,4.29,3.08,0,1.51,0,0
00696B,富邦美債20年,3.15,1.84,,,,,,,,
6668,中揚光,1.1,2.18,,,,,,,,
00841B,凱基AAA-AA公司債,0.72,,,,,,,,,
8936,國統,0.49,0,0,2.81,5.94,2.9,2.71,6.73,0.83,0.7
3285,微端,7.29,2.52,5.73,4.63,2.77,1.03,6.21,6.1,11.8,3.9
2375,凱美,6.64,7.48,0,0,8.16,0.8,0,0,0,0
6171,亞銳士,0.88,2.7,1.9,2.94,0,0,0,1.13,0,0
00798B,國泰中企A級債7+,1.6,,,,,,,,,
00835B,第一金科技債10+,1.4,,,,,,,,,
2362,藍天,2.72,2.76,2.46,4.04,7.92,6.36,3.11,4.19,2.11,2.22
8906,花王,0.64,0,0,0,0,0,0,0,0,0
6158,禾昌,33.6,5.44,6.14,2.78,0,0,6.62,5.92,13,9.35
4968,立積,0.88,1.35,1.92,0.78,0,0,0,0,0,
1528,恩德,2.18,5,3.4,1.01,1.1,5.33,3.69,5.91,5.61,1.37
01004T,土銀富邦R2,2.63,3.04,3.35,2.96,3.1,3.01,2.86,2.74,3.24,3.94
6472,保瑞,2.11,0.45,1.16,0.92,0.5,,,,,
4538,大詠城,7.23,6.03,2.55,2.62,5,7.59,5.56,,,
2106,建大,3.27,4.11,5.33,4.53,4.65,2.82,2.56,3.6,3.64,3.67
6452,康友-KY,1.47,5.26,1.85,2.16,2.24,,,,,
00773B,中信優先金融債,2.02,,,,,,,,,
8937,合騏,0.76,0,0,1.04,1.95,0.87,0,0,0,0
00867B,新光A-BBB電信債,,,,,,,,,,
4545,銘鈺,1.38,2.02,5.09,4.72,5.33,2.7,,,,
2329,華泰,0,0,0,0,0,0,0,0,0,0
8046,南電,1.52,1.48,3.07,4.06,3.87,0,0,5.57,0.62,4.98
4707,磐亞,1.03,1,1.04,1.06,0,0,0,0,0,0.93
8463,潤泰材,1.58,3.16,6.29,5.78,4.7,,,,,
00694B,富邦美債1-3,1.91,1.54,,,,,,,,
8927,北基,1.2,0.64,0,0,0,0,0.09,3.07,0.38,1.64
4416,三圓,2.41,2.67,2.5,6.16,4.83,4.33,9.2,3.88,4.51,4.04
1569,濱川,0.97,4.82,1,0,0,0,0.92,4.5,1.4,4.84
5245,智晶,4.96,10.9,5.06,1.96,4.44,1.07,0,0,,
6237,驊訊,1.41,2.79,1.01,0.93,1.95,4.64,4.37,1.41,0,0
2613,中櫃,1.98,2.62,0.53,0.31,1.35,0.76,0,0,0,0
3645,達邁,2.83,3.4,1.43,1.57,6.12,1.11,4,3.46,1.84,
2425,承啟,4.91,0,0.96,1.52,1.66,1.02,1.11,0,0,0
9931,欣高,3.66,3.75,3.83,3.17,4.14,2.12,4.3,1.95,6.48,8.14
1762,中化生,3.38,2.19,2.05,5.55,1.27,2.91,2.92,2.84,3.86,3.79
00772B,中信高評級公司債,2.15,,,,,,,,,
6469,大樹,1.59,2.75,1.53,2.3,1.01,,,,,
3661,世芯-KY,0.65,1.55,0,1.52,1.92,0.2,0,0.49,2.88,
8040,九暘,0,0,0,0,0,0,0,0,9.6,0
4106,雃博,2.67,3.27,2.67,2.95,2.7,1.11,1.54,5.3,3.56,4.14
00860B,群益1-5年IG債,0.1,,,,,,,,,
9105,泰金寶-DR,3.02,3.91,3.08,4.05,2.45,2.5,4.78,5.34,5.28,2.07
9958,世紀鋼,0.42,0.46,1.42,4.15,1,7.31,1.7,0,2.56,0.99
5269,祥碩,1.83,1.2,1.24,1.11,1.4,0.73,6.57,0.28,,
5398,慕康生醫,0,0.63,0,0,0,0.39,0,0,0.83,2.3
3702A,大聯大甲特,,,,,,,,,,
00711B,FH彭博新興債,3.86,5,0.42,,,,,,,
00838B,永豐7-10年中國債,1.17,,,,,,,,,
00780B,國泰A級金融債,1.03,,,,,,,,,
8105,凌巨,0,2.05,1.05,0.63,0,0,0,0,0,0
01007T,兆豐國泰R2,2.49,4.38,3.27,2.92,2.8,2.79,2.59,2.71,3.43,3.39
6603,富強鑫,4.62,4.81,1.79,0.92,3.9,1.62,0.73,4.18,5.48,0
4935,茂林-KY,0.66,3.18,6.64,5.03,2.68,2.33,3.55,7.06,0,
1423,利華,0,0,0,0,0,0,0,0,0,0
1597,直得,1.06,1.29,1.15,1.52,1.86,0.46,0.62,1.94,,
1760,寶齡富錦,2.1,2.17,1.21,1.07,0.11,0,0,0,0,0
3685,元創精密,2.38,0.92,0,0,0,4.09,6.16,11.1,9.29,3.86
4760,勤凱,4.09,2.74,1.95,1.55,,,,,,
1446,宏和,0.79,1.26,1.4,1.68,1.38,1,1.02,1.74,0,0
3062,建漢,2.19,2.27,4.41,5.18,4.32,1.34,0.45,5.21,2.64,3.71
2888A,新光金甲特,,,,,,,,,,
2104,國際中橡,4.78,4.62,3.42,4.03,10.4,3.5,7.83,4.91,5.61,4.66
2509,全坤建,2.59,1.41,5.54,8.74,5.36,6.48,4.06,10.6,11.4,6.43
4129A,聯合甲特,,,,,,,,,,
4991,環宇-KY,1.73,1.86,1.12,0.37,0.32,0.17,0,,,
4561,健椿,4.08,1.51,0.71,,,,,,,
1734,杏輝,0.52,1.04,0.46,0.83,2.8,1.91,1.22,1.08,2.72,1.54
5706,鳳凰,3.99,8.49,5.81,8.23,3.91,6.98,5.2,4.57,0.79,3.19
3652,精聯,3.86,4.32,3.26,2.12,4.82,1.99,0,4.87,5.82,2.78
6538,倉和,0.48,4.28,12,3.53,,,,,,
2029,盛餘,1.28,9.16,8.52,2.94,6.99,5.67,1.56,5.95,1.86,1.13
2838,聯邦銀,0,4.17,4.86,4.47,2.79,0,0,0,0,0
4121,優盛,0.84,2.88,0,0,0,0,1.08,0,3.46,0
5201,凱衛,4,1.07,0,3.58,8.84,7.04,0.34,0,0,0
8072,陞泰,2.46,2.25,2.31,4.49,5.65,39.8,8.31,7.91,7.78,6.83
8076,伍豐,2.7,1.86,1.68,1.19,0.55,0.25,0.16,0.5,0,0.68
00778B,凱基金融債20+,2.32,,,,,,,,,
3221,台嘉碩,1.61,2.44,5.57,4.29,6.43,3.99,1.61,2.17,8.15,3.16
3680,家登,0.15,0.79,0.95,1.54,1.7,0.98,0.93,0.72,0.72,0.65
00853B,統一美債10年Aa-A,0.98,,,,,,,,,
6172,互億,0,0,0,0,0,0,0,0,0,0
00695B,富邦美債7-10,7.84,1.32,,,,,,,,
8104,錸寶,5.26,0.87,0.48,,,,,,,
4162,智擎,1.46,1.77,1.64,1.1,0.42,0,0,0,,
00765B,群益中國政金債,2.84,,,,,,,,,
1590,亞德客-KY,1.12,2.48,1,1.56,3.16,2.2,1.57,3.15,3.47,
1789,神隆,1.84,1.99,0.85,0.78,0.37,2.14,1.37,1.43,0.17,
4803,VHQ-KY,6.1,2.13,1.18,0.56,,,,,,
2722,夏都,0.8,1.33,1.37,1.18,1.08,1.52,1.67,1.19,1.27,0
00833B,第一金美債20+,1.05,,,,,,,,,
1589,永冠-KY,0,3.06,5.09,8.21,3.3,2.62,2.42,0.44,,
4114,健喬,0.82,0.73,0.77,0.57,0.55,0.46,0.52,0.26,0.41,0
00687B,國泰20年美債,2.47,2.32,0.99,,,,,,,
8455,大拓-KY,0.59,0.48,0.53,0.21,,,,,,
3591,艾笛森,2.26,0,0,2.43,1.81,1.61,2.34,8.06,6.02,1.91
00792B,群益A級公司債,1.93,,,,,,,,,
00793B,群益AAA-A醫療債,2.49,,,,,,,,,
5601,台聯櫃,1.13,1.09,1.36,2.14,2.49,1.04,1.27,1.25,1.32,1.3
3483,力致,0.14,1.47,3.64,0.4,1.08,0.75,5.78,1.67,1.49,9.55
00787B,元大10年IG醫療債,2.35,,,,,,,,,
2344,華邦電,5.12,7.38,2.56,1,0,0,0,0,0,0
00679B,元大美債20年,2.48,2.56,1.9,,,,,,,
00863B,中信全球電信債,,,,,,,,,,
8427,基勝-KY,0,0.87,8.97,5.53,2.85,4.14,5.71,4.81,8.24,
00777B,凱基AAA至A公司債,1.41,,,,,,,,,
8442,威宏-KY,2.76,0,3.2,6.25,,,,,,
00795B,中信美國公債20年,3.29,,,,,,,,,
00751B,元大AAA至A公司債,2.93,,,,,,,,,
2505,國揚,2.99,2.03,0,3.35,0.93,2.74,1.51,1.83,0,0
3373,熱映,3,1.86,2.34,6.7,2.79,0.56,0,0.99,8.38,4.73
2417,圓剛,0.97,0.99,0.74,0.93,1.07,0.87,3.07,12.7,13.3,6.7
910861,神州-DR,0.81,,,55.1,2.12,7.68,4.38,2.37,2.56,
4714,永捷,10.7,3.71,1.16,3.18,3.18,2.75,0,4.57,8.26,5.71
00769B,FH中國信用債,2.61,,,,,,,,,
00862B,中信投資級公司債,,,,,,,,,,
00781B,國泰A級科技債,2.56,,,,,,,,,
00832B,新光美債20+,1.76,,,,,,,,,
1110,東泥,0.57,0.59,0.68,1.25,1.27,1.18,0.57,0.71,0.99,1.49
8044,網家,0,0,3.62,1.85,1.37,1.05,1.25,2.71,2.03,0.92
2049,上銀,2.49,1.58,0.5,1.42,2.47,1.02,1.07,2.58,1.22,0.2
4413,飛寶企業,0,0,0,0,0,0,0,0,0,0
6612,奈米醫材,0.57,0.72,0,,,,,,,
2530,華建,1.88,0,5.26,11.8,0,0,1.24,3.39,11.6,3.44
5457,宣德,0,0,0,2.01,0,0,0,0,0,0
00831B,新光美債1-3,0.66,,,,,,,,,
1516,川飛,0,0,2.49,0,0,0,0,0,0,0
6415,矽力-KY,0.69,1.32,0.72,0.44,1.17,1.14,0,,,
2062,橋椿,1.08,0.91,2.69,2.5,6.47,7.77,2.47,7.18,12.1,6.1
4554,橙的,0,0,2.68,2.25,0.62,,,,,
3594,磐儀,0.44,1.01,0.76,0.87,4,0.88,3.04,4.34,4.44,1.7
00764B,群益25年美債,2.37,,,,,,,,,
9919,康那香,1.81,3.33,1.59,2.79,2.94,2.21,1.82,2.28,4.15,4.25
2630,亞航,5.38,3.25,,,,,,,,
6531,愛普,0.59,3.47,2.14,4.08,,,,,,
8034,榮群,0,0,0,0,0,0,0,0,0,0
00859B,群益0-1年美債,0.26,,,,,,,,,
00779B,凱基美債25+,1.64,,,,,,,,,
00719B,元大美債1-3,1.45,,,,,,,,,
00857B,永豐20年美公債,,,,,,,,,,
4943,康控-KY,2.94,5.08,0.42,1.41,1.39,1.45,2.43,3.98,,
00856B,永豐1-3年美公債,,,,,,,,,,
00871B,元大中國政金債,,,,,,,,,,
3016,嘉晶,1.89,1.14,0,0,0.66,0,0,1.52,2.25,0
4502,健信,0.5,2.37,0.06,0,0,0,0,0,0,0
2236,百達-KY,0.44,2.7,3.81,0.68,3.84,,,,,
1784,訊聯,0.69,0,0,1.37,1.9,2.55,2.46,0,0,2.93
00697B,元大美債7-10,3.1,0.63,,,,,,,,
00870B,元大15年EM主權債,,,,,,,,,,
2929,淘帝-KY,3.31,5.82,2.98,5.16,4.85,3.81,0,,,
6533,晶心科,0.53,0,0,0,,,,,,
6111,大宇資,0,0,0,0,0,0,0,0,0,0
8429,金麗-KY,1.1,0.73,2.94,1.12,1.22,5.5,3.96,6.38,,
5498,凱崴,0,0.2,0,0,0,0,0,0,0,0
6625,必應,3.06,0.52,,,,,,,,
6153,嘉聯益,0.84,0.77,1.25,5.57,2.56,3.12,5.3,5.12,5.11,2.42
1325,恆大,2.96,2.12,4.11,3.33,2.14,3.16,2.25,3.8,1.89,1.99
1586,和勤,1.43,0.56,0,0,3.27,3.36,3.17,2.49,3.48,3.49
3687,歐買尬,0,0,0,0,0,0,5.22,7.46,0.3,
4133,亞諾法,2.36,2.67,1.02,1.83,3.09,3.24,2.72,3.77,4.49,1.65
6441,廣錠,3.88,8.73,4.23,3.29,6.1,4.59,,,,
6516,勤崴國際,0.1,0.07,0.03,0.03,,,,,,
4576,大銀微系統,0.95,,,,,,,,,
00858,永豐美國500大,,,,,,,,,,
1213,大飲,0,0,0,0,0,0,0,0,0,0
1217,愛之味,0,0,0,0,0,0,0,0,0,0
1258,其祥-KY,0,2.35,4.41,3.8,3.22,2.42,2.81,8.21,0,
1312,國喬,0,4.58,3.18,3.81,1.94,5.9,4.32,4.58,7.69,0.96
1316,上曜,13,18.7,0,0,0,0,0,0,0,0
1321,大洋,0,0,0,0,0,0,0,0,0,0
1337,再生-KY,0,0.04,0.06,1.71,0.24,2.2,3.77,4.19,,
1340,勝悅-KY,1.21,1.74,2.61,1.84,3.13,2.18,,,,
1413,宏洲,0,0,0,0,0,0,0,0,0,0
1416,廣豐,8.92,8.42,18,5.11,1.66,13.5,5.12,0,4.76,0
1418,東華,0,0,0,0,0,0,0,0,0,0
1432,大魯閣,0,0,0,0,0,0,0,0,0,0
1435,中福,0,0,0,0,0,0,0,0,0,0
1438,裕豐,0,0,0,0,0,0,0,0,0,0
1441,大東,4.56,0,0,0,0,0,1,7.33,0,0
1443,立益,0,0,0,0,0,0,0,0,0,0
1444,力麗,4.18,5.07,0,6.07,5.29,0,5.43,4.35,5.18,4.51
1447,力鵬,2.89,0,0,0,0,0,0,0,6.25,0
1449,佳和,0,0,0,0,0,0,0,0,0,0
1451,年興,9.52,5.81,5.43,6.19,7.95,7.14,4.23,4.94,6.23,4.06
1453,大將,0,0,0,0,0,0,0,0,0,0
1455,集盛,2.5,4.49,2.34,2.16,2.39,2.2,0,1.02,5.5,0.6
1456,怡華,0,0,0,0,0,0,0,0,0,0
1459,聯發,0,1.18,0,2.36,4.95,3.54,1.05,5.22,7.35,0
1460,宏遠,0,0,2.83,4.71,4.67,1.27,0,0,0,0
1466,聚隆,0,0,0,0,2.82,2.61,5.09,4.81,1.85,0
1467,南緯,0,0,0,0,2.99,1.47,2.75,2.07,0,0
1468,昶和,0,0,0,0,0,0,0,0,0,0
1471,首利,0,0,0,0,0,0,0,0,0,0
1472,三洋紡,0,0,0,0,0,0,0,0,0,0
1474,弘裕,3.1,5.69,5.26,4.44,3.23,3.61,1.1,4.21,6.96,1.81
1475,本盟,0,0,0,0,0,0,0,0,0,0
1506,正道,0,0,0,0,0,0,0,0,0,0
1512,瑞利,0,0,0,0,0,0,0,6.31,7.04,0
1538,正峰新,0,0,0,0,0,0,0,0,0,0
1541,錩泰,2.75,4.55,6.93,6.06,3.97,0,0,0,0,5.59
1584,精剛,0,0,0,0,0,0,0,0,0,0
1592,英瑞-KY,0,3.85,6.57,1.87,3.42,6.67,,,,
1616,億泰,0,0,0,0,0,0,0,0,0,0
1714,和桐,2.1,4.62,0,0,0,0,1.39,0,0,0
1718,中纖,1.2,0.98,0,1.17,0,0,0,0,0,0
1721,三晃,0,1.99,4.95,0,0,0,0,0,0,0
1732,毛寶,0,0,0,0,0,0,0,2.86,3.56,3.45
1742,台蠟,0,0,0,0,0,0,0,0,1.04,0.26
1781,合世,0,0,0,0,0,1.96,0.26,0,0,0
1795,美時,0,0,0,0,0,0,0,0,1.46,0.32
1796,金穎生技,1.63,1.49,3.83,,,,,,,
1799,易威,0,0,0,0,0,0,0,0,0,4.55
1802,台玻,2.63,3.88,0,0,0,0.4,0.3,1.5,1.92,0.55
1805,寶徠,0,0,0,8.85,0,0,0,0,0,0
1806,冠軍,0,0,0,0,0,1.03,0,4.46,9.42,2.04
1810,和成,2.4,3.85,0,2.13,3.62,3.13,0,4.74,0,0
1815,富喬,3.86,4.19,2.2,2.63,1.83,1.31,0,1.36,5.3,0
1903,士紙,0,0,0,0,0,0,0,0,0,0
1905,華紙,3.9,5.18,2.99,6.51,1.03,0,0,0,10.9,0
2007,燁興,0,0,0,0,0,0,0,0,4.67,0
2008,高興昌,0,0,0,0,0,0,0,0,0,0
2009,第一銅,0,0,0,0,5.93,4.98,0,0,13.4,4.14
2014,中鴻,0.94,0,0,0,0,0,0,0,6.82,0
2017,官田鋼,5.97,5.52,3.5,0,0,0,0,3.26,0,0
2022,聚亨,0,0,0,0,0,0,0,0,0,0
2023,燁輝,1.08,1.94,3.28,0,2.7,2.19,0,3.15,3.01,2.67
2025,千興,0,0,0,0,0,0,0,0,0,0
2028,威致,0,0,0,0,0,0,0,0,0,0
2035,唐榮,0,0,0,0,0,0,0,0,0,0
2038,海光,0,0,0,0,0,0,2.97,9.87,2.27,0
2061,風青,0,0,0,0,0,0,0,0,3.57,4.26
2067,嘉鋼,3.49,0,0,0,2.26,3.11,1.87,,,
2102,泰豐,0,0,0.74,1.54,0.99,1.05,0.43,0.23,0.36,0.92
2109,華豐,0,0,1.59,1.84,11.3,1.33,0,0,0,0
2201,裕隆,3.43,3.19,2.07,3.36,2.32,1.51,1.48,1.82,1.92,0.57
2204,中華,4.35,7.41,6.15,5.73,5.3,3.94,3.12,4.4,3.64,1.03
2208,台船,0,0,0,3.62,3.48,2.99,4.17,5.6,7.76,4
2230,泰茂,1.18,0,1.53,4.23,5.69,3.88,4.21,4.24,1.54,0.88
2243,宏旭-KY,0,2.46,2.22,,,,,,,
2302,麗正,0,0,0,0.38,5.61,0.27,0,0,1.32,0
2305,全友,0,0,0,0,0,0,0,0,0,0
2314,台揚,0.81,0.98,0.39,0,0,0,0,0,0,0
2321,東訊,0,0,0,0,0,0,0,0,0,0
2331,精英,0,8.1,0,12.8,24.7,11.3,2.93,27.5,0,4.42
2332,友訊,1.5,0,2.83,2.79,0,5.38,5.54,5.99,6.48,3.33
2342,茂矽,1.33,0,0,0,0,0,0,0,0,0
2349,錸德,0,0,0,0,0,0,0,0,0,0
2364,倫飛,0,0,0,0,0,0,0,0,0,0
2368,金像電,0,0,0,0,0,0,0,0,2.17,0
2369,菱生,1.92,5.55,3.32,2.22,5.82,4.87,4.4,4.34,9.31,2.73
2371,大同,0,0,0,0,0,0,0,0,0,0
2380,虹光,0,0,0,0,0,0,0,2.79,3.7,1.1
2388,威盛,0,0,0,0,0,0,0,0,0,0
2390,云辰,0,0,0.51,1.17,0,1.32,0,0,0,0
2399,映泰,0,8.24,0,0,0,5.26,3.92,13.7,8.73,9.66
2405,浩鑫,0,0,0.59,0,0,7.73,3.89,0,0,0
2406,國碩,0,0,0,0,0,0,0,2.71,9.2,1.1
2409,友達,4.98,12.2,4.52,2.97,5.14,0.93,0,0,3.08,0
2413,環科,0,0,0,4.22,0,0,0,0,6.44,0
2424,隴華,0,0,0,0,0,0,0,0,0,0
2429,銘旺科,0,0,0,0,0,0,0,0,0,0
2431,聯昌,0,0,4.95,1.91,1.2,0,0,0,2.81,1.76
2434,統懋,0,0,0,0,0,0,0,0,0,0
2438,翔耀,0,0,0,0,0,0,0,0,0,0
2440,太空梭,0,0,0,0,0,0,0,0,0,7.27
2442,新美齊,4.5,0,0.11,0.67,0.44,0.56,0.54,0,18.6,0
2443,億麗,0,0,0,0,0,0,0,0,0,0
2444,兆勁,0,0.48,1.03,1.35,4.48,0,0,0,0,0
2448,晶電,0.93,3.12,0,0,3.25,0.71,0.93,2.08,6.97,1.69
2457,飛宏,0,0,0,0,3.56,2.79,5.29,14.5,10.9,5.37
2460,建通,0,0,0,0,2.25,0,1.82,6.67,8.33,6.83
2461,光群雷,2.15,4.16,4.97,2.69,3.04,3.89,2.35,0,2.03,1.74
2465,麗臺,0,0,0,0,0,0,0,0,0,0
2466,冠西電,0,0,0,0,0,0,0,0,0,0
2482,連宇,0,0,2.56,1.15,0,0,0,0,0,2.87
2485,兆赫,2.45,1.98,4.43,5.98,2.94,4.98,3.76,8.05,7.6,4.36
2486,一詮,0,0,0,0,7.49,3.88,2.58,0,8.91,6.75
2489,瑞軒,0,0,10.4,8.13,10.2,13.2,12.3,8.84,12.5,7.36
2491,吉祥全,0,0,0,0,0,0,0,0,0,0
2497,怡利電,0,0,1.67,4.69,8.31,3.17,0.96,0,0,0
2498,宏達電,0.99,0,0,0,0.49,0,1.42,13.3,7.44,2.89
2506,太設,1.43,1.3,0.93,1.76,2.55,1.47,0.97,1.25,0,0
2514,龍邦,1.62,1.42,2.31,1.24,1.45,1.98,1.05,0,5.63,3.64
2516,新建,0,0,3.45,4.26,4.48,1.13,4.09,3.48,1.87,0
2524,京城,0,7.58,0,0,4.2,0,0,1.57,1.11,0.58
2528,皇普,0,0,0,0,2.4,2.33,0,0,0,0
2537,聯上發,0,0,4.85,8.35,2.2,1.7,0,0,0,0
2540,愛山林,0,0,0,0,0,0,0,0,0,0
2543,皇昌,0,0,3.64,3.3,0,0,0,0,0,0
2603,長榮,0,1.68,0,0,0.75,0,0,0,6.54,0
2609,陽明,0,0,0,0,0,0,0,0,10.3,0
2610,華航,2.31,1.98,0,4.93,0,0,0,0,3.03,0
2611,志信,5.99,1.47,0,2.21,2.59,3.5,4.31,0,0,1.34
2702,華園,0.86,0,1.05,0.74,0.96,0.61,1.08,1.5,1.02,0.51
2704,國賓,1.35,1.74,3.01,3,2.53,1.76,1.34,1.58,1.28,0.42
2705,六福,0,0,0,0.56,1.59,0,0,0,0,0
2712,遠雄來,0,0.28,1.84,3.17,3.82,2.51,1.31,,,
2718,晶悅,0,1.19,1.99,2.62,1.47,0,2.13,3.41,2.21,1.17
2719,燦星旅,0,0,0,0,4.31,6.37,0.92,0.28,6.29,0
2724,富驛-KY,0,0,0,0,0,0,1.34,0,0,
2734,易飛網,0,0,0,3.05,1.73,2.3,0.76,,,
2736,高野,0.61,0.59,1.75,4.63,0.91,0.92,,,,
2740,天蔥,0,0,0,5.19,3.23,,,,,
2841,台開,0,0,0,1.95,1.9,1.7,0,0,0,0
2867,三商壽,0,0,0,0,1.67,0,0,0,,
2911,麗嬰房,0,5.22,0,0,0,0,2.97,4.56,3.27,1.48
2913,農林,1.82,3.15,3.24,3.57,4.11,2.73,0,1.58,1.43,0.56
2924,東凌-KY,0,0,0.87,0.93,3.51,4.28,4.32,4.33,1.62,
2936,客思達-KY,0,1.13,12.5,1.48,,,,,,
3011,今皓,0,0,0,0,0,0,1.22,1.22,0,0
3018,同開,0,0,0,0,3.19,0,3.17,2.91,3.67,0
3027,盛達,0,0,0.1,1.21,2.68,0.77,0.79,2.48,1.01,4.86
3041,揚智,0,0,0,0,4.2,8.76,6.43,5.35,8.67,4.37
3043,科風,0,0,0,0,0,0,0,0,7.61,0
3046,建碁,1.82,0,0,0,0,0,0,0,0,0
3051,力特,0,0,0,0,0,0,0,0,0,0
3054,立萬利,0,1.5,0.6,0,0.6,11,0,0,11.6,1.31
3057,喬鼎,0,0,0,1.91,10.3,4.34,1.07,0,0,2.61
3060,銘異,0,4.11,5.58,12.6,3.86,1.28,2.65,4.07,7.56,2.42
3064,泰偉,0,0,0,0,0,0,0.22,0,0,0
3066,李洲,0,0,0,0,0,0,0,0,0,0
3067,全域,0,0,0,0,0,0,0,3.44,10.5,0
3073,凱柏實業,0,0,0,0,0,0,0,0,0,0.72
3083,網龍,0,0,0,0,0,0,1.06,4.84,12.9,4.19
3085,新零售,0,0,0,0,0,0,0,0,0,0
3086,華義,0,0,0,0,0,0,0,4.39,0,0
3089,元炬,0,0,0,0,0,0,0.77,0,3.02,0
3095,及成,0,0,0,0,0,0,0,0,0,0
3115,寶島極,0,0,0,0,0,0,0,0,0,0
3122,笙泉,0,1.31,3.05,4.94,4.75,3.48,2.33,6.19,10.4,2.68
3149,正達,0,0,0,0,0,0,2.66,2.37,0.29,0
3162,精確,0,0,0,0,0,0,0.8,1.61,2.65,2.81
3176,基亞,0,0,0,0,0,0,0,0,0,0
3191,和進,0,0,0,0,0,0,0,1.42,0,0
3202,樺晟,0,0,0.83,0,3.31,0,0,0,2.74,6.48
3205,佰研,0,3.47,5.59,2.33,0,0,0,0,0,0
3207,耀勝,0,0,0,0,0,0,0,1.91,0.74,0.58
3224,三顧,0,0,0,0,0,0,0,0,0,0
3228,金麗科,0,0,0,0,0,0,0,0,0,0
3229,晟鈦,0,0,0,0,0,0,0,4.36,5.48,0.73
3230,錦明,0,0,0,0,0,0,0,0,0,0
3234,光環,0,0,2.45,8.68,2.92,2.74,0.46,5.61,3.49,1.84
3252,海灣,3.04,0,0,0,0,0,0,0,0,0
3259,鑫創,0,0,0,0,0,0,0,0,0,1.78
3268,海德威,0,0,0,0,0.66,0,0,0,0,0
3276,宇環,0,1.77,3.26,0.9,3.45,0,0,0,0,0
3284,太普高,2.11,6.85,3.76,3.47,0,5.35,5.95,0,11.3,4.57
3287,廣寰科,0,0,0,0,0,0,0,0,13.1,4.61
3288,點晶,0,0,0,0,0,0,0,0,0,0
3308,聯德,0,0,0,0,0,0,0,0,0,3.38
3311,閎暉,0,0,0,3.91,7.41,4.3,9.58,10.2,8.97,4.87
3313,斐成,0,0,0,0,0,0,0,0,0,0
3321,同泰,0,0,0,12.2,3.18,,,,,
3322,建舜電,2.99,0,0,0,3.26,0,0,0,0,2.97
3339,泰谷,0,0,0,0,0,0,0,0,7.52,0
3346,麗清,4.93,7.18,4.28,1.06,1.24,1.3,0.95,,,
3356,奇偶,0,0,2.54,8.3,7.5,6.67,3.57,5.86,4.61,7.69
3362,先進光,1.03,0.07,0.65,0,7.83,0,0,0,0,0
3372,典範,0,0,0,0,0,0,0,0,0,0
3374,精材,0,0,0,1.53,2.01,1.08,0.32,0.54,5.26,0.2
3379,彬台,0,0,0,0,4.43,2.57,9.3,7.38,2.82,3.93
3383,新世紀,0,0,0,0,0,0,0,0,0,0
3419,譁裕,0,0,2.2,0,0,0,0.42,0,0,0
3437,榮創,0,3.57,0.95,6.7,6.15,2.85,,,,
3438,類比科,0,0,0,1.73,11.5,4.2,3.93,3.77,9.76,2.92
3465,進泰電子,0,0,0,0,0,0,0,0,0,0
3494,誠研,0,0,0,0,2.29,0,0,7.21,2.78,2.94
3498,陽程,0,1.4,1,4.33,3.64,6.3,0.62,0,0,1.75
3504,揚明光,0.6,0,0,2.15,4.14,3.33,3.44,4.69,5.77,1.83
3508,位速,0,0,0,0,0,0,8.87,5.47,0.78,0
3511,矽瑪,0,0,0,4.38,0,5.39,3.31,7.19,23.6,2.92
3512,皇龍,0,0,0,0,0,0,1.75,0,0,0
3516,亞帝歐,0,0,0,0,0,0,0,0,0,3.57
3518,柏騰,0,0,1.47,4.79,5.6,2.11,0.74,1.39,8.56,9.23
3520,振維,0,0,0,0,0,0,0,0,0,4.1
3521,鴻翊,0,0,0,0,0,0,0,0,0,0
3522,御頂,0,0,0,0,5.06,3.18,3.57,3.8,9.64,1.19
3523,迎輝,0,0,0,0,0,0,0,0,0,0
3536,誠創,0,0,0,0,0,0,0,0,0,0
3552,同致,0,3.36,4.34,1.81,1.06,2.7,1.81,3.45,3.68,0.47
3555,重鵬,0,2.4,0.16,0,0,0,0,16.5,7.87,0.02
3557,嘉威,0,0,0,0,0,0,0,0,0,0.6
3576,聯合再生,0,0,0,0,0.82,1,0,0,24.2,0
3593,力銘,0,0,0,0,0,0,0,0,9.71,10.8
3607,谷崧,2.96,4.98,4.49,12.7,8.35,5.6,6.26,5.07,11.6,7.69
3609,東林,2.65,1.32,0,0,0,0,0,4.6,2.8,2.44
3615,安可,1.9,3.93,0.42,1.21,0,1.75,3.94,3.54,0.28,0.2
3623,富晶通,11.6,13.7,9.65,10.2,6.85,2.95,0,0,0,1.17
3629,地心引力,0,0,0,0,0,0,0,0,4.18,1.51
3630,新鉅科,0,0,0,0,0,2.55,0,1.68,7.53,0.7
3631,晟楠,0,0,0,0,0,0,2.55,10.8,9.15,1.87
3632,研勤,0,0,0,0,0,0.93,0.33,0.89,2.06,1.1
3642,駿熠電,0,0,0,0,1.25,1.36,2.79,14.6,4.32,
3664,安瑞-KY,0,0,0,0,0,0,0,3.65,0,0
3666,光耀,0,8.36,3.88,4.28,13.2,1.26,0.6,0,0,0
3673,TPK-KY,0,6.21,0,0,0.57,2.63,11.9,3.85,0,
3682,亞太電,0,0,0,0,0,2.64,4.83,0,,
3686,達能,0,0,0,0,0,0,0,0,6.54,0
3693,營邦,0,0,7.21,7.97,5.17,3.5,1.2,3.35,2.73,
3694,海華,0,0,0,0,0,0,0,0,3.57,2.27
3698,隆達,1.09,1.12,0,4.9,6.16,4,1.37,0,4.88,
3701,大眾控,0,0,0,0,0,0,0,0,0,0
3704,合勤控,0,0,1.31,0,1.17,1.69,0,7.72,3.85,0
3707,漢磊,0.54,0,0,0,0,,,,,
3710,連展投控,0,0,,,,,,,,
3712,永崴投控,12.1,,,,,,,,,
4102,永日,0,0,0,0,1.3,0,1.04,5.39,3.6,1.32
4108,懷特,0,0,0,0,0,0,0,0,0,0
4109,加捷生醫,0,0,0.44,0.99,0.82,1.26,1.51,0,0,1.61
4113,聯上,1.82,0.96,1.17,8.85,9.44,10.2,5.3,0.69,0,0
4127,天良,0,0,0,1.69,3.02,4.33,0.85,0,0,0.7
4128,中天,0,0,0,0,0,0,0,0.28,0.81,0
4131,晶宇,0,0,0,0,0,0,0,0,0,0
4141,龍燈-KY,0,0,4.44,0,2.31,1.05,1.67,1.34,,
4142,國光生,0,0,0,0,0,0,0,0,0,
4147,中裕,0,0,0,0,0,0,0,0,0,
4152,台微體,0,0,0,0,0,0,0,0,,
4153,鈺緯,5.01,0,0,8.45,3.56,2.01,0.98,2.42,1.33,
4154,康樂-KY,0,0,0,0,4.55,2.16,8.84,4.75,0,
4157,太景*-KY,0,0,0,0,0,0,,,,
4167,展旺,0,0,0,0,0,0,0,,,
4168,醣聯,0,0,0,0,0,0,0.01,0.01,,
4171,瑞基,0,0,0,0,0,0,0,,,
4174,浩鼎,0,0,0,0,0,0,0,,,
4188,安克,0,0,0,0,0,0,,,,
4192,杏國,0,0,0,0,0,0,,,,
4198,環瑞醫,0,0,0,0,0,0,,,,
4304,勝昱,0,0,0,0,0,0,0,0,0,0
4402,福大,0,0,0,0,0,0,0,0,0,0
4406,新昕纖,0,0,0,0,0,0,0,7.95,3.08,0
4414,如興,0,0,0,0,0,0,0,0,0,0
4419,元勝,0,0,0,0,0,0,0,0,0,0
4429,聚紡,0,0,2.24,2.21,2.13,1.82,1.47,11.3,8.56,3.31
4432,銘旺實,5.86,3.29,7.4,8.78,5.46,3.67,4.29,5.07,,
4503,金雨,2.07,0,0,0,0,0,0,0,0,0
4510,高鋒,5.37,3.87,3.75,4.61,7.97,3.19,1.04,5.59,0,0
4513,福裕,8.1,0,0,5.26,0,0,0,0,0,0
4523,永彰,0,0.87,1.24,1.09,1.76,0.89,0.63,2.42,1.28,0.45
4529,淳紳,0,0,0,0,0,2.81,0,0,0,0
4530,宏易,0,0,0,0,0,0,0,0,0,0
4534,慶騰,0,3.06,2.81,1.71,5.92,0,0,0,5.56,0
4540,全球傳動,6.94,0.93,0.63,0,1.86,,,,,
4562,穎漢,6.28,5.54,2.78,2.22,,,,,,
4563,百德,6.4,6.36,4.1,,,,,,,
4609,唐鋒,0,0,0,0,0,0,0,0,6.36,1.31
4702,中美實,0,0,0,0,0,0,0,0,0,0
4712,南璋,0,0,0,0,0,0,4.29,0.95,0,0
4725,信昌化,0,0,0,0,0,0,1.42,15.8,12.5,1.19
4726,永昕,0,0,0,0,0,0,0,0,0,0
4729,熒茂,0,0,0,0,0,0,0,0,0,0
4743,合一,0,0,0,0,0.26,0.36,0,0.24,0,0.32
4746,台耀,1.19,5.22,4.17,1.98,2.87,0,0,7.09,3.45,3.47
4804,大略-KY,0,4.63,7.73,1.25,0.31,,,,,
4806,昇華,0,0,0.44,1.14,1.36,,,,,
4807,日成-KY,13.3,5.71,3.88,,,,,,,
4903,聯光通,0,0,0,0.48,2.79,0,4.07,2.19,0,5.04
4911,德英,0,0,0,0,0.13,0,0,0,0,0
4924,欣厚-KY,0,0,0,0,0,0,0,5.93,3.03,
4934,太極,0,0,0,3.69,2,2.65,0,0,1.78,
4944,兆遠,0,0,0,0,1,0,0,0,1.97,
4946,辣椒,0,1.45,0,0,0,0.61,1.04,1.41,1.19,
4950,牧東,0,0,5.8,2.75,3.24,0,0,0,2.05,
4956,光鋐,0,3.21,0,0,3.88,2.38,2.51,2.54,2.37,
4960,誠美材,0,0,0,3.66,12.3,1.5,4.8,5.69,8.93,
4976,佳凌,0,0,0,0,1.93,1.33,6.33,2.6,,
4979,華星光,0,0,0,8.57,1.31,0.83,1.13,0.53,0.93,
5011,久陽,6.45,0,3.11,2.97,6.48,2.68,6.27,7.9,0,0
5014,建錩,0,3.3,4.53,0,6.62,1.37,4.35,1.36,2.89,0.89
5202,力新,2.61,0,0,0,0,0,0,0,0,0
5205,中茂,,,0,0,0,0,0,0,1.55,2.38
5210,寶碩,0,0,0,0,4.55,0,0,1.42,6.4,3.87
5213,亞昕,10.6,6.24,2.86,9.27,7.33,6.3,2.5,5.67,2.75,0
5227,立凱-KY,0,0,0,0,0,0,0,,,
5251,天鉞電,0,3.99,9.86,6.82,11.4,4.93,5.31,2.97,,
5258,虹堡,0,2.99,8,1,1.75,2.3,3.08,5.41,,
5272,笙科,0,7.73,3.45,2.56,6.49,3.65,5.6,,,
5276,達輝-KY,4.76,6.39,9.78,8.64,8.93,,,,,
5301,寶得利,0,0,0,0.57,0.4,0,0,0,0,0
5302,太欣,0,0,0,0,0,0,0,0,0,0
5304,鼎創達,0,0,0,0,0,0,0,0,0,0
5309,系統電,0,0,0,0,0,0,0,0,0,0
5310,天剛,0,0,0,1.2,0,0,0,0,0,0
5314,世紀,0,0,0,0,0,0,0,0,0,0
5321,友銓,0,0,0,0,0,0,0,0,0,0
5324,士開,0,0,0,0,0,0,2.39,3.19,0.91,0
5328,華容,0,0,3.08,0,0,0,0,3.56,1.42,0
5340,建榮,0,0,0,0,0,0,0,0,0,0
5344,立衛,0,0,0,0,0,0,9.49,3.4,10.5,6.48
5345,天揚,0,0,0,3.54,0,0,0,0,0,0
5348,系通,,,0,0,0,0,0,0,0,0
5349,先豐,0,0,3.44,8.31,9.39,6.16,5.61,4.46,5,2.4
5351,鈺創,0,0,0,0,1.42,0,0,0,1.25,0.24
5355,佳總,0,0,0,0,5.07,0,0,0,0,0
5364,力麗店,0,0,4.44,4.88,0,0,0,0,0,0
5381,合正,0,0,0,0,0,0,0,0,0,0
5383,金利,0,0,0,0,5.14,1.6,0,1.63,7,2.55
5426,振發,8.47,0,6.49,4.88,9.3,6.49,7.12,5.19,8.46,11.4
5432,達威,2.48,0,0,0,0,0,0,0,0,0
5450,寶聯通,0,0,0,0,0,0,0,0,0,0
5455,昇益,0,0,0,0,0,0,0,0,0,0
5468,凱鈺,0,0,0,0,0,0,0,0,0,0
5475,德宏,0,0,0,0,0,0,0,6.33,0,0
5481,新華,2.66,0,0,0,0,0,0,0,0,0
5484,慧友,0,0,0,0,0,0,0,0,0,8.6
5488,松普,18.4,0,0.94,0,0,0,0,0,0,2.8
5521,工信,0,7.38,1.23,0,0,1.98,2.05,5.22,3.95,0
5529,志嘉,0,0,0,0,3.07,5.16,5.04,0,0,0.54
5531,鄉林,0,0,0,0,0,0,0,0,0,0
5603,陸海,0,5.41,5.67,8.37,10.5,0.46,0,5.97,0,0
5608,四維航,0,0,0,0,4.25,5.45,4.74,6.74,12,10.1
5701,劍湖山,0,0,0,0,0,0,0,0,0,0
5703,亞都,0,0.78,0.8,2.06,1.62,2.23,2.17,2.17,1.18,0
5902,德記,0,0,0,0,0,0,0,0,0,0
5906,台南-KY,0,0,0,0,0,0,0,1.97,2.49,
6021,大慶證,7.6,3.18,0,0,0,4.7,2.2,0,4.04,0
6101,寬魚國際,0,0,0,0,0.63,0,0,0,0,0
6103,合邦,0,0,0,0,0,0,0,0,0,0
6109,亞元,0.96,4.93,8.26,9.72,6.06,0,0,0,0,2.48
6113,亞矽,0,0,0,0,0,0,0,0,0,0
6116,彩晶,3.71,7.1,5.03,0,0,1.9,0,0,0,0
6117,迎廣,0,10,0,0,2.02,1.52,1.4,3.48,2.29,1.17
6118,建達,0,0,0,0,0,1.51,3.13,1.95,2.48,1.46
6120,達運,2.24,2.49,0.76,1.62,7.8,0,1.85,3.16,10,3.34
6124,業強,0,0,0,0,0,0,0,0,0,0
6127,九豪,0,1.5,1.43,0,0,0,0,3.66,5.16,0
6129,普誠,0,0,0,0,0,0,2.43,5.97,11.2,2.63
6130,星寶國際,0,0,0,0,7.35,2.66,7.04,0,0,
6131,鈞泰,0,0.08,0,0,0,2.47,5.41,3.69,3.34,4.8
6134,萬旭,0,0,0,0,0,0,0,0,4.13,9.62
6140,訊達,0,0,0,0,0,0,0,1.46,0.97,0
6142,友勁,0,0,7.07,0,0,5.49,6.08,0,1.2,0.8
6144,得利影,0,0,0,0,0,0,0,0,0,0
6150,撼訊,3.12,8.83,0,0,0,0,0,3.68,13.7,5.85
6152,百一,0,0,0,0,0,10.6,6.67,5.8,7.78,4.15
6160,欣技,3.89,0,5.56,3.64,6.12,2.27,4.74,9.5,8.77,3.94
6164,華興,2.82,4.75,6.51,3.72,8.51,6.1,1.53,4.31,3.34,2.47
6165,捷泰,0,0,0,0,0,0,0,0,0,0.57
6167,久正,0,0,0,0,0,0,0,0,0,0
6168,宏齊,7.35,7.75,0,0,10.4,0.59,0,1.26,4.73,2.06
6169,昱泉,0,0,0,0,0,0,0,2.99,0,12.3
6174,安碁,6.8,3.48,7.66,6.8,8.57,6.86,1.65,1.31,3.25,0
6198,凌泰,0,0,0,0,0,0,0,0,0,0
6209,今國光,0,0,1.44,0,0,2.64,5.42,3.76,3.18,0
6212,理銘,6.9,3.43,4.89,4.87,0,0,0,0,0,0
6222,上揚,0,0,0,0,0,0,0,0,0,0
6225,天瀚,0,0,0,0,0,0,0,0,0,0
6228,全譜,0,0,0,0,0,0,0,0,0,0
6233,旺玖,0,0,0,0,0,0,0,0,0,0
6235,華孚,3.67,1.66,9.32,0,0,0,0,0,0,0
6236,康呈,0,0,0,0,0,0,0,0,0,0
6240,松崗,0,0,0,0,0,0,0,0,0,0
6241,易通展,0,0,0,0,13.6,5.73,7.16,0,0,0
6243,迅杰,0,0,0,0,0,0,0,0,10.8,3.72
6244,茂迪,0,0,0,0,0,1.03,0,0,10.4,0.84
6246,臺龍,0,0,0,0,0,0,0,0,0,0
6247,淇譽電,0,1.94,1.4,5.34,0.7,0,1.67,1.69,3.67,4.08
6251,定穎,0,0,0,0,0,0,0,2.61,0.94,10.2
6259,百徽,0,0,0,0,0,0,0,0,0,0
6264,富裔,0,0,0,0,0,0,0,0,0,0
6265,方土昶,0,0,0,7.61,13.5,4.17,0,1.08,0,0
6275,元山,0,3.89,3.29,2.72,3.92,0,0,0,4.39,0
6283,淳安,0,0,1.02,0,0,0,0,0,0,0
6287,元隆,0,0,0,0,0,0,0,0,0,0
6289,華上,0,0,0,0,0,0,0,0,0,0
6291,沛亨,0,0,0,0,0,0,0,0,0,0
6404,通訊-KY,0,0,0,1.26,3.79,0.26,,,,
6419,京晨科,0,0,0,0,0,9.07,,,,
6431,光麗-KY,0,0,0,0,24.4,8.62,,,,
6443,元晶,0,0,0,0,0,,,,,
6446,藥華藥,0,0,0,0,0,,,,,
6461,益得,0,0,0,0,0,,,,,
6465,威潤,1.82,2.04,3.7,2.97,1.01,,,,,
6482,弘煜科,0,0,2.96,2.27,0,,,,,
6492,生華科,0,0,0,0,0,,,,,
6497,亞獅康-KY,0,0,0,,,,,,,
6499,益安,0,0,0,0,0,,,,,
6512,啟發電,3.15,2.86,11.4,5.5,,,,,,
6535,順藥,0,0,0,0,,,,,,
6541,泰福-KY,0,0,0,0,,,,,,
6542,隆中,4.65,0,5.33,0.33,,,,,,
6547,高端疫苗,0,0,0,0,,,,,,
6573,虹揚-KY,1.02,4.52,1.53,,,,,,,
6576,逸達,0,0,0,,,,,,,
6589,台康生技,0,0,0,,,,,,,
6649,台生材,0,0,,,,,,,,
8011,台通,0,0,2.8,0,5.54,2.68,2.88,2.49,6.94,
8024,佑華,2.74,2.96,2.68,1.74,4.76,6.43,6.99,1.65,13.1,4.27
8027,鈦昇,0.91,0,0,2.23,3.32,0.8,,,,
8033,雷虎,0,0,0,0,0,0,0,0,0,0
8038,長園科,0,0,0,0,0,0,0,0,0,0
8042,金山電,5.59,8.26,5.12,5,8.11,7.29,7.07,6.7,14.2,5.62
8047,星雲,0,3.15,2.87,3.23,3.13,1.4,1.8,1.57,0,0
8059,凱碩,0,0,2.11,3.12,4.94,0,0,0,0,6.5
8067,志旭,0,0,0,0,0,0,0,0,0,0
8068,全達,0,0,0,0,0,0,0,0,0,0
8077,洛碁,0,0,0,0,0,0,0,0,0,0
8080,永利聯合,0,0,0,0,0,0.72,0,0,0,0
8084,巨虹,0,0,0,0,0,0,0,0,0,0
8085,福華,0,0,0,0,0,0,0,0,0,0
8087,華鎂鑫,0,1.29,0,0,0,0,2.59,0,0,1.09
8092,建暐,0,0,0,0,0,0,0,0,0,0
8093,保銳,0,0,0,0,0,0,0,0,0,6.06
8097,常珵,0,0,0,0,0,0,0,0,0,0
8101,華冠,0,0,0,0,0,0,0,1.88,0,0
8110,華東,2.58,7.87,1.55,1.83,3.86,0.85,0,0,4.83,0.78
8121,越峰,0,0,0,0,0,0,0,1.64,2.29,0
8147,正淩,1.7,7.62,5.74,5.63,4.33,1.32,1.88,,,
8201,無敵,0,0,0,0,0,0,0,3.41,1.35,2.9
8277,商丞,0,0,0,0,0,3.09,0,0,0,5.42
8289,泰藝,2.78,2.49,4.52,6.07,5.8,3.73,0,6.89,10,2.75
8291,尚茂,0,0,0,0,0,0,0,0,6.7,0
8403,盛弘,1.67,1.94,1.35,4.28,1.04,1.36,1.18,1.28,2.97,2.08
8409,商之器,0,0,0,0,0,0,0,1,0.87,
8411,福貞-KY,0,2.8,1.35,0.87,3.02,1.01,0.41,1.85,1.19,0.51
8418,捷必勝-KY,0,0,1.54,0,1.31,1.83,1.12,6.51,0.48,
8421,旭源,2.77,1.72,7.02,2.56,0,0,5.26,1.67,4,
8426,紅木-KY,0,7.56,9.73,4.61,11.6,6.04,4.23,7.18,0,
8431,匯鑽科,0,0,0,0,2.95,2.06,5.07,1.94,,
8444,綠河-KY,3.08,4,1.99,1.15,2.74,0.78,,,,
8450,霹靂,2.09,0,3.29,2.94,1.77,2.07,,,,
8476,台境,0,0,0.84,0.19,,,,,,
8932,宏大,4.36,0,0,0,0,0,0,0,0,0
8933,愛地雅,0,0,1.38,4.48,2.69,1.95,0.58,1.21,2.21,1.7
8934,衡平,0,0,0,0,0,0,0,0,0,0
8935,邦泰,0,0,0,0,0,0,0,0,0,0
8940,新天地,0,0,0,0,0,0,4.24,7.95,3.34,0.31
9906,欣巴巴,0,0,0,0,0,0,0,0,0,0
9907,統一實,4.03,4.12,2.72,2.31,2.85,3.25,0.49,3.24,5.71,4.38
9912,偉聯,0,0,0,0,11.6,7.78,27,0,0,0
9928,中視,0,0,0,0,0,0,0,0,0,0
9929,秋雨,0,0,0,0,0,0,0,0,0,0
9944,新麗,0,1.84,1.53,1.44,1.43,0.82,0.8,1.22,2.24,0.75
9949,琉園,0,0,0,0,2.14,3.05,2.73,2.72,3.41,3.57
9950,萬國通,0,0,0,2.31,2.26,4.74,2.99,6.15,7.02,8.89
9955,佳龍,0,0,0,0,0,0,1.42,0,6.21,3.92
