代號,名稱,EPS,DividendYield,CashDividend,StockDividend
3008,大立光,129.167,1.7679999999999996,40.45,
6669,緯穎,16.328333333333333,,,
4966,譜瑞-KY,20.016,1.76875,6.624999999999999,
6488,環球晶,13.78,4.558,9.64,
3293,鈊象,12.107000000000001,5.341000000000001,7.828999999999999,
6409,旭隼,15.276,3.28,14.442857142857141,
6415,矽力-KY,12.328,0.9133333333333332,4.3966666666666665,
1565,精華,27.203999999999997,3.78,20.634999999999998,
3406,玉晶光,6.251999999999999,,,
5274,信驊,13.192222222222222,2.167142857142857,9.3125,
2227,裕日車,18.493000000000002,6.502222222222223,16.86,
8299,群聯,19.369999999999997,4.354000000000001,10.176,
2207,和泰車,16.478,3.2989999999999995,9.809999999999999,
6121,新普,12.913,4.523,7.13,
3533,嘉澤,12.035000000000002,4.1739999999999995,5.069000000000001,
3563,牧德,8.048,4.901,5.948000000000001,
5904,寶雅,10.132000000000001,3.382,7.1129999999999995,0.33125
5536,聖暉,13.484,7.065,8.850999999999999,
6510,精測,15.347142857142856,,6.25,
4137,麗豐-KY,11.5125,3.8228571428571425,7.748571428571429,
3611,鼎翰,13.437999999999999,4.795,8.298,
8070,長華,10.778000000000002,6.212000000000001,7.0,
8436,大江,7.350999999999999,0.9742857142857142,1.7822222222222222,1.891111111111111
6670,復盛應用,12.159999999999998,,,
2915,潤泰全,13.710000000000003,4.382,2.9490000000000003,
2059,川湖,14.165000000000001,2.4050000000000002,7.028999999999999,
2327,國巨,6.6850000000000005,4.489999999999999,11.464999999999998,
2357,華碩,21.69,5.638999999999999,14.827000000000002,
1256,鮮活果汁-KY,9.599,2.625,4.0575,
5269,祥碩,6.528999999999999,1.7950000000000002,4.05625,
1476,儒鴻,11.172,2.731,6.75,0.43999999999999995
3665,貿聯-KY,8.784,4.826666666666666,5.0,
2729,瓦城,12.422,4.16125,9.486999999999998,
5278,尚凡,4.225,,,
8464,億豐,11.584285714285715,,,
8437,大地-KY,10.561428571428573,2.8760000000000003,5.27,
2404,漢唐,6.494,8.133,4.167999999999999,
2454,聯發科,18.084999999999997,4.5,14.05,
6613,朋億,12.1,,,
2474,可成,19.669999999999998,3.3330000000000006,7.158000000000001,
1590,亞德客-KY,10.964,2.1899999999999995,5.178888888888888,
5287,數字,13.330000000000002,4.838571428571428,11.362222222222222,
1264,德麥,12.783333333333335,4.89,9.916666666666666,
4439,冠星-KY,13.92,,,
2492,華新科,3.638000000000001,2.848,4.522,
4420,光明,3.832,5.344,1.3649999999999998,
2379,瑞昱,6.919,4.6850000000000005,4.455,
2330,台積電,9.986000000000002,3.308,5.3,
6414,樺漢,9.745555555555555,2.3957142857142855,6.7942857142857145,
3034,聯詠,9.392999999999999,5.621,6.8889999999999985,
8406,金可-KY,12.970000000000002,1.9775,5.73375,
5289,宜鼎,8.459,4.305714285714286,3.8400000000000003,0.8433333333333333
6176,瑞儀,9.082,6.1209999999999996,5.389999999999999,
6462,神盾,4.1025,,,
2439,美律,7.973999999999999,5.900999999999999,5.546,
1537,廣隆,8.98,6.11,6.261,
6803,崑鼎,10.827000000000002,5.3629999999999995,8.905999999999999,
2929,淘帝-KY,11.265555555555556,4.321666666666667,4.6066666666666665,
3324,雙鴻,4.484999999999999,2.3775,1.32625,
5871,中租-KY,6.636,3.811111111111111,2.7544444444444447,
4803,VHQ-KY,8.031666666666666,,,
3044,健鼎,7.7299999999999995,4.746,3.675,
2548,華固,9.631,7.902999999999999,5.455,
1558,伸興,12.281,6.683999999999999,8.67,
3131,弘塑,13.389,5.7170000000000005,8.75,
5534,長虹,10.078999999999999,8.156000000000002,5.82,
6569,醫揚,8.683333333333334,,5.8,
8422,可寧衛,11.251000000000001,5.533333333333333,9.563333333333333,
5283,禾聯碩,6.4590000000000005,4.458749999999999,3.1875,
3105,穩懋,5.276999999999999,2.9233333333333333,2.425555555555556,
2707,晶華,9.974,4.198,9.665,0.9733333333333333
2395,研華,8.069999999999999,3.126,5.433,
6666,羅麗芬-KY,6.086,,,
1439,中和,4.189,9.737142857142857,1.8571428571428572,
8016,矽創,6.298999999999999,4.974,3.78,
8446,華研,5.518000000000001,3.8900000000000006,4.228571428571429,
4766,南寶,10.556000000000001,,,
2383,台光電,6.377999999999998,5.3149999999999995,2.791,
2912,統一超,10.126999999999999,3.382,8.014999999999999,
1580,新麥,10.305000000000001,5.725,7.25,0.4666666666666666
6269,台郡,8.623000000000001,3.5700000000000003,3.0780000000000003,0.5437500000000001
6456,GIS-KY,18.16125,4.127999999999999,4.4,
8454,富邦媒,7.642222222222222,3.276666666666666,6.549000000000001,
4958,臻鼎-KY,6.713999999999999,3.775,3.0162500000000003,
6643,M31,8.165000000000001,,,
4438,廣越,8.770000000000001,,5.491999999999999,
2732,六角,7.964444444444445,3.5414285714285714,3.6014285714285714,
1707,葡萄王,7.242,3.7119999999999997,4.668000000000001,
4536,拓凱,6.937,3.91125,4.375,
5288,豐祥-KY,7.362500000000001,4.488333333333333,4.085,
5434,崇越,6.5059999999999985,6.037000000000001,3.7879999999999994,
6452,康友-KY,11.54857142857143,2.596,7.24,
8416,實威,7.669,5.41125,5.24,
6538,倉和,6.468333333333334,,2.9333333333333336,
3152,璟德,8.544,4.198,7.226999999999999,
9945,潤泰新,8.058,5.175,2.5100000000000002,
9941,裕融,6.368999999999999,5.174999999999999,4.132,
4163,鐿鈦,6.263,3.1475,3.5799999999999996,
8083,瑞穎,7.264999999999999,5.36,5.7,
9921,巨大,8.541,3.021,5.24,
3708,上緯投控,5.242500000000001,,,
2345,智邦,3.5799999999999996,5.67,2.065,
6294,智基,4.755,,,
8341,日友,5.822857142857144,2.912,2.7350000000000003,
2308,台達電,7.300000000000002,3.772,5.0680000000000005,
6568,宏觀,8.745000000000001,,4.38,
8480,泰昇-KY,7.353333333333334,,,
8081,致新,7.019999999999999,7.469000000000001,6.157,
2428,興勤,5.848999999999999,4.916,2.5599999999999996,
1477,聚陽,7.943,5.351999999999999,6.664,
2228,劍麟,6.781999999999999,3.615714285714285,3.857,
3558,神準,9.218,5.557,6.005,
3130,一零四,8.584,5.54,7.103,
2458,義隆,3.66,5.06,2.4859999999999998,
9910,豐泰,5.5649999999999995,4.0520000000000005,3.6499999999999995,0.5199999999999999
2385,群光,6.492,5.929,4.165000000000001,0.1722222222222222
3570,大塚,4.821000000000001,4.6209999999999996,2.586,
9914,美利達,7.798,3.286,4.26,
2317,鴻海,8.336000000000002,2.9930000000000003,2.6100000000000003,0.9857142857142858
5903,全家,5.794,2.4969999999999994,4.33,
8499,鼎炫-KY,9.48,,,
6213,聯茂,4.2010000000000005,5.648000000000001,2.196,
6230,超眾,6.527000000000001,4.551,3.8349999999999995,
4190,佐登-KY,-13.3825,4.058,3.7,
4736,泰博,5.611,5.619000000000001,4.91,
6596,寬宏藝術,4.496666666666667,,,
2231,為升,7.934,3.489,5.758000000000001,1.1266666666666667
4580,捷流閥業,6.2725,,,
5306,桂盟,4.815,2.265714285714286,2.5285714285714285,
5299,杰力,3.0637499999999998,3.881428571428571,1.6057142857142856,
6472,保瑞,2.8457142857142856,1.028,1.0799999999999998,
8279,生展,4.878571428571428,,,
3413,京鼎,4.914,3.31,4.4,
6683,雍智科技,6.8575,,,
6561,是方,5.895,,,
9802,鈺齊-KY,4.632,4.486249999999999,2.4987500000000002,
3548,兆利,4.331,3.9410000000000003,1.815,
5474,聰泰,4.131,4.865714285714286,3.057142857142857,
8482,商億-KY,9.464,,,
6491,晶碩,3.981428571428571,,,
8210,勤誠,4.731999999999999,6.271,2.81,
1582,信錦,5.497,7.938999999999998,4.436999999999999,
4551,智伸科,4.83111111111111,3.6,4.2299999999999995,
9951,皇田,6.838000000000001,4.159,3.8,
6239,力成,5.435,4.929,3.435,
3023,信邦,4.4750000000000005,5.186999999999999,2.692,
4938,和碩,5.319999999999999,5.6499999999999995,3.6785714285714284,
6214,精誠,3.899,6.586999999999999,3.604,
3529,力旺,5.292999999999998,2.3059999999999996,4.82,
6146,耕興,6.758,4.416,5.204999999999999,0.13777777777777778
3376,新日興,5.811999999999999,4.208,3.496,
6504,南六,5.479000000000001,1.9300000000000002,2.548,
1268,漢來美食,6.743333333333335,,,
3661,世芯-KY,3.3560000000000003,,,
4119,旭富,4.353,4.121,2.8750000000000004,
8462,柏文,5.055714285714287,1.8920000000000001,2.7199999999999998,1.7099999999999997
5546,永固-KY,7.14,,,
1515,力山,1.893,,,
4430,耀億,2.9370000000000003,3.9379999999999997,1.413,
6278,台表科,4.683000000000001,3.8659999999999997,1.72,0.6833333333333332
4126,太醫,5.334000000000001,3.5944444444444446,2.8555555555555556,
6274,台燿,3.4880000000000004,4.154999999999999,1.6499999999999997,
1788,杏昌,6.0489999999999995,4.937,4.62,
8066,來思達,5.247000000000002,7.351999999999999,7.2,
3596,智易,4.731,4.147,2.12,
6672,騰輝電子-KY,4.958333333333333,,,
4402,福大,0.12200000000000015,,,
6641,基士德-KY,4.354,,,
6111,大宇資,0.649,,,
4572,駐龍,5.745,,,
6192,巨路,5.476999999999999,4.991,3.0100000000000002,
4107,邦特,3.9130000000000003,3.65,2.438,
2752,豆府,13.538,,,
3004,豐達科,3.726,,,
3479,安勤,4.394,6.374,2.8660000000000005,
2377,微星,3.695000000000001,5.360999999999999,2.5680000000000005,
2348,海悅,-3.146,,,
5263,智崴,3.8488888888888897,1.4280000000000002,2.9899999999999998,
3653,健策,4.023000000000001,3.9200000000000004,2.844,
4763,材料-KY,4.1587499999999995,,,
6486,互動,4.6899999999999995,7.720000000000001,3.7,
6411,晶焱,4.272222222222222,3.502857142857143,2.18375,
6290,良維,3.2689999999999997,5.498,1.941,
5234,達興材料,4.343000000000001,5.3475,2.8,
5312,寶島科,5.470000000000001,4.3950000000000005,3.3,
6147,頎邦,4.228,4.785555555555556,2.4277777777777776,
3617,碩天,6.103999999999999,5.432,4.1850000000000005,
3227,原相,3.8919999999999995,3.8899999999999997,3.38,
4953,緯軟,2.5300000000000002,3.2266666666666666,1.07,0.34
6435,大中,4.18375,5.495,3.6133333333333333,
6451,訊芯-KY,9.724444444444444,3.694,4.245,
3526,凡甲,3.4479999999999995,6.646000000000001,3.143,
8114,振樺電,7.206,5.584,5.782,0.35000000000000003
2373,震旦行,4.346000000000001,5.368,3.4549999999999996,
3010,華立,5.273999999999999,6.047000000000001,2.87,
1232,大統益,4.981999999999999,5.648000000000001,4.11,
3455,由田,2.6729999999999996,4.358,2.31,
8466,美吉吉-KY,7.158571428571428,,,
5469,瀚宇博,2.147,3.09,0.64,
6277,宏正,5.637,6.814,4.91,
5604,中連貨,2.4960000000000004,6.368999999999999,1.989,
2049,上銀,8.171,1.455,3.1599999999999997,0.29000000000000004
8942,森鉅,4.463000000000001,4.595000000000001,3.105,
3541,西柏,4.737,5.234,3.2399999999999998,
1773,勝一,4.712,6.195,3.3300000000000005,
1301,台塑,5.229000000000001,4.409,3.9299999999999997,
6592,和潤企業,4.739999999999999,,,
8924,大田,1.8820000000000001,,,
3088,艾訊,4.813000000000001,6.518000000000001,3.085,
1341,富林-KY,8.748000000000001,,,
6464,台數科,6.741428571428571,4.162,5.388333333333333,
2114,鑫永銓,6.030000000000001,5.684,4.349,
3527,聚積,6.2700000000000005,6.426,5.284000000000001,
3211,順達,6.435,6.95,4.748,
1723,中碳,7.169,4.970000000000001,6.37,
1102,亞泥,2.9330000000000003,5.111,1.77,0.24
2397,友通,3.2399999999999998,6.048,2.782000000000001,
2491,吉祥全,0.36300000000000016,,,
3532,台勝科,1.904,2.2257142857142855,2.0357142857142856,
5530,龍巖,4.336,3.51,2.511111111111111,
9943,好樂迪,4.5059999999999985,7.394444444444444,3.6555555555555554,
4912,聯德控股-KY,5.069000000000001,4.362222222222223,3.388888888888889,
6125,廣運,0.374,3.7916666666666665,0.4683333333333333,
1215,卜蜂,3.218,4.5920000000000005,1.5900000000000003,
2239,英利-KY,9.19,,,
2881,富邦金,4.563,3.9939999999999998,1.78,
8497,格威傳媒,5.928333333333334,,,
3679,新至陞,5.6659999999999995,6.764999999999999,4.0649999999999995,
4557,永新-KY,5.43875,6.234,4.316,
6577,勁豐,5.74,,4.082,
6664,群翊,4.885000000000001,,,
1730,花仙子,3.068,5.391,1.8449999999999995,
6223,旺矽,5.472000000000001,4.751111111111111,3.1755555555555555,
3217,優群,2.3880000000000003,7.191999999999998,1.5290000000000001,
1777,生泰,3.868,3.399,2.335,
9946,三發地產,2.939,,,
6552,易華電,2.7600000000000002,,,
6706,惠特,7.8375,,,
2723,美食-KY,7.358000000000001,1.7429999999999999,3.55,
6579,研揚,4.788333333333333,,,
6206,飛捷,6.199999999999999,5.87,4.78,0.8266666666666667
6525,捷敏-KY,5.446666666666666,,,
4549,桓達,4.804444444444444,3.955,3.442857142857143,0.38
6238,勝麗,4.3309999999999995,,,
6690,安碁資訊,2.665,,,
9938,百和,3.7689999999999997,3.8800000000000003,1.89,
3388,崇越電,5.574,7.427000000000001,4.890000000000001,
6180,橘子,1.209,,,
1339,昭輝,3.7620000000000005,4.01,1.7166666666666666,
2233,宇隆,5.998,4.658888888888889,3.7788888888888885,
2640,大車隊,4.641,4.41625,2.997777777777778,0.7777777777777778
4571,鈞興-KY,5.05,,,
2354,鴻準,6.618999999999998,2.7780000000000005,2.0900000000000003,0.5142857142857143
5225,東科-KY,3.8799999999999994,5.68125,2.73,
2597,潤弘,4.478,8.657,3.9849999999999994,
1259,安心,4.802,3.2555555555555555,2.566666666666667,
3026,禾伸堂,3.3009999999999997,6.9590000000000005,3.47,
6263,普萊德,3.661,6.699,2.89,
6582,申豐,5.318333333333334,,,
8109,博大,4.548,5.859,3.4,
8424,惠普,4.188000000000001,5.433333333333334,2.13,
2939,凱羿-KY,10.4625,,,
5478,智冠,4.099,3.9299999999999997,2.844,
3081,聯亞,8.278571428571428,2.26,6.166666666666667,
3515,華擎,6.117,8.132,6.358,
2850,新產,3.692,6.435,1.677,
4974,亞泰,4.090999999999999,7.025555555555555,2.6477777777777782,
2926,誠品生活,6.783333333333333,4.524285714285715,6.61875,
9942,茂順,5.431,5.447000000000001,3.78,
6138,茂達,2.197,5.3629999999999995,1.78,
1326,台化,5.281,4.826,4.264999999999999,
6023,元大期,3.585,6.939,2.6159999999999997,
6514,芮特-KY,2.8762499999999998,,,
9917,中保科,4.234999999999999,4.643000000000001,3.5799999999999996,
3546,宇峻,3.434,4.2716666666666665,3.3816666666666664,
8171,天宇,0.6060000000000001,,,
4915,致伸,3.7310000000000003,4.34,1.7555555555555555,
4987,科誠,5.109999999999999,6.628888888888888,3.7777777777777777,
1338,廣華-KY,7.2,3.6475,3.275,
6279,胡連,6.6800000000000015,5.361,4.839,
2727,王品,8.434999999999999,3.73,7.628888888888889,
2882,國泰金,3.261,3.0090000000000003,1.38,0.476
3213,茂訊,4.534000000000001,7.778999999999999,3.5,
5511,德昌,3.9159999999999995,5.036,1.305,
1521,大億,5.034999999999999,6.476999999999999,4.17,
3443,創意,4.215,2.9169999999999994,3.349,
2923,鼎固-KY,2.0879999999999996,1.4828571428571427,0.33428571428571435,
9939,宏全,4.353,4.49,2.55,
2456,奇力新,3.647,3.5949999999999998,2.2139999999999995,
4175,杏一,3.6089999999999995,3.802857142857143,2.5375,
3684,榮昌,3.2119999999999997,5.553,1.9090000000000003,
2643,捷迅,3.4328571428571424,5.564,1.7149999999999999,
6224,聚鼎,4.83,6.453,3.7880000000000003,
4568,科際精密,5.7124999999999995,,,
4942,嘉彰,3.0130000000000003,5.198888888888888,1.8359999999999999,
5215,科嘉-KY,3.745,6.678888888888888,2.3333333333333335,
8938,明安,2.153,4.861,1.7400000000000002,
5203,訊連,5.478,6.3180000000000005,5.175,
2066,世德,5.16,4.02,3.69,
3045,台灣大,5.236,5.391,5.340000000000001,
6412,群電,3.3649999999999998,4.762857142857143,2.347142857142857,0.049999999999999996
6173,信昌電,1.5539999999999998,3.104,1.3699999999999999,
6271,同欣電,6.695,4.877999999999999,5.284999999999999,
2360,致茂,4.147,3.4699999999999998,2.966,
2905,三商,2.569,2.884,0.639,
4994,傳奇,4.147,0.6749999999999999,0.8583333333333334,4.7
8284,三竹,2.4490000000000003,2.17,1.032,
4927,泰鼎-KY,3.8810000000000002,5.847142857142857,2.0542857142857143,
8155,博智,3.3919999999999995,5.93375,2.6662500000000002,
6281,全國電,4.573,6.501,3.9339999999999997,
1101,台泥,2.668,5.414,1.9980000000000004,
2496,卓越,1.4629999999999996,,,
3501,維熹,4.772,7.0840000000000005,3.38,
4560,強信-KY,3.3300000000000005,,,
6629,泰金-KY,39.989999999999995,,,
9924,福興,3.1670000000000003,5.943,1.94,
6210,慶生,4.479,7.934,3.06,
1437,勤益控,1.1179999999999999,,,
3036,文曄,4.535,6.522,2.62,
5493,三聯,3.1770000000000005,6.666000000000001,1.8650000000000002,
2524,京城,2.8339999999999996,,,
6292,迅德,3.1729999999999996,8.419,2.45,
6416,瑞祺電通,4.6275,3.061666666666666,3.3757142857142854,
1736,喬山,3.5589999999999997,1.8780000000000001,1.085,1.0799999999999998
2065,世豐,4.865,,2.1050000000000004,
6523,達爾膚,6.234285714285714,,3.71,
6527,明達醫,2.6342857142857143,2.312,1.058,
2433,互盛電,3.8270000000000004,7.667,3.0669999999999997,
2412,中華電,5.045,5.061,4.949000000000001,
4977,眾達-KY,4.347,4.71,3.857142857142857,0.4
1726,永記,5.154,5.042999999999999,3.38,
5388,中磊,4.286,4.551,2.7609999999999997,
6186,新潤,2.6019999999999994,9.048571428571426,2.0,
2459,敦吉,3.5780000000000003,6.825,2.303,
2480,敦陽科,2.535,6.947,2.1710000000000003,
4735,豪展,1.4660000000000002,3.8480000000000003,1.6380000000000003,
6141,柏承,0.8270000000000002,3.9419999999999993,0.5399999999999999,
8442,威宏-KY,3.0271428571428567,,,
3226,至寶電,1.4650000000000003,,,
6245,立端,3.1779999999999995,3.013,1.3690000000000002,0.5266666666666667
3265,台星科,3.2940000000000005,5.2700000000000005,1.517,
1527,鑽全,3.595,5.94125,2.8287500000000003,
3491,昇達科,3.4339999999999997,4.994,3.0470000000000006,
6114,久威,2.4370000000000003,,,
2382,廣達,4.7219999999999995,5.955,3.7329999999999997,
4995,晶達,2.509,5.848888888888889,1.8888888888888888,
8433,弘帆,4.737,5.58,3.478888888888889,
8255,朋程,6.281000000000001,4.952,5.0,
2392,正崴,3.55,4.662000000000001,2.189,
8916,光隆,2.9430000000000005,5.596000000000001,2.2510000000000003,
2347,聯強,3.527,5.267,2.3449999999999998,
8213,志超,4.116,6.051,2.069,
3310,佳穎,0.643,3.7057142857142855,1.17,
6679,鈺太,2.3874999999999997,,,
9911,櫻花,2.347,4.962,1.4049999999999998,
6202,盛群,3.446,6.9449999999999985,3.313,
6574,霈方,6.035,,,
2301,光寶科,3.3520000000000003,6.3260000000000005,2.536,0.049999999999999996
3092,鴻碩,2.137,6.0,2.32,
3583,辛耘,2.662,3.06,1.755,
4104,佳醫,3.2079999999999997,4.276999999999999,2.266,
4916,事欣科,4.391,5.232222222222222,2.2733333333333334,
1240,茂生農經,4.156,,,
2451,創見,6.151,7.230000000000001,5.929,
9904,寶成,3.489,4.1690000000000005,1.45,
3030,德律,4.058,6.906999999999999,3.05,
3711,日月光投控,4.516666666666667,,,
5403,中菲,2.774,7.528999999999999,2.117,
1525,江申,5.129999999999999,2.7630000000000003,1.725,
3587,閎康,4.013,4.852222222222221,3.035555555555556,
6221,晉泰,2.1729999999999996,4.845555555555556,1.1133333333333335,
1702,南僑,3.3669999999999995,4.069999999999999,1.9844444444444445,
6616,特昇-KY,2.3325,,,
5522,遠雄,5.877000000000001,8.741,3.8400000000000007,
6605,帝寶,5.955,3.7090000000000005,3.06,
5483,中美晶,1.65,3.34,1.9666666666666668,
6505,台塑化,3.9779999999999993,3.4829999999999997,3.4410000000000003,
3702,大聯大,3.5090000000000003,6.314,2.369,
4506,崇友,2.4959999999999996,5.015000000000001,1.56,
1560,中砂,3.721,4.901,2.8499999999999996,
2726,雅茗-KY,3.0688888888888886,4.173333333333334,2.4171428571428573,
2546,根基,2.27,8.565,1.7419999999999998,
2928,紅馬-KY,2.7283333333333335,,,
4745,合富-KY,3.5700000000000003,2.8069999999999995,1.659,
6196,帆宣,2.4910000000000005,5.202,1.594,
1227,佳格,3.715,2.6629999999999994,1.9799999999999998,1.4125
6285,啟碁,4.988000000000001,4.504,3.126,0.3333333333333333
4138,曜亞,4.069999999999999,5.356,3.4989999999999997,
1593,祺驊,2.771,6.134444444444444,2.482222222222222,
3551,世禾,3.6580000000000004,4.634,1.8829999999999998,
8271,宇瞻,3.069,6.794,1.8650000000000007,
6123,上奇,2.7700000000000005,6.595000000000001,2.319,
6203,海韻電,3.306,7.273000000000001,2.591,
3005,神基,2.153,5.417999999999999,1.558,
1315,達新,1.7879999999999998,4.003,1.13,
4105,東洋,3.6119999999999997,2.71,2.486,1.44
4417,金洲,3.133,3.971,1.2100000000000002,0.44999999999999996
6177,達麗,3.55,11.606,2.778,1.0474999999999999
4755,三福化,2.748,3.6314285714285712,1.4185714285714286,
5347,世界,2.5149999999999997,4.194,1.876,
6581,鋼聯,4.238333333333334,,,
5223,安力-KY,2.676,,,
6716,應廣,3.9175,,,
8150,南茂,2.6279999999999997,4.596666666666667,1.2157142857142857,
4205,中華食,2.636,4.142,1.8800000000000001,
9958,世紀鋼,1.1549999999999998,2.3514285714285714,0.35000000000000003,
2488,漢平,2.5599999999999996,7.1450000000000005,1.6800000000000002,
5876,上海商銀,3.0112500000000004,4.744,1.6142857142857143,
8435,鉅邁,3.56,6.23,2.955,
2464,盟立,2.4819999999999998,5.302999999999999,1.73,
6591,動力-KY,5.716666666666666,,,
4754,國碳科,2.3862499999999995,3.6557142857142857,1.5042857142857142,
8481,政伸,3.5566666666666666,,,
3019,亞光,-0.5569999999999999,,,
8112,至上,2.168,7.238999999999999,1.511,
6024,群益期,3.145,5.121999999999999,1.7730000000000004,
6698,旭暉應材,1.95,,,
6184,大豐電,3.0069999999999997,4.4750000000000005,2.129,
2637,慧洋-KY,3.7119999999999997,4.961,1.716,0.75
3014,聯陽,0.8799999999999997,6.288571428571428,2.0742857142857143,
3338,泰碩,2.0250000000000004,5.005,1.40125,
6470,宇智,3.7899999999999996,6.81,3.0,
2015,豐興,3.4799999999999995,5.822999999999999,2.875,
1319,東陽,2.7369999999999997,2.6439999999999997,1.161,
2063,世鎧,2.405,4.666000000000001,1.4999999999999998,
3147,大綜,2.1562499999999996,4.585000000000001,0.682,1.1800000000000002
5432,達威,1.242,,,
1216,統一,2.9930000000000003,3.322,1.9599999999999997,0.65
2472,立隆電,2.596,5.017777777777777,1.6933333333333334,
3416,融程電,3.6390000000000002,5.908,3.16,0.4800000000000001
2441,超豐,3.207,6.207,2.225,
3090,日電貿,2.693,6.305,2.1000000000000005,1.2166666666666668
2816,旺旺保,1.652,,,
3511,矽瑪,0.47300000000000003,8.482000000000001,2.0100000000000002,
8091,翔名,5.179,6.939,4.339,
8928,鉅明,1.4350000000000005,6.3260000000000005,1.8,
3556,禾瑞亞,4.066,6.582000000000001,3.6999999999999993,0.3875
4566,時碩工業,2.561666666666667,,,
4943,康控-KY,2.9339999999999997,2.3874999999999997,1.9055555555555554,1.1
9930,中聯資源,3.3620000000000005,5.4030000000000005,2.79,
6257,矽格,2.7239999999999998,6.897000000000001,1.818,
3557,嘉威,-1.108,,,
3680,家登,1.5799999999999998,0.9129999999999999,0.39799999999999996,
6469,大樹,3.7057142857142855,1.8359999999999999,1.54,1.04
5706,鳳凰,3.2430000000000008,5.116,2.271,
6242,立康,0.5219999999999999,,,
2408,南亞科,3.403,5.41,3.3840000000000003,
2539,櫻花建,3.0789999999999997,2.3190000000000004,0.616,1.385
4552,力達-KY,7.668571428571428,,,
1503,士電,2.4099999999999997,3.2949999999999995,1.2999999999999998,
2313,華通,1.783,3.52625,0.7125,
8163,達方,1.533,4.988,1.38,
1465,偉全,1.5390000000000001,5.997000000000002,0.85,
2823,中壽,2.4560000000000004,1.8616666666666666,0.5333333333333333,0.8811111111111111
5609,中菲行,1.8939999999999997,5.324,1.0929999999999997,
1541,錩泰,1.7239999999999998,4.851999999999999,2.1439999999999997,
2420,新巨,3.1159999999999997,7.411,2.41,
3454,晶睿,5.8469999999999995,4.273,4.0969999999999995,0.32800000000000007
5209,新鼎,4.002,6.662999999999999,3.429,
1323,永裕,2.7310000000000003,4.796,1.355,
3317,尼克森,0.764,,,
8048,德勝,1.9819999999999998,4.429,1.2229999999999999,
6624,萬年清,1.918,,,
6680,鑫創電子,3.6149999999999998,,,
3206,志豐,1.8489999999999998,4.543999999999999,0.9500000000000002,0.25000000000000006
2731,雄獅,4.225,4.195714285714286,3.377777777777778,
3218,大學光,1.1640000000000001,3.856666666666667,1.125,
4968,立積,1.075,,,
6261,久元,4.845,7.159000000000001,3.974,0.09833333333333333
3483,力致,1.044,2.5970000000000004,0.741,
6671,三能-KY,4.75,,,
5455,昇益,-1.1760000000000002,,,
5907,大洋-KY,3.375,4.742500000000001,1.73,
2235,謚源,3.632,3.965,3.0,
4581,光隆精密-KY,3.315,,,
1434,福懋,2.094,4.5360000000000005,1.41,
3537,堡達,2.054,5.789,1.48,
3691,碩禾,17.720999999999997,4.392222222222221,12.965555555555556,
4528,江興鍛,2.871,3.2730000000000006,1.2799999999999998,0.38
6115,鎰勝,3.592,8.462,3.5060000000000002,
2376,技嘉,3.3,7.532000000000001,2.68,
8342,益張,2.894,,2.6689999999999996,
4991,環宇-KY,2.95,0.9283333333333333,0.6150000000000001,
5607,遠雄港,1.2650000000000001,,,
5878,台名,3.4000000000000004,5.908333333333332,2.664285714285714,
6715,嘉基,0.5860000000000001,,,
6143,振曜,4.079,6.534000000000001,3.2990000000000004,
3630,新鉅科,-0.8259999999999998,,,
6640,均華,3.6,,,
8039,台虹,3.5470000000000006,5.151000000000001,2.136,
6570,維田,2.2083333333333335,,,
1231,聯華食,2.681,3.588,1.2369999999999999,
2809,京城銀,3.35,4.534285714285715,1.3571428571428572,
8917,欣泰,1.9040000000000004,2.9,1.373,
5243,乙盛-KY,2.4362500000000002,4.916666666666667,1.7116666666666667,
6615,慧智,2.6,,,
8489,三貝德,2.66,,,
1210,大成,2.4189999999999996,4.182999999999999,1.2479999999999998,
4721,美琪瑪,2.002,4.4670000000000005,1.551,
1303,南亞,3.9260000000000006,4.532,3.11,
2108,南帝,1.847,4.465000000000002,1.0150000000000001,0.5055555555555555
2608,嘉里大榮,2.2,3.2019999999999995,1.251,
6248,沛波,-0.2089999999999998,,,
6282,康舒,1.8359999999999999,5.598999999999999,1.333,
4120,友華,3.5269999999999997,2.586,1.542,
3029,零壹,1.502,4.647,0.8959999999999999,
8131,福懋科,2.269,6.6370000000000005,1.6800000000000002,
2527,宏璟,1.686,4.5520000000000005,0.8350000000000002,
2375,凱美,1.047,,,
4164,承業醫,2.6710000000000003,3.6062499999999997,2.11125,
1109,信大,0.907,3.0969999999999995,0.39599999999999996,
3022,威強電,3.7689999999999997,5.593999999999999,2.3760000000000003,
2115,六暉-KY,2.811,3.0342857142857147,1.3357142857142859,
3705,永信,2.2640000000000002,4.430000000000001,1.9300000000000002,
2367,燿華,0.8270000000000002,,,
2748,雲品,2.938333333333333,,,
4550,長佳,2.4887500000000005,6.103333333333333,1.3571428571428572,
4564,元翎,1.8566666666666665,,,
2455,全新,2.2600000000000007,4.024,1.921,
5490,同亨,3.0309999999999997,5.960000000000001,2.4530000000000003,
4999,鑫禾,5.56,5.78875,2.8444444444444446,
6426,統新,2.83,2.275,1.2842857142857143,
6590,普鴻,2.063333333333333,,,
3528,安馳,3.144,6.2059999999999995,2.108,0.4766666666666668
5007,三星,3.2739999999999996,4.3229999999999995,2.3120000000000003,
5538,東明-KY,2.4375,6.63,1.9928571428571427,
6128,上福,3.2600000000000002,7.228,2.35,
1795,美時,-0.409,,,
8069,元太,1.866,,,
2206,三陽工業,1.1039999999999996,,,
2421,建準,1.969,5.6419999999999995,1.549,
3003,健和興,2.4720000000000004,2.399,0.9679999999999997,
3017,奇鋐,2.106,3.6740000000000004,0.9850000000000001,
2351,順德,2.9290000000000003,4.454,1.7899999999999998,
4972,湯石照明,2.7260000000000004,5.945,1.7911111111111113,0.3757142857142858
5487,通泰,1.687,6.9,1.564,
6201,亞弘電,2.283,7.676,2.1500000000000004,
3444,利機,1.64,4.8919999999999995,1.0100000000000002,
4904,遠傳,3.1559999999999997,5.146999999999999,3.4299999999999997,
1201,味全,0.875,1.7280000000000002,0.6,
6508,惠光,2.252,4.779,1.3450000000000002,0.17777777777777776
8467,波力-KY,2.9325,4.324,1.8820000000000001,
2542,興富發,6.644,8.818000000000001,4.214,
3706,神達,2.301428571428571,4.65,1.3633333333333333,
5371,中光電,3.218,8.886000000000001,3.0,
6494,九齊,2.967142857142857,7.036,2.54,
4935,茂林-KY,3.4769999999999994,3.8912500000000003,1.875,
6532,瑞耘,1.9683333333333335,,1.278,
3169,亞信,1.98,5.797,1.8400000000000003,
6189,豐藝,2.697,8.623999999999999,2.433,
3402,漢科,1.7580000000000002,6.7700000000000005,1.7560000000000002,
2520,冠德,2.2589999999999995,4.934,1.058,
3521,鴻翊,-0.13000000000000006,,,
5439,高技,2.3739999999999997,7.697999999999999,1.921,
6112,聚碩,2.4669999999999996,6.069,1.72,0.86
4722,國精化,2.477,5.210000000000001,1.4789999999999999,
6697,東捷資訊,2.3659999999999997,,,
8455,大拓-KY,2.063333333333333,,,
1536,和大,2.8110000000000004,2.2314285714285718,2.5085714285714285,
2316,楠梓電,2.577,,,
3605,宏致,2.604,4.083,1.52,
6556,勝品,3.6616666666666666,,,
3114,好德,1.0999999999999999,3.8300000000000005,0.6080000000000001,
8086,宏捷科,2.1289999999999996,3.882,2.4,
4764,雙鍵,5.505,,,
4919,新唐,2.57,5.74,1.97,
5206,坤悅,1.2289999999999999,,,
8420,明揚,1.2260000000000002,3.4149999999999996,0.7250000000000001,
1229,聯華,2.177,5.3149999999999995,1.26,0.53
4931,新盛力,-0.7919999999999999,,,
8028,昇陽半導體,2.5957142857142856,4.512,1.44,
8383,千附,2.5919999999999996,4.578,1.6090000000000004,
3032,偉訓,1.762,5.760000000000001,1.6071428571428572,
2449,京元電子,1.8199999999999998,6.151111111111111,1.3466666666666667,
3078,僑威,1.9720000000000002,4.731,1.109,
1817,凱撒衛,2.625,4.99625,1.8,
5212,凌網,0.8029999999999999,3.2020000000000004,0.8039999999999999,
2221,大甲,1.4869999999999999,4.55875,1.0174999999999998,
5285,界霖,2.3369999999999997,3.9857142857142853,1.88125,
1436,華友聯,1.7009999999999998,,,
9927,泰銘,3.083,7.0200000000000005,2.2969999999999997,
6122,擎邦,0.9209999999999999,,,
1583,程泰,3.9210000000000003,3.543,1.9229999999999996,
3580,友威科,-0.6250000000000001,,,
5519,隆大,2.9509999999999996,4.180000000000001,0.793,1.9066666666666665
6612,奈米醫材,1.05,,,
6182,合晶,-0.11199999999999996,,,
3231,緯創,2.588,6.022,1.7689999999999997,0.37777777777777777
6197,佳必琪,1.391,5.412857142857143,1.587142857142857,
9937,全國,2.274,5.638,1.9700000000000002,
5015,華祺,2.0759999999999996,8.116999999999999,1.9099999999999997,
8088,品安,1.4049999999999998,5.154999999999999,1.0875,
3264,欣銓,2.293,5.703,1.3989999999999998,0.09999999999999999
6432,今展科,2.3771428571428572,4.889999999999999,1.3233333333333335,
8410,森田,2.887,4.903999999999999,1.64,
1785,光洋科,1.17,4.39,1.3800000000000001,
4305,世坤,2.255,6.359,1.81,
8107,大億金茂,0.6379999999999999,,,
6231,系微,2.635,3.4019999999999997,2.473,
5284,jpp-KY,3.74625,4.595000000000001,2.6350000000000002,
1507,永大,3.3579999999999997,4.127000000000001,2.2399999999999998,
2478,大毅,1.2530000000000001,2.232,0.658,0.418
3675,德微,1.4819999999999998,,,
6208,日揚,1.3889999999999998,5.144444444444444,0.8388888888888888,
2867,三商壽,1.627,,,0.8399999999999999
3531,先益,1.7630000000000003,6.444,1.3599999999999999,
5425,台半,2.3529999999999998,5.098,1.7279999999999998,
1312,國喬,2.042,4.1066666666666665,0.7777777777777778,
2535,達欣工,2.564,8.344,1.6300000000000001,
4426,利勤,3.0639999999999996,1.089,0.40199999999999997,1.156
3056,總太,3.338,8.105,1.6,
6195,詩肯,4.382,7.148888888888887,3.7799999999999994,
6655,科定,2.65,,,
8473,山林水,3.0214285714285714,,3.072,
3037,欣興,1.6170000000000002,3.401,0.9600000000000002,
8049,晶采,0.852,5.916666666666667,0.995,
1522,堤維西,1.403,5.1160000000000005,1.48,
2601,益航,0.5449999999999999,,,
8908,欣雄,1.7599999999999998,2.0716666666666668,0.7416666666666668,0.9080000000000001
2937,集雅社,1.4666666666666668,,,
3167,大量,3.148,6.6370000000000005,2.3,
5356,協益,5.475,8.879,3.56,
6104,創惟,1.1350000000000002,6.946,2.732,
6108,競國,2.051,7.98,1.5666666666666664,
8432,東生華,2.9210000000000003,3.38625,2.2222222222222223,
3303,岱稜,0.6859999999999999,5.452857142857143,1.0685714285714285,
3426,台興,3.3533333333333335,,2.04,
3484,崧騰,2.4099999999999997,5.354,1.59,
6139,亞翔,2.378,6.0360000000000005,1.661,
6477,安集,1.3785714285714286,2.01,0.47400000000000003,
2338,光罩,0.5379999999999999,5.301428571428572,0.5414285714285715,
5457,宣德,0.4299999999999999,,,
6417,韋僑,1.7688888888888892,2.1750000000000003,0.8571428571428571,
6662,樂斯科,2.354,,,
1615,大山,1.071,5.298,0.7,
1752,南光,1.248,2.305,0.86,
3042,晶技,3.1319999999999997,5.930000000000001,2.34,
2509,全坤建,2.248,6.261,1.35,
2891,中信金,1.843,3.8589999999999995,0.756,0.7028571428571427
8103,瀚荃,3.346,6.017999999999999,2.043,
8349,恒耀,3.499,4.576666666666666,3.198888888888889,
1402,遠東新,1.9679999999999995,4.349,1.3599999999999999,0.23333333333333336
1597,直得,2.293,1.2375,0.6666666666666666,
2423,固緯,1.736,4.079,0.8699999999999999,0.5357142857142857
2636,台驊投控,2.005,4.9030000000000005,1.186,0.4714285714285714
4747,強生,2.342,3.447777777777778,1.371,0.952
2616,山隆,2.4029999999999996,6.2989999999999995,1.568,
4527,方土霖,2.0929999999999995,5.26,1.3829999999999998,
1808,潤隆,3.6510000000000007,9.248999999999999,3.5389999999999993,
2886,兆豐金,1.9289999999999998,5.194000000000001,1.2479999999999998,
9925,新保,2.448,5.2459999999999996,1.8500000000000003,
2477,美隆電,1.288,,,
6642,富致,1.9949999999999999,,,
8050,廣積,3.4840000000000004,6.831,3.1159999999999997,0.39999999999999997
1234,黑松,2.7090000000000005,4.233,1.385,
1720,生達,1.8380000000000003,4.096000000000001,1.386,
1722,台肥,2.3150000000000004,4.013,2.13,
3093,港建,2.7800000000000002,6.295,2.3880000000000003,
1760,寶齡富錦,0.6390000000000002,1.332,1.03,
8240,華宏,1.584,4.868571428571429,1.7000000000000004,
1786,科妍,0.8239999999999998,,,
2467,志聖,1.564,8.506666666666666,1.5649999999999997,
1904,正隆,1.292,4.215999999999999,0.605,
6161,捷波,0.812,5.175,0.7333333333333334,
1595,川寶,5.51,6.006666666666666,3.17,
3163,波若威,2.1820000000000004,,,
1533,車王電,1.4409999999999998,1.3025,0.5125000000000001,
1598,岱宇,1.9279999999999997,3.2199999999999998,1.29,
1626,艾美特-KY,0.9739999999999999,,,
4744,皇將,0.458,,,
4952,凌通,2.6149999999999993,7.639999999999999,2.5555555555555554,
5520,力泰,1.8050000000000004,5.978,1.6,
2743,山富,1.9257142857142857,,,
3260,威剛,3.407000000000001,5.73375,2.85875,
3272,東碩,3.3289999999999997,3.197142857142857,1.7285714285714284,
5291,邑昇,1.5412499999999998,,,
6166,凌華,2.586,3.406,1.61,
5471,松翰,2.695,7.172999999999999,2.838,
9926,新海,1.8780000000000001,3.3619999999999997,1.3299999999999998,0.4928571428571429
1103,嘉泥,0.764,3.503333333333334,0.5166666666666667,
3530,晶相光,0.7949999999999999,,,
6191,精成科,0.8139999999999998,,,
1604,聲寶,1.0850000000000002,5.30888888888889,0.7477777777777778,
2493,揚博,2.538,9.067777777777778,2.261111111111111,
4171,瑞基,-0.10399999999999998,,,
5220,萬達光電,2.5214285714285714,7.832000000000001,2.1599999999999997,
5508,永信建,4.8469999999999995,10.467,4.351999999999999,
5514,三豐,1.569,,,
6234,高僑,0.5269999999999999,2.6624999999999996,0.48750000000000004,
1717,長興,2.0140000000000002,4.557999999999999,1.3399999999999999,
2328,廣宇,1.0010000000000001,2.567142857142857,0.5485714285714286,
2634,漢翔,1.9,3.192,1.15,
1599,宏佳騰,3.3120000000000003,4.48125,2.0825,
2020,美亞,0.8229999999999998,,,
2904,匯僑,2.2190000000000003,8.498,1.948,
6183,關貿,1.452,4.269,1.152,
5489,彩富,3.177,5.617,2.496,
1611,中電,0.421,,,
2832,台產,2.134,5.2509999999999994,1.136,
5410,國眾,1.375,7.097777777777777,0.9477777777777777,
8040,九暘,-0.16999999999999996,,,
2852,第一保,1.7429999999999999,6.355,0.9699999999999999,
1203,味王,1.1960000000000002,3.4189999999999996,0.818,
2606,裕民,2.229,5.757999999999999,2.445,
4767,誠泰科技,1.77,,,
4961,天鈺,1.656,2.5883333333333334,0.8833333333333334,
6457,紘康,1.8671428571428572,6.014,1.7433333333333334,
8367,建新國際,1.781,,0.7374999999999999,
5016,松和,2.7119999999999997,6.183,1.8099999999999998,
8403,盛弘,1.939,1.9149999999999998,0.7420000000000001,0.505
4971,IET-KY,3.3011111111111107,1.925714285714286,1.4837500000000001,
8941,關中,1.9869999999999997,6.302,3.2,
2534,宏盛,1.337,5.058888888888888,0.9888888888888892,
9931,欣高,1.8030000000000002,4.154000000000001,1.22,
6558,興能高,1.5999999999999999,,,
1608,華榮,0.7240000000000001,,,
2514,龍邦,1.1629999999999998,1.5814285714285714,0.28,
2851,中再保,1.4580000000000002,5.281428571428571,0.8571428571428571,
2359,所羅門,1.068,5.612,1.02,
2393,億光,3.2910000000000004,5.9959999999999996,2.875,
3332,幸康,3.0349999999999997,6.244000000000001,2.545,
6609,瀧澤科,2.3119999999999994,4.712000000000001,1.23,
8926,台汽電,1.7690000000000001,5.632,1.2499999999999998,
3323,加百裕,1.175,5.5,1.2600000000000002,
4737,華廣,2.281,4.062,2.5599999999999996,
6188,廣明,2.104,7.075,1.9400000000000002,
8472,夠麻吉,3.2285714285714286,,2.4939999999999998,
2436,偉詮電,0.86,2.3471428571428565,0.5685714285714286,
4728,雙美,0.655,,,
2536,宏普,2.869,6.803,1.766,
2352,佳世達,1.0299999999999998,5.241999999999999,0.9339999999999999,
3709,鑫聯大投控,1.32,,,
2414,精技,1.4810000000000003,7.609999999999999,1.274,
3071,協禧,0.631,,,
3567,逸昌,1.329,6.410999999999999,1.135,
6216,居易,2.1109999999999998,7.955,1.932,
2476,鉅祥,1.8719999999999999,5.743,1.277,
3006,晶豪科,1.7389999999999997,4.095,1.408,
8996,高力,1.855,3.1,1.3777777777777775,
6266,泰詠,1.1650000000000003,4.901111111111111,0.6888888888888888,0.44166666666666665
2362,藍天,2.1550000000000002,3.7889999999999993,1.533,
2885,元大金,1.2560000000000002,3.5062499999999996,0.53625,
3171,新洲,0.6349999999999998,,,
4401,東隆興,3.479,5.383,2.6799999999999997,
6668,中揚光,4.244,,,
1104,環泥,1.8439999999999999,4.476000000000001,0.905,
1233,天仁,2.217,4.939,2.065,
1737,臺鹽,1.149,3.4620000000000006,0.9559999999999998,
2884,玉山金,1.4489999999999998,1.9479999999999997,0.38500000000000006,0.742
3038,全台,0.62,,,
2855,統一證,1.171,,,
6548,長科*,4.463333333333333,,7.008,
4155,訊映,2.52,3.315555555555556,1.117777777777778,2.3
6560,欣普羅,1.7466666666666668,,,
9940,信義,2.8050000000000006,4.773,1.8199999999999998,1.3166666666666667
6194,育富,0.8259999999999998,6.325999999999999,1.3190000000000002,
2471,資通,1.379,7.65888888888889,1.1866666666666665,
2642,宅配通,1.89,2.64,0.8428571428571429,
4116,明基醫,1.5259999999999998,2.806,0.8540000000000001,
6227,茂綸,1.376,5.07,0.8699999999999999,
9908,大台北,1.3900000000000001,4.286,1.0,
1310,台苯,0.905,,,
2355,敬鵬,3.6670000000000003,4.8790000000000004,1.9900000000000002,
3209,全科,2.251,4.843999999999999,1.15,0.825
4908,前鼎,1.864,5.12,1.317,
5525,順天,1.64,5.686,1.02,
6449,鈺邦,2.107777777777778,4.04,1.4400000000000002,
1504,東元,1.69,3.643,0.8890000000000002,
3048,益登,1.507,5.182,0.758,
2337,旺宏,0.31500000000000006,,,
2612,中航,2.181,4.434,1.78,
3450,聯鈞,6.08,4.8,3.9,
4303,信立,2.5330000000000004,,,
3663,鑫科,0.663,,,
1464,得力,1.196,7.192,1.7560000000000002,
2615,萬海,1.3410000000000002,4.982857142857142,0.9014285714285714,
4139,馬光-KY,0.6600000000000001,,,1.2916666666666667
4542,科嶠,2.272,,,
8234,新漢,1.9430000000000003,3.425,0.9629999999999999,1.018
1712,興農,1.349,5.675,0.874,
2012,春雨,0.689,4.363333333333334,0.7166666666666667,
2324,仁寶,1.9989999999999999,6.466999999999999,1.4790000000000003,
2450,神腦,3.7400000000000007,5.825,3.3059999999999996,
5305,敦南,1.1480000000000001,3.9244444444444446,0.9888888888888887,
1519,華城,0.8530000000000001,3.3869999999999996,0.577,
6205,詮欣,2.0519999999999996,5.458,1.409,
8358,金居,0.944,,,
9905,大華,2.2079999999999997,5.638,1.6,
2006,東和鋼鐵,1.6620000000000001,5.493,1.302,
8390,金益鼎,1.044,2.6319999999999997,0.658,0.23333333333333336
1225,福懋油,1.057,2.2344444444444447,0.6911111111111112,
1513,中興電,1.307,5.295,1.0,
2892,第一金,1.358,3.5879999999999996,0.6900000000000001,0.43
6485,點序,3.4585714285714286,,,
1589,永冠-KY,5.458,3.591428571428572,3.64,
2107,厚生,2.478,7.17,1.4749999999999999,
2356,英業達,1.491,6.289999999999999,1.245,
9933,中鼎,2.69,5.787999999999999,2.509,
2034,允強,1.6580000000000001,6.065,1.3509999999999998,
8477,創業家,2.0233333333333334,,1.296,1.05
6496,科懋,3.3828571428571435,6.092,3.4,
1762,中化生,1.7470000000000003,3.076,1.27,
5443,均豪,0.8780000000000001,5.890000000000001,1.1366666666666667,
2481,強茂,0.4600000000000001,,,
4973,廣穎,2.608,7.603749999999999,1.8788888888888888,
8032,光菱,2.693,5.904000000000001,1.61,
9935,慶豐富,-0.38400000000000006,,,
2027,大成鋼,0.9620000000000001,4.1225,0.92625,
1308,亞聚,1.875,2.944,0.71,
3535,晶彩科,-0.07999999999999999,,,
5321,友銓,-0.5369999999999999,,,
9918,欣天然,1.4049999999999998,3.604,1.15,
1603,華電,1.3099999999999998,,,
3118,進階,1.9579999999999997,5.1819999999999995,1.7399999999999998,
6218,豪勉,1.732,6.385,1.4,
2340,光磊,1.137,5.263,0.7689999999999999,
8249,菱光,1.705,6.691,1.38,
1514,亞力,0.6809999999999999,4.009,0.42300000000000004,
2617,台航,1.37,4.56,1.195714285714286,
3021,鴻名,0.9339999999999999,,,
3188,鑫龍騰,-0.3450000000000001,,,
4905,台聯電,3.6659999999999995,2.488888888888889,1.0766666666666667,
8099,大世科,1.541,6.465000000000001,1.2480000000000002,
2483,百容,1.166,5.386000000000001,0.992,
3305,昇貿,2.343,6.025,1.795,
8488,吉源-KY,3.185714285714286,,,
1570,力肯,0.875,,,
2101,南港,1.014,,,
2633,台灣高鐵,1.27,,,
4413,飛寶企業,0.251,,,
2916,滿心,1.363,6.335,1.1400000000000001,
3035,智原,1.754,4.2299999999999995,1.702,
3144,新揚科,1.6019999999999999,4.438571428571429,0.9642857142857143,
4739,康普,2.133,3.2666666666666666,1.499,
6207,雷科,1.999,5.761999999999999,1.507,
3629,地心引力,-3.07,,,
6217,中探針,2.1730000000000005,3.3155555555555556,1.0699999999999998,0.22714285714285715
6506,雙邦,1.2369999999999999,3.655,0.69,0.2333333333333333
8044,網家,4.912,1.85,3.79625,
8423,保綠-KY,1.3599999999999999,2.17875,0.52125,0.35125
1907,永豐餘,0.893,3.817142857142857,0.4928571428571428,
2540,愛山林,0.763,,,
5353,台林,0.6359999999999999,4.039,0.5000000000000001,
6220,岳豐,1.259,5.428,1.6919999999999997,
3040,遠見,2.6260000000000003,7.704000000000001,2.4299999999999997,
4173,久裕,1.0133333333333332,2.7942857142857145,0.8071428571428572,
1540,喬福,1.2640000000000002,7.212000000000001,1.3199999999999998,
3049,和鑫,-0.15799999999999995,,,
4907,富宇,1.157,,,
8071,能率網通,0.9010000000000001,3.128888888888889,0.5766666666666667,
8183,精星,0.4510000000000002,,,
1526,日馳,1.1309999999999998,,,
2888,新光金,0.8700000000000001,,,
3257,虹冠電,2.697,3.3911111111111105,1.6920000000000002,0.7100000000000001
5201,凱衛,0.8440000000000001,,,
6284,佳邦,0.7939999999999999,2.6300000000000003,0.6933333333333334,
8021,尖點,1.8039999999999998,3.9479999999999995,0.8370000000000001,
1452,宏益,1.411,6.228,0.99,
5880,合庫金,1.0477777777777777,3.3425,0.5562499999999999,0.46249999999999997
6151,晉倫,1.8400000000000003,6.382000000000001,1.522,
1532,勤美,2.4419999999999997,5.682999999999999,1.7100000000000002,0.82
6226,光鼎,0.06700000000000003,,,
2880,華南金,1.217,2.9910000000000005,0.52,0.5189999999999999
3312,弘憶股,0.35600000000000004,,,
1708,東鹼,2.5460000000000003,3.0389999999999997,0.95,0.5
4532,瑞智,1.911,5.547777777777777,1.5144444444444443,
5392,應華,2.47,2.6730000000000005,1.599,
6219,富旺,1.0989999999999998,4.8133333333333335,0.7033333333333333,
8064,東捷,0.517,,,
8182,加高,1.113,4.863,0.8,
1419,新紡,1.073,1.9479999999999997,0.82,
1701,中化,1.1179999999999999,3.0580000000000003,0.6100000000000001,
2453,凌群,0.8680000000000001,4.27875,0.55,
3031,佰鴻,0.587,3.98,0.515,
3540,曜越,0.782,5.14,0.98125,
2430,燦坤,3.0,5.719,2.1870000000000003,
4111,濟生,1.1670000000000003,2.0409999999999995,0.505,
2903,遠百,1.315,4.048,0.925,0.35
8354,冠好,1.666,2.9855555555555555,0.4888888888888888,
2371,大同,-0.215,,,
5013,強新,1.7719999999999998,2.0016666666666665,0.5000000000000001,
1472,三洋紡,-0.618,,,
1530,亞崴,2.255,4.103999999999999,1.315,
3141,晶宏,0.9199999999999999,2.3266666666666667,0.71,
1305,華夏,1.3359999999999999,4.6971428571428575,1.0142857142857145,
3178,公準,1.907,2.7920000000000003,1.0899999999999999,
3543,州巧,1.162,5.224,1.056,
3624,光頡,1.4789999999999999,4.406000000000001,1.19,
4933,友輝,3.9539999999999997,4.846666666666667,1.8030000000000002,
6124,業強,0.2679999999999999,,,
6126,信音,0.786,6.475999999999999,1.3,
6594,展匯科,1.0799999999999998,,,
6288,聯嘉,0.476,,,
6509,聚和,0.655,2.0130000000000003,0.402,
1218,泰山,0.46799999999999997,,,
2104,國際中橡,2.318,5.3759999999999994,1.6299999999999997,
3492,長盛,0.929,4.995,1.0983333333333334,
8931,大汽電,1.0239999999999998,4.101000000000001,0.7499999999999999,
1304,台聚,1.561,3.3379999999999996,0.6399999999999999,
1309,台達化,0.526,,,
1735,日勝化,0.8109999999999999,4.301,0.5730000000000001,
2887,台新金,1.15,2.8144444444444447,0.3622222222222223,0.916
1417,嘉裕,0.133,,,
2501,國建,1.334,5.558333333333334,0.8333333333333334,
4741,泓瀚,3.5480000000000005,5.087777777777777,2.523,0.9499999999999998
6438,迅得,3.64375,6.163333333333334,3.5500000000000003,
2106,建大,2.968,3.818,1.5699999999999998,0.6828571428571427
2801,彰銀,1.262,1.925,0.354,0.5444444444444446
2812,台中銀,1.0509999999999997,2.9599999999999995,0.29625,0.41555555555555546
6667,信紘科,2.6879999999999997,,,
1733,五鼎,2.804,5.388,2.8680000000000003,
8404,百和興業-KY,1.5539999999999998,1.8812499999999996,0.49000000000000005,
2849,安泰銀,1.4540000000000002,4.251111111111111,0.6444444444444444,
3363,上詮,1.175,3.0100000000000002,0.9900000000000001,
3646,艾恩特,0.8190000000000002,5.732222222222223,1.149,
5512,力麒,1.267,4.667,0.492,
1409,新纖,0.7500000000000001,3.6419999999999995,0.384,
2739,寒舍,2.027142857142857,4.024,1.7399999999999998,
2890,永豐金,1.0080000000000002,3.1809999999999996,0.34900000000000003,0.51875
6005,群益證,0.7829999999999999,3.1510000000000002,0.331,
3289,宜特,2.7910000000000004,2.255,1.55,
3466,致振,0.65,4.95125,1.1600000000000001,
4144,康聯-KY,5.516,4.0075,2.305,
1307,三芳,2.227,4.858,1.44,0.42857142857142855
2845,遠東銀,1.137,3.033,0.319,0.384
3028,增你強,1.613,8.346,1.561,
1539,巨庭,1.15,5.364,1.218,
1725,元禎,0.8560000000000001,4.87,0.7033333333333333,
2105,正新,3.665,3.724999999999999,2.1799999999999997,
7402,邑錡,1.5114285714285713,1.5939999999999999,0.8150000000000001,
2329,華泰,0.263,,,
2425,承啟,0.639,1.254,0.32199999999999995,
2706,第一店,0.9719999999999999,1.11,0.19099999999999998,0.6533333333333333
6156,松上,-0.10100000000000002,,,
6190,萬泰科,0.329,,,
1813,寶利徠,1.616,5.203,1.472,
2704,國賓,1.029,1.8010000000000002,0.4900000000000001,
3581,博磊,0.95,4.760000000000001,0.9666666666666668,
3597,映興,0.542,4.683333333333333,0.7699999999999999,
4129,聯合,1.299,2.224,1.091,
6204,艾華,1.8630000000000002,5.3759999999999994,1.27,
1535,中宇,3.444,5.234999999999999,2.844,
4702,中美實,-0.892,,,
4706,大恭,1.318,5.834,1.0,
4760,勤凱,1.2342857142857144,,0.5866666666666667,0.38
8076,伍豐,0.8020000000000002,1.11125,0.5375000000000001,0.48999999999999994
1457,宜進,0.82,4.505,0.5666666666666667,
4541,晟田,0.8675,2.493333333333333,0.7985714285714286,
1569,濱川,0.826,,,
3306,鼎天,1.0749999999999997,4.468,1.17,
4707,磐亞,0.6110000000000001,,,
4714,永捷,0.64,4.113333333333333,0.5499999999999999,
6179,亞通,0.28200000000000014,4.54,1.8359999999999999,
2838,聯邦銀,1.1159999999999999,,,
4556,旭然,0.9485714285714286,1.972,0.6839999999999999,
6026,福邦證,0.721,5.938,0.5459999999999999,
6187,萬潤,1.48,5.043333333333334,2.363333333333333,
8923,時報,0.9840000000000002,5.796,0.9399999999999998,
2419,仲琦,1.135,5.702999999999999,1.0,
2834,臺企銀,0.825,,,0.44799999999999995
4538,大詠城,0.9600000000000001,5.225714285714287,0.8312499999999999,
6270,倍微,0.19800000000000004,6.731999999999999,0.951,
8043,蜜望實,1.578,4.753,0.9949999999999999,
6170,統振,0.29,,,
8034,榮群,-0.016000000000000035,,,
1605,華新,0.4969999999999999,,,
1614,三洋電,1.005,3.2410000000000005,0.9260000000000002,
6167,久正,0.49700000000000005,,,
1410,南染,1.21,4.401111111111112,1.09,
2030,彰源,0.47300000000000003,,,
9934,成霖,1.3760000000000001,5.56,0.955,
1902,台紙,0.484,,,
2462,良得電,1.8739999999999999,6.265,1.6625,
2820,華票,1.2530000000000001,7.100999999999999,0.8559999999999999,
6155,鈞寶,1.124,5.5009999999999994,1.182,0.09285714285714285
8934,衡平,3.396,,,
2889,國票金,0.74,3.662,0.35100000000000003,0.303
3083,網龍,0.845,,,
3577,泓格,1.983,4.003000000000001,1.329,
3625,西勝,-0.09099999999999997,,,
5465,富驊,0.42200000000000004,,,
2103,台橡,2.428,4.889,2.119,
6153,嘉聯益,1.732,3.2060000000000004,1.0219999999999998,
2701,萬企,0.744,1.3039999999999998,0.17900000000000002,0.43222222222222223
2745,五福,2.1014285714285714,,1.202,
3564,其陽,1.9259999999999997,3.934,1.89,
6175,立敦,0.978,3.7977777777777777,0.7099999999999999,
1470,大統新創,0.593,2.6483333333333334,0.4916666666666667,
1742,台蠟,0.12699999999999995,,,
2236,百達-KY,2.9575,2.2939999999999996,0.9249999999999999,
2883,開發金,0.631,4.804285714285713,0.44,
3622,洋華,-1.9109999999999996,,,
3628,盈正,4.1240000000000006,7.688999999999998,3.925,
5315,光聯,0.4999999999999999,,,
1336,台翰,-0.261,,,
1783,和康生,-0.03199999999999999,,,
2353,宏碁,-0.3340000000000001,,,
3052,夆典,1.347,5.9655555555555555,0.611111111111111,
4106,雃博,1.781,2.9909999999999997,1.0,
1609,大亞,0.33899999999999997,3.1100000000000003,0.22800000000000004,
1776,展宇,1.6090000000000004,5.731,1.199,0.7
3325,旭品,-0.4789999999999999,,,
5516,雙喜,0.264,,,
5704,老爺知,0.7619999999999999,3.8585714285714277,0.9285714285714286,
6276,安鈦克,-0.43899999999999995,,,
5281,大峽谷-KY,1.9216666666666669,,0.6060000000000001,
1524,耿鼎,0.154,,,
8930,青鋼,1.1640000000000001,5.833333333333333,0.7599999999999999,
2618,長榮航,0.9730000000000001,,,
3434,哲固,-0.132,,,
2013,中鋼構,1.488,3.8239999999999994,1.0370000000000001,
2303,聯電,0.9409999999999998,4.571,0.5940000000000001,
3013,晟銘電,0.6519999999999999,,,
3645,達邁,1.568,2.8622222222222224,1.0666666666666667,
9960,邁達康,0.8829999999999998,3.3428571428571425,0.7000000000000001,
8415,大國鋼,0.5559999999999999,4.016666666666667,1.0,
8936,國統,1.687,3.231428571428571,1.0,
1906,寶隆,1.2729999999999997,,,
2504,國產,0.296,,,
5230,雷笛克光學,2.903,3.3612500000000005,1.405555555555556,1.1142857142857143
8215,明基材,0.6120000000000001,,,
2607,榮運,0.7449999999999999,2.402,0.38499999999999995,
3669,圓展,1.1780000000000002,3.5160000000000005,1.147,
4153,鈺緯,1.0219999999999998,3.125,1.4566666666666663,1.1133333333333333
3689,湧德,4.496,6.112222222222223,2.685,
4183,福永生技,0.54875,,,
1731,美吾華,0.5650000000000002,3.335,0.45500000000000007,
2484,希華,0.7320000000000001,5.445,1.075,
3191,和進,-0.586,,,
8104,錸寶,1.0716666666666665,,,
3050,鈺德,0.2899999999999999,,,
4160,創源,-0.12099999999999995,,,
6163,華電網,0.649,,,
6530,創威,1.0850000000000002,,,
2402,毅嘉,0.5780000000000001,,,
2406,國碩,-0.5750000000000001,,,
4102,永日,0.039999999999999904,,,
2495,普安,0.8310000000000001,4.582000000000001,0.9400000000000001,
4535,至興,2.7750000000000004,5.388,2.13,
6275,元山,0.583,,,
2836,高雄銀,0.4910000000000001,1.4514285714285715,0.13428571428571429,
5460,同協,0.819,5.476000000000001,0.6469999999999999,
6578,達邦蛋白,1.5616666666666665,,,
1220,台榮,0.6340000000000001,4.145714285714286,0.43714285714285717,
2442,新美齊,0.501,0.4640000000000001,0.038,0.24
3033,威健,1.81,8.155,1.6760000000000002,
3594,磐儀,1.2759999999999998,2.148,0.485,
1463,強盛,1.0310000000000001,9.398333333333333,1.5383333333333333,
2614,東森,-0.7850000000000001,,,
3015,全漢,1.9140000000000001,6.590000000000001,1.682,
3025,星通,0.32100000000000006,,,
3432,台端,-0.17799999999999996,4.6819999999999995,0.66,
6136,富爾特,1.9120000000000001,9.516,2.326,
8261,富鼎,0.238,2.598,0.71,
3374,精材,0.31100000000000005,1.5628571428571427,0.4871428571428572,
3441,聯一光,0.851,3.421666666666667,0.7883333333333334,
4503,金雨,0.10800000000000001,,,
1711,永光,1.0699999999999998,2.604,0.53,0.5833333333333334
2468,華經,0.601,4.171999999999999,0.47000000000000003,
3373,熱映,0.851,2.875,0.5883333333333334,
4555,氣立,3.6075000000000004,3.9579999999999997,2.52,
5102,富強,0.9730000000000001,4.650000000000001,0.7055555555555556,
5386,青雲,1.6039999999999999,,,
2365,昆盈,0.323,,,
3164,景岳,-0.32,,,
6259,百徽,-0.942,,,
8222,寶一,0.7487499999999999,2.6966666666666668,0.49000000000000005,
1612,宏泰,0.518,4.319,0.433,
1713,國化,0.525,2.822,0.44200000000000006,
2910,統領,0.591,2.4580000000000006,0.8400000000000001,
3002,歐格,0.612,5.278888888888889,0.6666666666666666,
3360,尚立,0.355,5.104,0.852,
3693,營邦,3.5839999999999996,4.4471428571428575,2.7012500000000004,
5009,榮剛,1.096,2.8275,0.5675000000000001,
1219,福壽,0.554,1.6510000000000002,0.265,
2427,三商電,0.26600000000000007,2.678,0.24000000000000005,
5543,崇佑-KY,0.17400000000000004,,0.8379999999999999,
1617,榮星,0.32100000000000006,4.804,0.5199999999999999,
2415,錩新,1.2790000000000001,4.9662500000000005,0.89375,
5820,日盛金,0.699,2.3633333333333333,0.2033333333333334,0.5616666666666666
8074,鉅橡,1.5799999999999998,5.323,1.1990000000000003,
8111,立碁,-0.5449999999999999,,,
1314,中石化,1.516,,,
3128,昇銳,0.06200000000000001,,,
2028,威致,-0.24199999999999994,,,
2426,鼎元,0.07300000000000002,6.318,0.942,
3266,昇陽,1.0379999999999998,,,
6148,驊宏資,-0.008000000000000007,,,
6215,和椿,0.6910000000000001,3.7166666666666672,0.5750000000000001,
1732,毛寶,0.10099999999999998,,,
2511,太子,1.7229999999999996,5.347,0.66,0.72
6229,研通,0.661,4.520999999999999,0.596,
8426,紅木-KY,3.268,7.278571428571428,2.957142857142857,
8463,潤泰材,1.4385714285714286,4.3020000000000005,1.158,
3550,聯穎,0.89,7.9030000000000005,1.25,
5340,建榮,-0.009000000000000003,,,
5450,寶聯通,-0.193,,,
5902,德記,0.04700000000000002,,,
8096,擎亞,1.258,,,
2002,中鋼,1.082,3.659,0.9339999999999999,0.256
3499,環天科,-0.20400000000000001,,,
4906,正文,1.101,4.576666666666666,1.2122222222222223,
5515,建國,0.9,5.2780000000000005,0.6079999999999999,
5864,致和證,0.356,,,
6654,天正國際,1.7,,,
1724,台硝,1.131,4.232,0.6940000000000001,
2070,精湛,3.0549999999999997,,,
4148,全宇生技-KY,3.1014285714285714,,,
5211,蒙恬,1.2149999999999999,4.292222222222223,1.3277777777777777,
1473,台南,1.4460000000000002,4.992,1.472,
3489,森寶,-0.14699999999999996,,,
4711,永純,0.9000000000000001,6.254,1.01,
6251,定穎,-0.04099999999999997,,,
8077,洛碁,-1.232,,,
1529,樂士,-0.383,,,
1321,大洋,-0.172,,,
2641,正德,0.12500000000000003,1.734,0.18,
1413,宏洲,-0.41900000000000004,,,
3673,TPK-KY,8.641,,,
5398,慕康生醫,-0.217,,,
3094,聯傑,0.8229999999999998,4.3549999999999995,1.014,
3354,律勝,0.475,3.6300000000000003,0.4122222222222222,
3588,通嘉,2.2920000000000003,4.766,2.0460000000000003,
4433,興采,1.2159999999999997,3.143333333333333,0.9500000000000001,
4720,德淵,0.738,2.828,0.425,
8478,東哥遊艇,3.095,,1.0240000000000002,
8921,沈氏,0.9020000000000001,4.7909999999999995,0.7489999999999999,
1235,興泰,1.1840000000000002,,,
8440,綠電,1.2077777777777778,3.1957142857142857,0.5442857142857143,
8046,南電,0.43900000000000006,2.8,0.86,
6016,康和證,0.16599999999999998,,,
3236,千如,0.9809999999999999,1.2899999999999998,0.32,0.828
4930,燦星網,0.406,,,
6020,大展證,0.44000000000000006,,,
8401,白紗科,1.0130000000000001,7.194,0.8539999999999999,
8427,基勝-KY,2.873,5.140000000000001,2.98125,
1909,榮成,1.305,5.998571428571429,0.9771428571428572,
2033,佳大,0.378,,,
2547,日勝生,1.295,6.0683333333333325,1.2666666666666668,0.3
2897,王道銀行,0.501,3.828888888888889,0.2944444444444445,
2901,欣欣,0.45,1.3510000000000004,0.39,
1709,和益,1.142,5.2922222222222235,0.8322222222222221,
3380,明泰,1.0979999999999999,5.607,1.137,
3520,振維,-1.2790000000000001,,,
4561,健椿,1.2683333333333335,,,
5438,東友,1.09,7.191000000000001,1.065,
1325,恆大,0.8370000000000001,2.775,0.5399999999999999,
2062,橋椿,2.851,4.927,1.9810000000000003,
4716,大立,0.6799999999999999,1.621,0.246,0.3833333333333333
6222,上揚,-0.897,,,
5498,凱崴,0.165,,,
6158,禾昌,0.39199999999999996,,,
6185,幃翔,2.0479999999999996,6.567,1.4120000000000001,0.39999999999999997
2596,綠意,1.791,8.501000000000001,1.4989999999999999,
1474,弘裕,0.513,3.9410000000000003,0.371,
1516,川飛,0.11700000000000006,,,
2841,台開,1.927,,,
6015,宏遠證,0.43899999999999995,,,
6154,順發,1.391,7.013,1.355,
2031,新光鋼,1.016,5.393,1.198,
2482,連宇,0.03700000000000001,,,
3043,科風,-1.3119999999999998,,,
4207,環泰,0.7300000000000001,,,0.335
6533,晶心科,0.09500000000000001,,,
2010,春源,0.7769999999999999,5.536,0.6209999999999999,
2630,亞航,0.852,,0.5333333333333333,
2032,新鋼,0.372,3.016666666666666,0.305,
2722,夏都,1.407,1.2677777777777777,0.5222222222222223,0.6666666666666666
4939,亞電,0.6789999999999999,3.3580000000000005,0.35999999999999993,0.8099999999999999
3652,精聯,0.7179999999999999,3.3949999999999996,0.6833333333333332,
4121,優盛,0.341,,,
5245,智晶,2.121,4.7316666666666665,2.7800000000000007,
2312,金寶,0.19300000000000003,,,
5213,亞昕,2.2649999999999997,5.946666666666666,1.0477777777777775,1.7020000000000004
5905,南仁湖,0.12400000000000003,3.9316666666666666,0.36333333333333334,
9907,統一實,0.562,3.31,0.497,
1442,名軒,2.335,8.197,1.764,
3047,訊舟,0.316,4.396,0.484,
5533,皇鼎,2.2150000000000003,3.2880000000000003,0.585,0.6857142857142857
8110,華東,0.7340000000000001,3.0900000000000003,0.34833333333333333,
2344,華邦電,0.5019999999999999,,,
3512,皇龍,-0.907,,,
4130,健亞,0.591,1.1785714285714286,0.43571428571428567,
4543,萬在,1.3771428571428572,3.124,0.6142857142857142,
4576,大銀微系統,0.5225,,,
6172,互億,-0.364,,,
9902,台火,0.368,,,
1468,昶和,-0.312,,,
3059,華晶科,0.658,2.966,0.758,
8906,花王,-0.094,,,
1727,中華化,0.9650000000000001,3.1,0.487,0.6849999999999999
2906,高林,0.598,5.517000000000001,0.656,
3232,昱捷,0.516,,,
8935,邦泰,-0.7619999999999999,,,
4162,智擎,1.921111111111111,1.278,1.7,
1454,台富,0.38900000000000007,3.875,0.31875000000000003,
1618,合機,0.558,3.3920000000000003,0.29,
8927,北基,0.15699999999999997,,,
1456,怡華,-0.638,,,
1568,倉佑,0.821,2.8857142857142857,0.7357142857142858,
1789,神隆,1.0550000000000002,1.2155555555555555,0.5855555555555555,0.3833333333333333
2613,中櫃,0.767,1.258333333333333,0.17500000000000002,
3296,勝德,0.295,,,
1586,和勤,0.594,3.2100000000000004,0.9733333333333333,
6265,方土昶,0.227,,,
3685,元創精密,0.32399999999999995,6.9,1.6119999999999997,
3704,合勤控,0.36900000000000005,,,
4554,橙的,1.272857142857143,,,
6109,亞元,0.3350000000000001,5.985999999999999,0.72,
6116,彩晶,0.23399999999999999,,,
8929,富堡,2.13,4.8149999999999995,1.472,
1591,駿吉-KY,1.333,,,
2368,金像電,-0.37100000000000005,,,
5452,佶優,0.44299999999999995,1.9387499999999998,0.24375000000000002,
5601,台聯櫃,0.36,1.439,0.347,
3294,英濟,0.129,,,
4526,東台,1.113,3.8825,0.9750000000000001,
8059,凱碩,-0.06100000000000001,,,
3287,廣寰科,-0.09200000000000004,,,
3356,奇偶,4.439,5.842499999999999,5.5337499999999995,0.8414285714285714
3701,大眾控,-1.059,,,
4989,榮科,-0.29999999999999993,,,
5272,笙科,1.844,4.913333333333333,1.9728571428571429,
3066,李洲,-0.914,,,
4114,健喬,0.46699999999999997,0.5655555555555556,0.17444444444444449,0.8500000000000001
8176,智捷,0.34500000000000003,,,
2323,中環,-0.7620000000000001,,,
2515,中工,0.246,2.0829999999999997,0.16099999999999998,
2908,特力,1.069,4.395000000000001,0.9470000000000001,
3024,憶聲,-0.21200000000000002,,,
6212,理銘,1.1229999999999998,,,
5258,虹堡,2.009,3.504285714285714,0.8375,0.8333333333333334
6133,金橋,-0.007000000000000029,3.1299999999999994,0.2983333333333334,
2024,志聯,0.586,6.908000000000001,0.6199999999999999,
2466,冠西電,-0.335,,,
3095,及成,-2.341,,,
3288,點晶,-0.8570000000000002,,,
3346,麗清,1.374,2.991428571428571,1.075,
4545,銘鈺,3.4299999999999997,3.5399999999999996,2.552857142857143,
5523,豐謙,-0.231,,,
6103,合邦,-0.492,,,
6418,詠昇,538.338,5.25,1.0785714285714285,
1414,東和,0.9470000000000001,3.84125,0.3,
3285,微端,0.9190000000000002,5.1979999999999995,0.9360000000000002,
3290,東浦,0.8130000000000001,4.598333333333333,0.7666666666666666,
1435,中福,0.27599999999999997,,,
1531,高林股,1.15,5.133,1.0,
3062,建漢,0.8039999999999999,3.172,0.728,
6674,鋐寶科技,3.045,,,
1236,宏亞,0.9550000000000001,3.2849999999999993,0.7,
2516,新建,0.30699999999999994,3.251428571428572,0.24285714285714288,
2605,新興,1.702,5.119,1.285,
3207,耀勝,-0.6779999999999999,,,
1784,訊聯,0.3330000000000001,,,
1810,和成,0.322,,,
9962,有益,0.644,5.664,0.6399999999999999,
3687,歐買尬,-1.1869999999999998,,,
3703,欣陸,0.692,,,
4533,協易機,0.798,4.513333333333333,0.5399999999999999,
4746,台耀,2.146,3.086,1.8679999999999999,
1108,幸福,0.29599999999999993,,,
2029,盛餘,1.153,4.506000000000001,0.9799999999999999,
3055,蔚華科,0.8799999999999999,4.914,0.8979999999999999,
4161,聿新科,0.41400000000000003,,,
4967,十銓,0.701,3.0780000000000003,0.39,
1217,愛之味,0.036000000000000004,,,
2543,皇昌,0.31999999999999995,,,
6603,富強鑫,0.725,3.1166666666666667,0.3888888888888889,0.3888888888888889
9955,佳龍,-0.075,,,
2388,威盛,-1.592,,,
5014,建錩,0.26199999999999996,2.9133333333333336,0.21666666666666667,
6021,大慶證,0.294,,,
6625,必應,1.4416666666666667,,,
1734,杏輝,0.585,1.4120000000000001,0.43500000000000005,
2331,精英,0.724,15.845999999999998,2.5940000000000003,
2431,聯昌,0.20999999999999996,,,
2505,國揚,0.5770000000000001,2.072,0.298,
4804,大略-KY,1.50125,,,
6134,萬旭,-1.165,,,
6140,訊達,0.07599999999999998,,,
6152,百一,0.522,7.0,1.502,
6199,天品,-0.281,,,
6441,廣錠,4.18375,5.136666666666666,2.7399999999999998,
6516,勤崴國際,1.0942857142857143,,0.154,1.918
5531,鄉林,1.3350000000000002,,,1.5833333333333333
6168,宏齊,0.12300000000000003,,,
1110,東泥,0.143,0.9299999999999999,0.13999999999999999,
1440,南紡,0.525,2.743,0.35500000000000004,
1444,力麗,0.5599999999999999,,,
1517,利奇,0.6900000000000001,4.019,0.485,
4502,健信,0.623,,,
9919,康那香,0.10900000000000003,2.717,0.375,
1587,吉茂,1.004,3.6677777777777774,0.8940000000000001,
2069,運錩,0.9649999999999999,,1.416,
4133,亞諾法,1.091,2.6839999999999997,1.1300000000000001,
1324,地球,0.587,3.8370000000000006,0.5,
1710,東聯,1.048,4.734999999999999,1.37,
2035,唐榮,-0.20700000000000002,,,
2387,精元,1.222,2.846,0.582,
2399,映泰,0.409,8.254,1.114,
2545,皇翔,3.907,7.685,3.15,
3016,嘉晶,0.15199999999999997,,,
3504,揚明光,1.517,3.6214285714285714,2.424285714285714,
3516,亞帝歐,-1.4620000000000002,,,
6101,寬魚國際,-0.475,,,
6171,亞銳士,0.158,,,
6233,旺玖,-0.6190000000000001,,,
6465,威潤,2.0157142857142856,2.3080000000000003,1.436,
8087,華鎂鑫,-0.19699999999999998,,,
2109,華豐,0.008999999999999985,,,
2230,泰茂,0.386,3.275,0.51875,
2401,凌陽,-0.087,4.984,0.6100000000000001,
3054,立萬利,0.462,,,
3609,東林,-0.3790000000000001,,,
4909,新復興,2.071,5.013999999999999,1.47,
6283,淳安,-0.763,,,
8042,金山電,3.9300000000000006,7.296000000000001,3.088,
1443,立益,-0.922,,,
1714,和桐,0.523,,,0.9200000000000002
2417,圓剛,0.353,4.134,0.8870000000000001,
2603,長榮,0.29200000000000004,,,
2718,晶悅,0.746,,,
6174,安碁,0.685,5.153333333333333,0.7277777777777777,
6241,易通展,0.372,,,
2014,中鴻,-0.039999999999999994,,,
2305,全友,0.325,,,
2314,台揚,-1.044,,,
2358,廷鑫,-0.694,,,
2405,浩鑫,-0.10999999999999999,,,
2489,瑞軒,1.1420000000000001,10.36625,1.9700000000000002,
2497,怡利電,1.27,3.7600000000000007,1.52,
6405,悅城,3.281111111111111,,,
1446,宏和,0.09600000000000002,1.28375,0.3,
2302,麗正,-0.051000000000000004,,,
4924,欣厚-KY,-0.35800000000000015,,,
4167,展旺,-1.3666666666666667,,,
1721,三晃,0.16099999999999998,,,
2702,華園,0.507,0.9337499999999999,0.1725,0.5
5381,合正,-0.9970000000000001,,,
5521,工信,0.07700000000000001,,,
6225,天瀚,-1.473,,,
3438,類比科,1.225,5.401428571428572,1.582857142857143,
8068,全達,-0.19699999999999998,,,
1438,裕豐,0.62,,,
3058,立德,0.599,6.9175,0.9075,
1313,聯成,0.766,4.555999999999999,0.6679999999999999,
2457,飛宏,0.933,7.0683333333333325,2.04,
2736,高野,2.58,1.5683333333333334,0.6666666666666666,
6160,欣技,0.8699999999999999,5.567499999999999,1.3624999999999998,
3313,斐成,-0.4880000000000001,,,
2712,遠雄來,0.5066666666666667,2.155,0.5683333333333332,
3362,先進光,0.391,,,
5328,華容,0.099,,,
5603,陸海,0.618,6.082,0.8,
4513,福裕,0.13599999999999998,,,
5426,振發,0.743,7.41625,0.9837499999999999,
2061,風青,-0.2720000000000001,,,
2913,農林,0.6569999999999999,3.1033333333333335,0.48333333333333334,
3027,盛達,-0.065,1.7374999999999998,0.2575,
5464,霖宏,0.8859999999999999,7.4825,1.42125,
6129,普誠,0.0009999999999999788,,,
8937,合騏,-0.133,,,
1905,華紙,0.796,3.9219999999999997,0.38,
2610,華航,0.255,,,
8421,旭源,0.368,,,
3623,富晶通,1.433,9.158333333333333,3.2516666666666665,
4406,新昕纖,-0.050000000000000024,,,
5202,力新,-0.21700000000000003,,,
8101,華冠,-0.563,,,
1809,中釉,0.514,2.5040000000000004,0.325,
1815,富喬,0.7230000000000001,2.67,0.39166666666666666,
3311,閎暉,1.3820000000000001,7.034285714285715,3.1299999999999994,0.094
4534,慶騰,0.46399999999999997,,,
2506,太設,0.604,1.4575,0.17750000000000005,
2530,華建,0.5640000000000001,,,
4131,晶宇,-0.5750000000000001,,,
1423,利華,-0.127,,,
2444,兆勁,-0.125,,,
4510,高鋒,0.7230000000000001,4.42375,0.65,
6512,啟發電,1.8833333333333335,,1.666,
8940,新天地,0.257,,,
1459,聯發,0.312,4.078333333333333,0.395,
2440,太空梭,-0.21100000000000002,,,
3631,晟楠,0.5050000000000001,,,
2009,第一銅,0.051000000000000004,,,
3372,典範,-0.6490000000000001,,,
6442,光聖,2.1588888888888884,5.272,2.1333333333333333,
8147,正淩,1.752,4.031428571428572,1.1322222222222225,0.45999999999999996
8289,泰藝,0.517,4.2316666666666665,0.49499999999999994,
1447,力鵬,0.22800000000000004,,,0.7
3149,正達,-2.496,,,
5276,達輝-KY,1.03625,7.7,1.442,
6118,建達,0.029000000000000005,2.1060000000000003,0.25,
6120,達運,0.647,2.982,0.406,
8429,金麗-KY,5.218,2.86875,1.8312499999999998,0.858
1445,大宇,0.3,4.178,0.35,
2364,倫飛,-0.8480000000000001,,,
1616,億泰,-0.23899999999999996,,,
3221,台嘉碩,0.5509999999999999,3.942,0.703,
8411,福貞-KY,3.2849999999999993,1.4455555555555555,0.56,
1451,年興,1.3079999999999998,6.15,1.485,
2465,麗臺,-0.651,,,
4109,加捷生醫,-0.11599999999999999,1.004,0.23399999999999999,0.4724999999999999
5210,寶碩,-0.035999999999999976,,,
2485,兆赫,1.571,4.6530000000000005,1.57,
2528,皇普,-0.09700000000000003,,,
4530,宏易,-1.001,,,
5302,太欣,-0.339,,,
3202,樺晟,-0.651,,,
3666,光耀,0.06000000000000005,5.263333333333334,1.18,
5304,鼎創達,-0.3380000000000001,,,
5314,世紀,-0.46900000000000014,,,
4157,太景*-KY,-0.34625,,,
2363,矽統,-0.5549999999999999,,,
3490,單井,2.243,2.1966666666666668,1.0266666666666666,
4903,聯光通,0.099,,,
4911,德英,-0.22000000000000003,,,
8024,佑華,0.41,4.732000000000001,0.694,
8080,永利聯合,-0.583,,,
2724,富驛-KY,-1.964,,,0.506
5488,松普,-0.547,,,
5703,亞都,0.376,1.62625,0.375,
8105,凌巨,-0.19399999999999998,,,
9944,新麗,0.512,1.3411111111111111,0.30777777777777776,
1453,大將,0.11800000000000002,,,
9949,琉園,-0.06400000000000003,2.936666666666667,0.6283333333333333,
5344,立衛,-0.19599999999999998,,,
1455,集盛,0.292,2.68,0.25,
1802,台玻,-0.038999999999999965,0.9339999999999999,0.29,
2017,官田鋼,-0.04800000000000002,,,
8047,星雲,0.348,2.4499999999999997,0.2785714285714285,
8011,台通,1.327,4.106,1.4833333333333334,
8038,長園科,-1.135,,,
8409,商之器,-0.8230000000000001,,,
3051,力特,-0.736,,,
3089,元炬,-1.689,,,
6165,捷泰,-0.9279999999999999,,,
6236,康呈,-0.889,,,
1460,宏遠,0.15199999999999997,,,
3268,海德威,0.332,,,
1718,中纖,0.528,,,
4128,中天,0.06900000000000002,,,
6264,富裔,-0.33599999999999997,,,
8033,雷虎,-1.145,,,
8121,越峰,0.11800000000000006,,,
3419,譁裕,-0.3450000000000001,,,
4419,元勝,-0.788,,,
6164,華興,0.48900000000000005,4.406000000000001,0.5630000000000001,
6431,光麗-KY,-1.05,,,
6443,元晶,-0.19857142857142865,,,
3067,全域,-0.30099999999999993,,,
3698,隆達,0.5269999999999999,,,
6130,星寶國際,0.825,,,
6237,驊訊,0.021999999999999985,2.31375,0.5237499999999999,
6593,台灣銘板,1.2433333333333334,,,
2008,高興昌,0.396,,,
3162,精確,-0.7929999999999999,,,
2025,千興,-0.583,,,
3230,錦明,-1.2109999999999999,,,
3390,旭軟,1.826,7.01,1.8770000000000002,
3545,敦泰,1.2710000000000001,3.0900000000000003,1.0879999999999999,
4540,全球傳動,0.5714285714285714,,,
6131,鈞泰,-0.857,3.942,0.5879999999999999,
3284,太普高,0.658,,,
2538,基泰,1.3179999999999998,7.513000000000001,1.1010000000000002,
3228,金麗科,-1.011,,,
4113,聯上,1.832,4.803749999999999,0.7337499999999999,
1903,士紙,-0.738,,,
6113,亞矽,-0.376,,,
1449,佳和,-0.899,,,
6209,今國光,0.371,,,
2611,志信,0.34199999999999997,,,
4123,晟德,0.47800000000000004,,,1.293
4188,安克,-1.14125,,,
1416,廣豐,1.0560000000000003,8.675714285714285,1.4728571428571429,
1584,精剛,-0.5110000000000001,,,
2023,燁輝,0.12999999999999998,,,
5011,久陽,0.6759999999999999,4.901666666666666,1.0683333333333334,
1467,南緯,0.284,,,
1213,大飲,-0.03599999999999999,,,
3694,海華,-0.48500000000000004,,,
5701,劍湖山,-1.2179999999999995,,,
3713,新晶投控,-0.77,,,
6287,元隆,-1.6420000000000001,,,
2321,東訊,-0.8219999999999998,,,
2332,友訊,-0.04499999999999995,5.343999999999999,1.084,
3011,今皓,-0.4779999999999999,,,
8374,羅昇,0.923,2.9219999999999997,1.02,
2461,光群雷,0.522,3.321428571428572,0.5385714285714286,
8443,阿瘦,2.149,4.998571428571429,1.2485714285714287,
4976,佳凌,0.391,,,
2064,晉椿,0.8744444444444445,6.947500000000001,1.2249999999999999,
5906,台南-KY,-2.4610000000000007,,,
2390,云辰,-0.312,,,
3712,永崴投控,0.29,,,
5355,佳總,0.06799999999999998,,,
3297,杭特,0.7769999999999999,5.314444444444445,1.268888888888889,
2438,翔耀,-0.6580000000000001,,,
6243,迅杰,-0.8559999999999999,,,
2537,聯上發,0.8619999999999999,,,
3322,建舜電,-0.907,,,
1466,聚隆,0.598,3.436,0.6539999999999999,
3276,宇環,-0.11700000000000003,,,
2486,一詮,-0.19,,,
4142,國光生,-2.238,,,
8085,福華,-0.8110000000000002,,,
8092,建暐,-0.304,,,
1805,寶徠,-0.06600000000000002,,,
4729,熒茂,-1.2109999999999999,,,
5205,中茂,-2.7140000000000004,,,
9928,中視,-1.3259999999999998,,,
2936,客思達-KY,2.388333333333333,,,
3308,聯德,-0.649,,,
4562,穎漢,2.3249999999999997,,,
1316,上曜,-0.667,,,
5348,系通,-1.0030000000000001,,,
3086,華義,-1.187,,,
3252,海灣,1.4419999999999997,,,
5324,士開,1.306,,,
1806,冠軍,0.21500000000000002,,,
9906,欣巴巴,2.218,,,
1796,金穎生技,0.37399999999999994,,,
4306,炎洲,0.889,3.1550000000000002,0.5339999999999999,1.186
8027,鈦昇,-0.06625000000000003,,,
8291,尚茂,-0.6770000000000002,,,
4127,天良,-0.39899999999999997,,,
4960,誠美材,1.5050000000000001,6.146666666666667,1.425,
6144,得利影,-0.417,,,
6228,全譜,-1.046,,,
3115,寶島極,-0.144,,,
4108,懷特,-1.2529999999999997,,,
8277,商丞,-1.5610000000000002,,,
4609,唐鋒,-0.44499999999999995,,,
8201,無敵,-2.116,,,
6198,凌泰,-1.032,,,
8932,宏大,-0.024000000000000028,,,
6247,淇譽電,-0.20400000000000001,,,
8418,捷必勝-KY,-0.49800000000000005,2.25,0.64,
2460,建通,0.1820000000000001,,,
3122,笙泉,0.32399999999999995,4.347777777777778,0.5211111111111111,
5351,鈺創,-0.712,,,
6482,弘煜科,1.1942857142857142,,,
8072,陞泰,3.065,8.779,5.093,
8450,霹靂,2.606666666666667,,2.512,
4304,勝昱,-1.2499999999999998,,,
3672,康聯訊,0.7229999999999999,4.394,1.0033333333333332,
2007,燁興,-0.6910000000000001,,,
2380,虹光,-1.029,,,
3642,駿熠電,-0.788,4.864,1.0150000000000001,
3339,泰谷,-2.106,,,
2067,嘉鋼,-0.02333333333333328,,,
4956,光鋐,0.584,2.7359999999999998,0.5980000000000001,
5608,四維航,-0.09999999999999978,7.213333333333334,1.835,
6142,友勁,-0.28500000000000003,,,
1475,本盟,-2.434,,,
4743,合一,-0.05299999999999999,,,
6169,昱泉,-2.146,,,
5529,志嘉,0.624,,,
3710,連展投控,-0.91,,,
4414,如興,-0.48100000000000004,,,
8093,保銳,-0.731,,,
2734,易飛網,-0.34199999999999997,,,
9950,萬國通,0.28200000000000014,4.908571428571428,1.002857142857143,
1528,恩德,0.23500000000000004,3.46,0.41500000000000004,
2038,海光,-0.23699999999999993,,,
8054,安國,1.325,6.083,1.6960000000000002,
2374,佳能,1.323,9.922,2.54,
3437,榮創,1.5988888888888888,4.044,1.1666666666666667,
2102,泰豐,0.26700000000000007,0.7825000000000001,0.13125000000000003,0.5071428571428571
4432,銘旺實,2.851,5.4775,2.5100000000000002,
2369,菱生,0.35700000000000004,4.4479999999999995,0.596,
2413,環科,-0.3980000000000001,,,
3555,重鵬,-2.1879999999999997,,,
5251,天鉞電,2.153,6.468571428571429,2.0625,
9929,秋雨,-0.8039999999999999,,,
3259,鑫創,-1.658,,,
5484,慧友,-0.652,,,
5264,鎧勝-KY,7.466000000000001,4.671428571428572,4.671428571428572,
6289,華上,-1.2910000000000001,,,
8933,愛地雅,0.30999999999999994,2.025,0.25750000000000006,0.44399999999999995
6127,九豪,-0.277,,,
6573,虹揚-KY,0.7749999999999999,,,
3224,三顧,-0.48500000000000004,,,
1781,合世,-0.471,,,
3379,彬台,1.27,5.071666666666666,1.4166666666666667,0.6166666666666667
3229,晟鈦,-0.556,,,
6291,沛亨,-1.6439999999999997,,,
2022,聚亨,-0.496,,,
2609,陽明,-1.4770000000000005,,,
3041,揚智,0.4800000000000001,6.296666666666667,1.9000000000000001,
8067,志旭,-0.866,,,
3523,迎輝,-2.7909999999999995,,,
6117,迎廣,-0.30999999999999994,1.9800000000000002,0.27499999999999997,
4726,永昕,-1.438,,,
3686,達能,-1.549,,,
2349,錸德,-1.183,,,
3481,群創,-1.0759999999999998,3.2483333333333335,0.335,
3682,亞太電,-0.2509999999999999,,,
3465,進泰電子,-1.6350000000000002,,,
5349,先豐,1.359,5.59625,1.7262499999999998,
2911,麗嬰房,0.20999999999999996,,,
3176,基亞,-2.4059999999999997,,,
3494,誠研,-0.534,,,
8431,匯鑽科,-0.48100000000000015,,0.844,
8097,常珵,-1.222,,,
5309,系統電,-0.619,,,
2443,億麗,-1.13,,,
5364,力麗店,-0.417,,,
2409,友達,-0.9430000000000002,5.123333333333333,0.5933333333333334,
3057,喬鼎,-0.5069999999999998,,,
4979,華星光,0.7529999999999999,2.2166666666666663,0.9183333333333333,0.9179999999999999
6535,順藥,-2.3733333333333335,,,
5227,立凱-KY,-2.336,,,
6246,臺龍,-0.558,,,
3707,漢磊,-1.8983333333333334,,,
6240,松崗,-1.269,,,
1512,瑞利,-0.9510000000000002,,,
9912,偉聯,0.3869999999999999,,,
3552,同致,4.955000000000001,2.52,3.0344444444444445,
4154,康樂-KY,0.233,,,
4563,百德,1.9216666666666669,,,
3085,新零售,-1.3809999999999998,,,
6649,台生材,-2.0225,,,
3576,聯合再生,-2.162,,,
4147,中裕,-1.589,,,
5475,德宏,-1.0699999999999998,,,
3046,建碁,-1.6060000000000003,,,
1471,首利,-1.3599999999999999,,,
2204,中華,1.2489999999999999,4.507,1.225,
1337,再生-KY,3.5509999999999997,1.7442857142857144,1.3783333333333332,0.8685714285714285
3591,艾笛森,-0.13299999999999984,3.454285714285714,1.6271428571428572,
4934,太極,-1.1939999999999997,,,
6150,撼訊,-0.20600000000000004,,,
3664,安瑞-KY,-0.4499999999999999,,,
6244,茂迪,-2.066,,,
1799,易威,-2.9650000000000003,,,
3518,柏騰,-1.4509999999999998,4.23625,1.68125,
1506,正道,-0.6539999999999999,,,
3522,御頂,-0.25600000000000006,4.406666666666667,0.5833333333333334,
5481,新華,-1.1949999999999998,,,
6542,隆中,-0.0949999999999999,,,
2342,茂矽,-1.8649999999999998,,,
2924,東凌-KY,1.1059999999999999,2.8371428571428576,1.8785714285714283,
3593,力銘,-1.5369999999999997,,,
1538,正峰新,-1.558,,,
4141,龍燈-KY,1.605,,,
3060,銘異,2.153,4.903333333333333,2.7433333333333336,
4523,永彰,-0.07200000000000006,1.1811111111111108,0.3,
1340,勝悅-KY,5.599,2.1183333333333336,1.45,
4712,南璋,-1.401,,,
3632,研勤,-0.4919999999999998,1.062,0.42200000000000004,
2705,六福,-0.7040000000000003,,,
3018,同開,-0.33999999999999997,,,
6235,華孚,-0.09500000000000004,,,
2243,宏旭-KY,0.6616666666666666,,,
1432,大魯閣,0.6150000000000002,,,
1441,大東,-1.1650000000000003,,,
5301,寶得利,-2.4059999999999997,,,
3073,凱柏實業,-2.64,,,
4168,醣聯,-1.1966666666666663,,,
4416,三圓,5.026,4.452999999999999,4.28,
3383,新世紀,-1.9989999999999999,,,
3536,誠創,-2.141,,,
6425,易發,0.9249999999999999,6.666666666666667,2.365714285714286,
1258,其祥-KY,1.068,3.8885714285714283,1.17,
2434,統懋,-1.4840000000000002,,,
3508,位速,-1.1680000000000001,,,
5468,凱鈺,-1.645,,,
2448,晶電,-0.3200000000000001,2.605,1.5333333333333334,
5310,天剛,-0.04300000000000004,,,2.0
1592,英瑞-KY,1.2114285714285715,4.476,1.44,
4198,環瑞醫,-3.6442857142857146,,,
2424,隴華,-0.36600000000000016,,,
3205,佰研,0.617,,,
5383,金利,-0.9780000000000003,,,
8084,巨虹,-0.8,,,
3064,泰偉,-1.921,,,
6461,益得,-2.5,,,
4807,日成-KY,1.3057142857142856,,,
6446,藥華藥,-3.78875,,,
8476,台境,-0.5466666666666667,,,
6404,通訊-KY,0.10111111111111151,,,
2208,台船,-0.9960000000000002,4.517142857142857,0.8857142857142856,
6419,京晨科,0.8811111111111112,,,
1418,東華,-2.2060000000000004,,,
4944,兆遠,-2.582,,,
2429,銘旺科,-1.427,,,
6499,益安,-3.9187500000000006,,,
6547,高端疫苗,-3.027142857142857,,,
8444,綠河-KY,-0.22111111111111093,2.29,2.042857142857143,
3321,同泰,-0.48428571428571415,,,
3234,光環,0.24400000000000022,3.52375,1.57625,
3189,景碩,3.6950000000000003,3.846,2.83,
4192,杏國,-3.5187500000000003,,,
3607,谷崧,0.8959999999999999,6.970000000000001,2.8280000000000003,
4429,聚紡,0.06599999999999992,4.130000000000001,1.3625,
6576,逸達,-4.664285714285714,,,
6492,生華科,-3.9385714285714286,,,
6531,愛普,2.8200000000000003,,3.7449999999999997,
6589,台康生技,-2.963333333333333,,,
5345,天揚,-1.538,,,
4806,昇華,-2.0828571428571436,,,
2719,燦星旅,-1.0520000000000003,3.6339999999999995,0.8720000000000001,
4529,淳紳,-2.727,,,
3615,安可,0.018000000000000172,1.9419999999999997,0.9199999999999999,
3498,陽程,0.3780000000000001,2.8816666666666673,1.7633333333333336,
4725,信昌化,-0.7479999999999999,,,
4946,辣椒,-3.287,,,
4174,浩鼎,-5.183333333333334,,,
4950,牧東,-1.541,,,
2740,天蔥,-0.9099999999999999,,,
6497,亞獅康-KY,-7.708,,,
6541,泰福-KY,-6.745714285714286,,,
2498,宏達電,6.718000000000001,,,
4152,台微體,-10.846,,,
2201,裕隆,-1.8529999999999998,2.1670000000000003,0.72,
