代號,名稱,EPS,DividendYield,CashDividend,StockDividend,beta值,三大法人買賣超,十年填權息平均天數,十年填權息成功率
3008,大立光,129.167,1.768,40.45,,1.64,0.0,9.4,1.0
6669,緯穎,16.32833333,,,,1.0,-2116.0,133.0,0.2
4966,譜瑞-KY,20.016,1.76875,6.625,,1.2433333333333334,-2624.0,21.125,0.8
6488,環球晶,13.78,4.558,9.64,,1.416,-1994.0,50.4,0.5
3293,鈊象,12.107000000000001,5.341,7.829,,0.9185714285714284,310.0,120.1,1.0
6409,旭隼,15.276,3.28,14.44285714,,0.5633333333333334,272.0,16.285714285714285,0.7
6415,矽力-KY,12.328,0.913333333,4.396666667,,1.1416666666666668,451.0,78.16666666666667,0.6
1565,精華,27.204,3.78,20.635,,0.8757142857142857,-439.0,8.6,1.0
3406,玉晶光,6.252000000000001,,,,1.8185714285714287,8309.0,1.6,0.5
5274,信驊,13.19222222,2.167142857,9.3125,,0.99,-1250.0,51.875,0.8
2227,裕日車,18.493,6.502222222,16.86,,0.8871428571428572,181.0,108.875,0.8888888888888888
8299,群聯,19.37,4.354,10.176,,1.3457142857142856,-5415.0,84.1,1.0
2207,和泰車,16.477999999999998,3.299,9.81,,1.5728571428571432,2138.0,33.0,1.0
6121,新普,12.913,4.523,7.13,,0.9671428571428572,1803.0,443.7,1.0
3533,嘉澤,12.035,4.1739999999999995,5.069,,1.1928571428571428,-1353.0,30.6,1.0
3563,牧德,8.048,4.901,5.9479999999999995,,1.5316666666666665,-1355.0,142.7,1.0
5904,寶雅,10.132,3.3819999999999997,7.1129999999999995,0.33125,0.5742857142857144,-450.0,24.5,1.0
5536,聖暉,13.484000000000002,7.065,8.851,,0.7633333333333333,-672.0,274.5555555555556,1.0
6510,精測,15.34714286,,6.25,,1.36,-1246.0,5.2,0.5
4137,麗豐-KY,11.5125,3.8228571430000002,7.748571429,,1.07,-936.0,146.0,0.5555555555555556
3611,鼎翰,13.437999999999999,4.795,8.298,,1.0814285714285714,-68.0,67.22222222222223,1.0
8070,長華,10.777999999999999,6.212000000000001,7.0,,0.95,-92.0,197.6,1.0
8436,大江,7.351,0.9742857140000001,1.782222222,1.8911111109999998,1.245,-1365.0,54.66666666666666,0.75
6670,復盛應用,12.16,,,,0.84,1151.0,72.0,0.2
2915,潤泰全,13.71,4.382,2.949,,,-16560.0,136.88888888888889,1.0
2059,川湖,14.165,2.405,7.029,,0.4928571428571429,239.0,40.6,1.0
2327,國巨,6.685,4.49,11.465,,1.6642857142857144,-13316.0,10.285714285714286,0.7777777777777778
2357,華碩,21.69,5.638999999999999,14.827,,0.6657142857142857,-978.0,49.66666666666666,1.0
1256,鮮活果汁-KY,9.599,2.625,4.0575,,0.98,10.0,152.5,0.6666666666666666
5269,祥碩,6.529,1.795,4.05625,,1.1916666666666669,35.0,69.125,0.8
1476,儒鴻,11.172,2.7310000000000003,6.75,0.44,1.26,3798.0,12.1,1.0
3665,貿聯-KY,8.783999999999999,4.826666667,5.0,,1.3633333333333333,2784.0,92.75,0.8888888888888888
2729,瓦城,12.422,4.16125,9.487,,0.7699999999999999,-63.0,56.5,0.8
5278,尚凡,4.225,,,,1.1516666666666666,32.0,260.5,0.4
8464,億豐,11.58428571,,,,1.342,2682.0,2.0,0.4
8437,大地-KY,10.56142857,2.8760000000000003,5.27,,0.7216666666666667,-792.0,55.75,0.4444444444444444
2404,漢唐,6.494,8.133,4.168,,0.9857142857142857,-2570.0,147.9,1.0
2454,聯發科,18.085,4.5,14.05,,1.2985714285714285,57884.0,127.11111111111113,1.0
6613,朋億,12.1,,,,0.7675,18.0,6.0,0.2222222222222222
2474,可成,19.67,3.333,7.1579999999999995,,1.231428571428571,-20125.0,7.5555555555555545,1.0
1590,亞德客-KY,10.964,2.19,5.1788888889999996,,1.653333333333333,-3604.0,42.22222222222222,0.9
5287,數字,13.33,4.838571429,11.36222222,,0.6116666666666667,35.0,40.0,0.5555555555555556
1264,德麥,12.78333333,4.89,9.916666667000001,,0.3700000000000001,-10.0,222.5,0.5
4439,冠星-KY,13.92,,,,1.46,17.0,,0.0
2492,華新科,3.638,2.8480000000000003,4.522,,1.58,-12471.0,122.0,0.6
4420,光明,3.832,5.343999999999999,1.365,,,-60.0,109.0,1.0
2379,瑞昱,6.919,4.685,4.455,,1.3314285714285714,70.0,51.0,1.0
2330,台積電,9.986,3.3080000000000003,5.3,,1.2128571428571429,89058.0,38.1,1.0
6414,樺漢,9.745555556000001,2.395714286,6.794285714,,1.655,743.0,10.428571428571429,0.7
3034,聯詠,9.392999999999999,5.621,6.888999999999999,,1.0857142857142856,5002.0,62.2,1.0
8406,金可-KY,12.97,1.9775,5.73375,,1.1316666666666666,-1270.0,11.5,0.75
5289,宜鼎,8.459,4.305714286000001,3.84,0.843333333,1.1733333333333331,-307.0,85.14285714285714,0.7
6176,瑞儀,9.082,6.121,5.39,,1.062857142857143,-993.0,26.11111111111111,1.0
6462,神盾,4.1025,,,,1.53,1073.0,25.5,0.2
2439,美律,7.974,5.901,5.546,,1.1385714285714283,-2619.0,40.1,1.0
1537,廣隆,8.98,6.11,6.261,,0.5442857142857143,-295.0,68.77777777777777,1.0
6803,崑鼎,10.827,5.3629999999999995,8.906,,0.455,-22.0,162.4,1.0
2929,淘帝-KY,11.26555556,4.321666667,4.606666667,,,-1179.0,62.0,0.42857142857142855
3324,雙鴻,4.485,2.3775,1.32625,,1.4271428571428575,1693.0,105.625,0.8
5871,中租-KY,6.636,3.811111111,2.7544444439999998,,1.3733333333333333,12220.0,97.875,0.8
4803,VHQ-KY,8.031666667,,,,1.4259999999999995,-66.0,1.0,0.3333333333333333
3044,健鼎,7.73,4.746,3.675,,1.2228571428571429,-18008.0,54.0,1.0
2548,華固,9.631,7.903,5.455,,0.5771428571428572,-5039.0,218.8,1.0
1558,伸興,12.280999999999999,6.684,8.67,,0.5514285714285714,-219.0,88.8888888888889,1.0
3131,弘塑,13.389000000000001,5.7170000000000005,8.75,,1.425,-1080.0,108.6,1.0
5534,長虹,10.079,8.156,5.82,,0.6842857142857143,-1431.0,190.0,1.0
6569,醫揚,8.683333333,,5.8,,0.49200000000000005,-20.0,104.33333333333331,0.3333333333333333
8422,可寧衛,11.251,5.533333333,9.563333333,,0.43333333333333335,-220.0,93.85714285714286,0.875
5283,禾聯碩,6.459,4.45875,3.1875,,0.82,227.0,38.857142857142854,0.7
3105,穩懋,5.277,2.923333333,2.425555556,,1.515,11543.0,42.555555555555564,0.9
2707,晶華,9.974,4.198,9.665,0.973333333,0.9228571428571428,141.0,174.0,1.0
2395,研華,8.07,3.1260000000000003,5.433,,0.9342857142857144,1966.0,70.0,1.0
6666,羅麗芬-KY,6.086,,,,1.0566666666666666,-8.0,,0.0
1439,中和,4.189,9.737142857,1.857142857,,,1382.0,242.85714285714286,0.7
8016,矽創,6.2989999999999995,4.974,3.78,,1.4671428571428573,-2274.0,81.1,1.0
8446,華研,5.518,3.89,4.228571429,,0.7999999999999999,-376.0,100.8,0.625
4766,南寶,10.556,,,,0.8533333333333334,439.0,82.0,0.2
2383,台光電,6.377999999999999,5.315,2.7910000000000004,,1.4628571428571429,4067.0,39.6,1.0
2912,統一超,10.127,3.3819999999999997,8.015,,0.4514285714285714,-9496.0,25.9,1.0
1580,新麥,10.305,5.725,7.25,0.46666666700000003,0.7985714285714286,-1416.0,157.25,1.0
6269,台郡,8.623,3.57,3.0780000000000003,0.54375,1.414285714285714,5479.0,118.44444444444444,1.0
6456,GIS-KY,18.16125,4.128,4.4,,1.374,14111.0,6.5,0.4
8454,富邦媒,7.642222222000001,3.2766666669999998,6.5489999999999995,,0.32,695.0,44.16666666666666,0.6
4958,臻鼎-KY,6.7139999999999995,3.775,3.01625,,1.55,4361.0,24.625,0.8
6643,M31,8.165,,,,1.45,39.0,11.0,0.2
4438,廣越,8.77,,5.492000000000001,,0.85,160.0,8.666666666666666,0.3333333333333333
2732,六角,7.964444444,3.5414285710000004,3.601428571,,1.1983333333333337,-629.0,102.83333333333331,0.6666666666666666
1707,葡萄王,7.242000000000001,3.7119999999999997,4.668,,0.5828571428571429,-1329.0,46.6,1.0
4536,拓凱,6.937,3.91125,4.375,,1.0783333333333334,-1360.0,77.57142857142857,0.7777777777777778
5288,豐祥-KY,7.3625,4.488333333,4.085,,0.8766666666666666,514.0,23.0,0.4444444444444444
5434,崇越,6.506,6.037000000000001,3.7880000000000003,,0.9871428571428572,892.0,83.1,1.0
6452,康友-KY,11.54857143,2.596,7.24,,1.1816666666666666,-64.0,62.75,0.4444444444444444
8416,實威,7.669,5.41125,5.24,,0.785,31.0,106.625,0.8888888888888888
6538,倉和,6.4683333329999995,,2.933333333,,1.266,-472.0,98.5,0.4
3152,璟德,8.544,4.198,7.227,,1.18,599.0,164.9,1.0
9945,潤泰新,8.058,5.175,2.51,,,8268.0,28.625,0.8
9941,裕融,6.369,5.175,4.132,,1.0342857142857145,312.0,122.11111111111113,1.0
4163,鐿鈦,6.263,3.1475,3.58,,0.8483333333333333,59.0,109.71428571428572,0.7777777777777778
8083,瑞穎,7.265,5.36,5.7,,0.3871428571428571,49.0,77.33333333333333,1.0
9921,巨大,8.541,3.0210000000000004,5.24,,1.1385714285714286,10913.0,5.0,1.0
3708,上緯投控,5.2425,,,,1.228,2028.0,12.0,0.3
2345,智邦,3.58,5.67,2.065,,1.0385714285714287,2521.0,88.3,1.0
6294,智基,4.755,,,,0.47,180.0,104.0,0.14285714285714285
8341,日友,5.822857142999999,2.912,2.735,,0.61,256.0,14.0,0.6
2308,台達電,7.3,3.772,5.0680000000000005,,1.0042857142857142,32549.0,87.0,1.0
6568,宏觀,8.745,,4.38,,1.23,-185.0,1.75,0.4
8480,泰昇-KY,7.353333332999999,,,,0.6759999999999999,-82.0,150.0,0.3
8081,致新,7.02,7.468999999999999,6.157,,1.1171428571428572,3074.0,69.4,1.0
2428,興勤,5.849,4.916,2.56,,1.1828571428571428,286.0,39.77777777777778,1.0
1477,聚陽,7.943,5.352,6.664,,0.8271428571428572,15593.0,137.66666666666666,1.0
2228,劍麟,6.782,3.615714286,3.8569999999999998,,1.265,837.0,87.14285714285714,0.7
3558,神準,9.218,5.557,6.005,,1.2183333333333333,155.0,44.88888888888889,1.0
3130,一零四,8.584,5.54,7.103,,0.4714285714285715,0.0,157.75,1.0
2458,義隆,3.66,5.06,2.4859999999999998,,1.0385714285714285,3993.0,46.0,1.0
9910,豐泰,5.565,4.052,3.65,0.52,1.1228571428571428,2335.0,86.66666666666669,1.0
2385,群光,6.492000000000001,5.928999999999999,4.165,0.17222222199999998,0.6114285714285714,5733.0,279.2,1.0
3570,大塚,4.821000000000001,4.621,2.5860000000000003,,0.8657142857142858,9.0,56.3,1.0
9914,美利達,7.797999999999999,3.286,4.26,,1.0342857142857145,8210.0,48.8,1.0
2317,鴻海,8.336,2.9930000000000003,2.61,0.985714286,1.077142857142857,-14382.0,161.44444444444446,1.0
5903,全家,5.794,2.497,4.33,,0.22285714285714286,55.0,83.1,1.0
8499,鼎炫-KY,9.48,,,,1.165,333.0,64.0,0.1111111111111111
6213,聯茂,4.2010000000000005,5.648,2.1959999999999997,,1.1771428571428573,4477.0,229.9,1.0
6230,超眾,6.527,4.551,3.835,,0.64,944.0,129.6,1.0
4190,佐登-KY,-13.3825,4.058,3.7,,1.368,-163.0,72.0,0.4
4736,泰博,5.611000000000001,5.619,4.91,,0.7250000000000001,-1574.0,235.1,1.0
6596,寬宏藝術,4.4966666669999995,,,,,-82.0,96.33333333333331,0.3
2231,為升,7.934,3.489,5.757999999999999,1.126666667,1.4685714285714284,-288.0,186.22222222222226,1.0
4580,捷流閥業,6.2725,,,,0.94,283.0,1.0,0.1
5306,桂盟,4.815,2.265714286,2.528571429,,0.7714285714285715,2902.0,23.16666666666667,0.6666666666666666
5299,杰力,3.06375,3.8814285710000003,1.605714286,,1.645,-1620.0,3.8571428571428568,0.7
6472,保瑞,2.845714286,1.028,1.08,,1.1220000000000003,-377.0,10.6,0.5
8279,生展,4.878571429,,,,1.016,-3.0,2.0,0.4
3413,京鼎,4.914,3.31,4.4,,1.926,1854.0,86.0,0.5
6683,雍智科技,6.8575,,,,1.7033333333333331,436.0,1.0,0.2
6561,是方,5.895,,,,0.4066666666666667,1258.0,79.66666666666667,0.3
9802,鈺齊-KY,4.632,4.48625,2.49875,,1.1866666666666668,2482.0,48.85714285714285,0.7
3548,兆利,4.331,3.9410000000000003,1.815,,,-824.0,22.0,1.0
5474,聰泰,4.131,4.865714286,3.057142857,,1.0414285714285714,109.0,123.125,0.8
8482,商億-KY,9.464,,,,0.6066666666666667,-108.0,7.0,0.1
6491,晶碩,3.9814285710000004,,,,1.2,1765.0,1.0,0.2
8210,勤誠,4.732,6.271,2.81,,1.1514285714285717,-878.0,136.5,1.0
1582,信錦,5.497000000000001,7.939,4.437,,0.8114285714285714,-1028.0,60.3,1.0
4551,智伸科,4.831111111,3.6,4.23,,1.2120000000000002,3249.0,57.0,0.5
9951,皇田,6.837999999999999,4.159,3.8,,1.15,643.0,44.8,1.0
6239,力成,5.435,4.928999999999999,3.435,,1.0314285714285716,-15716.0,278.2,1.0
3023,信邦,4.475,5.187,2.6919999999999997,,1.0242857142857142,-650.0,45.3,1.0
4938,和碩,5.32,5.65,3.678571429,,,-21655.0,62.42857142857143,0.7777777777777778
6214,精誠,3.8989999999999996,6.587000000000001,3.6039999999999996,,0.6357142857142858,-612.0,120.5,1.0
3529,力旺,5.292999999999999,2.306,4.82,,1.4,3998.0,23.5,1.0
6146,耕興,6.757999999999999,4.416,5.205,0.13777777800000002,0.6857142857142858,180.0,49.8,1.0
3376,新日興,5.812,4.208,3.4960000000000004,,1.202857142857143,-228.0,65.5,1.0
6504,南六,5.479,1.93,2.548,,0.19166666666666668,-281.0,35.25,0.8
1268,漢來美食,6.743333333,,,,0.5475,5.0,63.66666666666666,0.3333333333333333
3661,世芯-KY,3.3560000000000003,,,,1.5499999999999998,2021.0,1.7142857142857142,0.7
4119,旭富,4.353,4.121,2.875,,0.6900000000000001,131.0,114.4,1.0
8462,柏文,5.055714286000001,1.892,2.72,1.71,1.166,1201.0,38.25,0.4444444444444444
5546,永固-KY,7.14,,,,,0.0,,0.0
1515,力山,1.893,,,,1.1457142857142857,8814.0,15.2,0.5
4430,耀億,2.937,3.938,1.413,,,-14.0,59.6,1.0
6278,台表科,4.683,3.866,1.72,0.683333333,1.455714285714286,-4899.0,229.7,1.0
4126,太醫,5.334,3.5944444439999996,2.855555556,,0.5042857142857142,-328.0,38.125,0.8888888888888888
6274,台燿,3.488,4.155,1.65,,1.3085714285714285,4322.0,22.6,1.0
1788,杏昌,6.0489999999999995,4.937,4.62,,0.3285714285714286,-35.0,184.7,1.0
8066,來思達,5.247000000000001,7.352,7.2,,,139.0,42.5,0.4444444444444444
3596,智易,4.731,4.147,2.12,,1.2228571428571426,-1440.0,26.3,1.0
6672,騰輝電子-KY,4.958333333,,,,1.106666666666667,-1098.0,2.0,0.2
4402,福大,0.122,,,,,10.0,,0.0
6641,基士德-KY,4.354,,,,,27.0,35.0,0.1
6111,大宇資,0.649,,,,1.2742857142857142,72.0,,0.0
4572,駐龍,5.745,,,,1.0750000000000002,137.0,16.0,0.1
6192,巨路,5.477,4.9910000000000005,3.01,,,123.0,261.3,1.0
4107,邦特,3.9130000000000003,3.65,2.438,,1.0585714285714285,1158.0,44.4,1.0
2752,豆府,13.538,,,,0.695,10.0,,0.0
3004,豐達科,3.7260000000000004,,,,,-300.0,6.571428571428571,0.7
3479,安勤,4.394,6.374,2.866,,,-291.0,134.8,1.0
2377,微星,3.695,5.361000000000001,2.568,,0.9871428571428572,15530.0,22.2,1.0
2348,海悅,-3.1460000000000004,,,,,1750.0,92.33333333333331,0.3
5263,智崴,3.848888889,1.4280000000000002,2.99,,0.9766666666666668,-20.0,27.5,0.6
3653,健策,4.023,3.92,2.844,,1.5842857142857143,151.0,43.33333333333334,1.0
4763,材料-KY,4.15875,,,,0.8719999999999999,171.0,19.0,0.3333333333333333
6486,互動,4.69,7.72,3.7,,0.6579999999999999,-58.0,70.4,0.5
6411,晶焱,4.272222222,3.502857143,2.18375,,1.2700000000000002,-1428.0,55.42857142857143,0.7
6290,良維,3.2689999999999997,5.497999999999999,1.9409999999999998,,,-1608.0,30.6,1.0
5234,達興材料,4.343,5.3475,2.8,,1.0166666666666668,216.0,196.42857142857144,0.7
5312,寶島科,5.47,4.395,3.3,,,7.0,82.75,1.0
6147,頎邦,4.228,4.785555556,2.4277777780000003,,,-11016.0,27.11111111111111,0.9
3617,碩天,6.104,5.432,4.185,,1.042857142857143,274.0,50.9,1.0
3227,原相,3.892,3.89,3.38,,1.4642857142857142,-3417.0,14.4,1.0
4953,緯軟,2.53,3.226666667,1.07,0.34,1.4383333333333337,1630.0,10.333333333333334,0.6
6435,大中,4.18375,5.495,3.613333333,,1.614,33.0,25.5,0.6
6451,訊芯-KY,9.724444444,3.694,4.245,,1.8416666666666668,369.0,69.4,0.5
3526,凡甲,3.448,6.646,3.1430000000000002,,0.9128571428571428,-4143.0,173.66666666666663,1.0
8114,振樺電,7.206,5.584,5.782,0.35,0.9442857142857144,-13.0,99.75,1.0
2373,震旦行,4.346,5.367999999999999,3.455,,0.4042857142857143,-107.0,121.0,1.0
3010,華立,5.274,6.047000000000001,2.87,,,-5546.0,145.55555555555554,1.0
1232,大統益,4.982,5.648,4.11,,0.5785714285714285,61.0,149.1,1.0
3455,由田,2.673,4.3580000000000005,2.31,,,269.0,5.0,0.7777777777777778
8466,美吉吉-KY,7.158571428999999,,,,,-41.0,82.5,0.2222222222222222
5469,瀚宇博,2.147,3.09,0.64,,,-5904.0,249.5,0.8
6277,宏正,5.6370000000000005,6.814,4.91,,0.5928571428571427,1310.0,136.22222222222223,1.0
5604,中連貨,2.496,6.369,1.989,,,-31.0,194.6,1.0
2049,上銀,8.171,1.455,3.16,0.29,1.6428571428571426,4539.0,256.0,1.0
8942,森鉅,4.463,4.595,3.105,,,-670.0,94.66666666666669,1.0
3541,西柏,4.737,5.234,3.24,,0.9685714285714284,-109.0,64.875,1.0
1773,勝一,4.712,6.195,3.33,,0.8242857142857144,301.0,177.6,1.0
1301,台塑,5.229,4.409,3.93,,0.977142857142857,-12870.0,39.333333333333336,1.0
6592,和潤企業,4.74,,,,1.08,4809.0,2.0,0.1
8924,大田,1.882,,,,,-659.0,438.8,0.5
3088,艾訊,4.813,6.518,3.085,,,-548.0,86.625,1.0
1341,富林-KY,8.748,,,,,3.0,22.0,0.1
6464,台數科,6.741428571,4.162,5.388333332999999,,0.14,8.0,32.6,0.5555555555555556
2114,鑫永銓,6.03,5.684,4.349,,0.6157142857142857,-59.0,51.444444444444436,1.0
3527,聚積,6.27,6.426,5.284,,1.3814285714285717,212.0,58.2,1.0
3211,順達,6.435,6.95,4.748,,0.7371428571428572,-526.0,192.1,1.0
1723,中碳,7.169,4.97,6.37,,0.7185714285714285,-2531.0,79.375,1.0
1102,亞泥,2.9330000000000003,5.111000000000001,1.77,0.24,,-39226.0,202.2,1.0
2397,友通,3.24,6.047999999999999,2.782,,0.897142857142857,-57.0,113.2,1.0
2491,吉祥全,0.363,,,,,3.0,,0.0
3532,台勝科,1.9040000000000001,2.225714286,2.035714286,,1.06,-1781.0,9.375,0.8
5530,龍巖,4.336,3.51,2.511111111,,,-316.0,18.777777777777782,0.9
9943,好樂迪,4.506,7.3944444439999995,3.6555555560000004,,,284.0,180.11111111111111,0.9
4912,聯德控股-KY,5.069,4.362222222,3.388888889,,1.0583333333333331,40.0,32.375,0.8888888888888888
6125,廣運,0.374,3.791666667,0.46833333299999996,,,886.0,8.5,0.8888888888888888
1215,卜蜂,3.218,4.592,1.59,,0.65,2057.0,136.9,1.0
2239,英利-KY,9.19,,,,,1101.0,10.666666666666666,0.3333333333333333
2881,富邦金,4.563,3.9939999999999998,1.78,,,31952.0,113.22222222222223,1.0
8497,格威傳媒,5.928333332999999,,,,,22.0,43.0,0.3
3679,新至陞,5.666,6.765,4.065,,,13.0,30.88888888888889,1.0
4557,永新-KY,5.43875,6.234,4.316,,,0.0,145.0,0.25
6577,勁豐,5.74,,4.082,,0.586,101.0,92.0,0.4
6664,群翊,4.885,,,,,-81.0,24.5,0.2
1730,花仙子,3.068,5.391,1.845,,0.5071428571428572,2567.0,61.9,1.0
6223,旺矽,5.472,4.751111111,3.1755555560000004,,1.4,116.0,14.25,0.8888888888888888
3217,優群,2.388,7.192,1.5290000000000001,,0.9842857142857142,-1824.0,346.8,1.0
1777,生泰,3.8680000000000003,3.3989999999999996,2.335,,0.5328571428571428,287.0,32.5,1.0
9946,三發地產,2.9389999999999996,,,,,-1483.0,99.83333333333331,0.6
6552,易華電,2.76,,,,,733.0,3.0,0.4
6706,惠特,7.8375,,,,1.62,3061.0,3.0,0.1
2723,美食-KY,7.358,1.743,3.55,,1.125,-550.0,36.625,0.8888888888888888
6579,研揚,4.788333333,,,,,12.0,11.5,0.25
6206,飛捷,6.2,5.87,4.78,0.826666667,,-1012.0,119.75,1.0
6525,捷敏-KY,5.446666667000001,,,,,267.0,97.0,0.25
4549,桓達,4.804444444,3.955,3.442857143,0.38,0.7399999999999999,13.0,51.4,0.5555555555555556
6238,勝麗,4.331,,,,1.48,,65.66666666666667,0.3333333333333333
6690,安碁資訊,2.665,,,,1.21,-546.0,2.0,0.1
9938,百和,3.7689999999999997,3.88,1.89,,,1363.0,60.5,1.0
3388,崇越電,5.574,7.4270000000000005,4.89,,,-9.0,247.125,1.0
6180,橘子,1.209,,,,,329.0,194.85714285714286,0.7777777777777778
1339,昭輝,3.762,4.01,1.716666667,,,336.0,67.0,0.8888888888888888
2233,宇隆,5.997999999999999,4.658888889,3.7788888889999996,,,327.0,81.0,0.8888888888888888
2640,大車隊,4.641,4.41625,2.997777778,0.7777777779999999,0.8850000000000001,223.0,174.4285714285714,0.7777777777777778
4571,鈞興-KY,5.05,,,,,10.0,,0.0
2354,鴻準,6.619,2.778,2.09,0.514285714,,-3249.0,51.66666666666666,1.0
5225,東科-KY,3.88,5.68125,2.73,,,-238.0,157.5,0.6666666666666666
2597,潤弘,4.478,8.657,3.985,,,237.0,203.75,1.0
1259,安心,4.802,3.255555556,2.566666667,,0.4483333333333333,11.0,40.625,0.8888888888888888
3026,禾伸堂,3.301,6.959,3.47,,1.2871428571428574,-1687.0,270.6,1.0
6263,普萊德,3.661,6.699,2.89,,,21.0,79.5,1.0
6582,申豐,5.318333333,,,,0.25,806.0,176.25,0.4
8109,博大,4.548,5.859,3.4,,0.6671428571428571,46.0,146.0,1.0
8424,惠普,4.188,5.433333332999999,2.13,,,15.0,257.6666666666667,0.9
2939,凱羿-KY,10.4625,,,,0.5275,6776.0,15.0,0.2
5478,智冠,4.099,3.93,2.844,,0.9014285714285714,973.0,30.2,1.0
3081,聯亞,8.278571429,2.26,6.166666667,,1.254,-2000.0,3.5,0.4444444444444444
3515,華擎,6.117000000000001,8.132,6.358,,0.9685714285714284,2704.0,120.5,1.0
2850,新產,3.6919999999999997,6.435,1.6769999999999998,,,-560.0,311.0,1.0
4974,亞泰,4.091,7.0255555560000005,2.647777778,,,453.0,126.66666666666669,0.9
2926,誠品生活,6.783333333,4.5242857139999995,6.61875,,0.6516666666666667,-1.0,112.25,0.6666666666666666
9942,茂順,5.431,5.447,3.78,,,-861.0,46.875,1.0
6138,茂達,2.197,5.3629999999999995,1.78,,1.3142857142857145,-448.0,13.1,1.0
1326,台化,5.281000000000001,4.8260000000000005,4.265,,1.0242857142857145,-15859.0,211.88888888888889,1.0
6023,元大期,3.585,6.939,2.616,,,-52.0,251.6,1.0
6514,芮特-KY,2.87625,,,,,35.0,164.5,0.4
9917,中保科,4.235,4.643,3.58,,0.4185714285714286,-2512.0,78.875,1.0
3546,宇峻,3.4339999999999997,4.271666667,3.3816666669999997,,1.1042857142857143,-974.0,102.25,0.8888888888888888
8171,天宇,0.606,,,,,-104.0,1.5,0.2
4915,致伸,3.7310000000000003,4.34,1.755555556,,,-5942.0,10.333333333333334,0.9
4987,科誠,5.11,6.628888889,3.777777778,,,1.0,52.85714285714285,0.875
1338,廣華-KY,7.2,3.6475,3.275,,,-216.0,21.875,0.8
6279,胡連,6.68,5.361000000000001,4.8389999999999995,,1.1071428571428572,1508.0,53.0,1.0
2727,王品,8.435,3.73,7.628888889,,,1372.0,11.8,0.7142857142857143
2882,國泰金,3.261,3.009,1.38,0.47600000000000003,,41789.0,79.77777777777777,1.0
3213,茂訊,4.534,7.779,3.5,,,45.0,168.5,1.0
5511,德昌,3.9160000000000004,5.0360000000000005,1.305,,,-142.0,160.77777777777774,1.0
1521,大億,5.035,6.477,4.17,,,-14.0,185.7142857142857,1.0
3443,創意,4.215,2.917,3.3489999999999998,,1.417142857142857,142.0,91.9,1.0
2923,鼎固-KY,2.088,1.4828571430000002,0.334285714,,,392.0,2.4285714285714284,0.7
9939,宏全,4.353,4.49,2.55,,,-3647.0,28.33333333333333,1.0
2456,奇力新,3.647,3.595,2.214,,1.5785714285714283,-12931.0,13.3,1.0
4175,杏一,3.609,3.802857143,2.5375,,0.5266666666666666,6.0,217.6,0.625
3684,榮昌,3.2119999999999997,5.553,1.909,,,-5.0,79.44444444444444,1.0
2643,捷迅,3.432857143,5.564,1.715,,,155.0,22.4,0.5
6224,聚鼎,4.83,6.452999999999999,3.7880000000000003,,,1148.0,167.5,1.0
4568,科際精密,5.7125,,,,,-1.0,23.5,0.2
4942,嘉彰,3.013,5.198888889,1.8359999999999999,,,-1199.0,133.9,1.0
5215,科嘉-KY,3.745,6.6788888889999996,2.333333333,,1.0516666666666667,-129.0,186.625,0.8
8938,明安,2.153,4.861000000000001,1.74,,,-134.0,33.888888888888886,1.0
5203,訊連,5.478,6.318,5.175,,0.965714285714286,-1649.0,169.2,1.0
2066,世德,5.16,4.02,3.69,,,0.0,15.0,0.7777777777777778
3045,台灣大,5.236000000000001,5.391,5.34,,0.2942857142857143,-6516.0,279.44444444444446,1.0
6412,群電,3.365,4.762857143,2.3471428569999997,0.05,,5218.0,94.33333333333331,0.6
6173,信昌電,1.554,3.1039999999999996,1.37,,,817.0,187.28571428571428,0.7
6271,同欣電,6.695,4.878,5.285,,1.3985714285714288,1330.0,28.11111111111111,1.0
2360,致茂,4.147,3.47,2.966,,1.1885714285714286,4699.0,91.0,1.0
2905,三商,2.569,2.884,0.639,,,3566.0,116.33333333333331,1.0
4994,傳奇,4.147,0.675,0.8583333329999999,4.7,,-47.0,120.33333333333331,0.42857142857142855
8284,三竹,2.449,2.17,1.032,,,-577.0,429.5,0.6
4927,泰鼎-KY,3.8810000000000002,5.847142857000001,2.054285714,,0.8683333333333335,4947.0,389.0,0.8
8155,博智,3.392,5.93375,2.66625,,1.3150000000000002,-4787.0,30.875,0.8
6281,全國電,4.573,6.501,3.9339999999999997,,,81.0,224.55555555555557,1.0
1101,台泥,2.668,5.414,1.9980000000000002,,,15690.0,179.8,1.0
2496,卓越,1.463,,,,0.6857142857142857,-607.0,2.5,0.2222222222222222
3501,維熹,4.772,7.084,3.38,,,73.0,166.77777777777774,1.0
4560,強信-KY,3.33,,,,,-400.0,15.666666666666664,0.3
6629,泰金-KY,39.99,,,,,5.0,,0.0
9924,福興,3.167,5.943,1.94,,,-199.0,122.375,1.0
6210,慶生,4.479,7.934,3.06,,,-31.0,95.2,1.0
1437,勤益控,1.1179999999999999,,,,,90.0,63.0,0.4
3036,文曄,4.535,6.522,2.62,,,-5808.0,88.22222222222223,1.0
5493,三聯,3.177,6.666,1.865,,,21.0,208.33333333333331,1.0
2524,京城,2.8339999999999996,,,,,-277.0,40.6,0.5
6292,迅德,3.173,8.419,2.45,,,-66.0,174.6,1.0
6416,瑞祺電通,4.6275,3.061666667,3.3757142860000005,,1.1,2190.0,16.285714285714285,0.7
1736,喬山,3.5589999999999997,1.8780000000000001,1.085,1.08,,8057.0,127.6,1.0
2065,世豐,4.865,,2.105,,,-173.0,169.33333333333334,0.6
6523,達爾膚,6.234285713999999,,3.71,,,207.0,3.25,0.4444444444444444
6527,明達醫,2.6342857140000002,2.312,1.058,,,-104.0,3.4,0.5
2433,互盛電,3.827,7.667000000000001,3.0669999999999997,,,194.0,125.5,1.0
2412,中華電,5.045,5.061,4.949,,0.22,7481.0,229.55555555555557,1.0
4977,眾達-KY,4.3469999999999995,4.71,3.857142857,0.4,1.3766666666666667,1023.0,74.42857142857143,0.7
1726,永記,5.154,5.043,3.38,,,-14.0,50.6,1.0
5388,中磊,4.2860000000000005,4.551,2.761,,0.8828571428571428,-1337.0,41.9,1.0
6186,新潤,2.602,9.048571428999999,2.0,,,-294.0,200.14285714285717,0.7
2459,敦吉,3.5780000000000003,6.825,2.303,,,-554.0,102.9,1.0
2480,敦陽科,2.535,6.947,2.171,,,1191.0,135.6,1.0
4735,豪展,1.466,3.8480000000000003,1.6380000000000001,,0.64,1394.0,197.28571428571428,0.7
6141,柏承,0.8270000000000001,3.9419999999999997,0.54,,,1773.0,17.9,1.0
8442,威宏-KY,3.027142857,,,,,-45.0,28.0,0.2
3226,至寶電,1.465,,,,,4.0,44.0,0.3333333333333333
6245,立端,3.178,3.013,1.369,0.526666667,,-156.0,19.9,1.0
3265,台星科,3.2939999999999996,5.27,1.517,,,-253.0,36.444444444444436,1.0
1527,鑽全,3.595,5.94125,2.82875,,,873.0,166.71428571428572,0.875
3491,昇達科,3.4339999999999997,4.994,3.0469999999999997,,1.1085714285714283,-55.0,68.7,1.0
6114,久威,2.437,,,,,11.0,18.0,0.4
2382,廣達,4.7219999999999995,5.955,3.733,,0.8742857142857142,65004.0,83.8888888888889,1.0
4995,晶達,2.509,5.8488888889999995,1.888888889,,,-2.0,184.33333333333331,0.9
8433,弘帆,4.737,5.58,3.478888889,,,-6.0,72.85714285714286,0.7777777777777778
8255,朋程,6.281000000000001,4.952,5.0,,0.9014285714285716,-95.0,117.77777777777777,1.0
2392,正崴,3.55,4.662,2.189,,,-1185.0,41.4,1.0
8916,光隆,2.943,5.596,2.251,,,-129.0,35.22222222222222,1.0
2347,聯強,3.5269999999999997,5.267,2.345,,,18397.0,160.0,1.0
8213,志超,4.1160000000000005,6.051,2.069,,,-1227.0,180.0,1.0
3310,佳穎,0.643,3.705714286,1.17,,,-2.0,170.33333333333334,0.6666666666666666
6679,鈺太,2.3875,,,,1.3066666666666666,223.0,1.0,0.2
9911,櫻花,2.347,4.962,1.405,,,-175.0,31.6,1.0
6202,盛群,3.446,6.945,3.313,,,-3488.0,53.9,1.0
6574,霈方,6.035,,,,,0.0,28.0,0.125
2301,光寶科,3.352,6.3260000000000005,2.536,0.05,,10781.0,145.0,1.0
3092,鴻碩,2.137,6.0,2.32,,,-106.0,154.625,0.8888888888888888
3583,辛耘,2.662,3.06,1.755,,,261.0,4.0,0.7
4104,佳醫,3.208,4.277,2.266,,,1012.0,149.875,1.0
4916,事欣科,4.391,5.232222222,2.273333333,,,43.0,40.5,0.8888888888888888
1240,茂生農經,4.156000000000001,,,,,-5.0,8.0,0.3
2451,創見,6.151,7.23,5.928999999999999,,0.3528571428571428,-2229.0,96.57142857142857,1.0
9904,寶成,3.489,4.169,1.45,,,-18636.0,22.66666666666667,1.0
3030,德律,4.058,6.907,3.05,,,-1985.0,90.22222222222223,1.0
3711,日月光投控,4.516666667,,,,,-12188.0,147.5,0.2
5403,中菲,2.7739999999999996,7.529,2.117,,,217.0,203.9,1.0
1525,江申,5.13,2.763,1.725,,,-312.0,69.77777777777777,1.0
3587,閎康,4.013,4.852222222,3.0355555560000003,,1.2942857142857145,-240.0,75.1111111111111,0.9
6221,晉泰,2.173,4.845555556,1.113333333,,,174.0,118.88888888888887,0.9
1702,南僑,3.367,4.07,1.984444444,,,-215.0,4.714285714285714,0.875
6616,特昇-KY,2.3325,,,,,1.0,47.0,0.2
5522,遠雄,5.877000000000001,8.741,3.84,,,-6578.0,38.714285714285715,1.0
6605,帝寶,5.955,3.7089999999999996,3.06,,,-65.0,85.77777777777777,1.0
5483,中美晶,1.65,3.34,1.966666667,,1.477142857142857,-19685.0,179.55555555555554,0.9
6505,台塑化,3.978,3.483,3.4410000000000003,,0.96,11903.0,50.444444444444436,1.0
3702,大聯大,3.509,6.314,2.369,,,-5350.0,71.28571428571429,1.0
4506,崇友,2.496,5.015,1.56,,,-23.0,73.9,1.0
1560,中砂,3.721,4.901,2.85,,,-182.0,209.2,1.0
2726,雅茗-KY,3.0688888889999997,4.173333333,2.417142857,,,-31.0,68.0,0.5
2546,根基,2.27,8.565,1.742,,,284.0,527.7,1.0
2928,紅馬-KY,2.728333333,,,,,-836.0,9.666666666666666,0.3
4745,合富-KY,3.57,2.807,1.659,,,-37.0,12.571428571428573,0.875
6196,帆宣,2.491,5.202000000000001,1.594,,1.4671428571428573,-1901.0,45.5,1.0
1227,佳格,3.715,2.6630000000000003,1.98,1.4125,,-4485.0,159.4,1.0
6285,啟碁,4.988,4.504,3.1260000000000003,0.333333333,,-540.0,148.9,1.0
4138,曜亞,4.07,5.356,3.4989999999999997,,,91.0,118.57142857142857,1.0
1593,祺驊,2.7710000000000004,6.134444444,2.482222222,,,15.0,135.22222222222223,0.9
3551,世禾,3.658,4.6339999999999995,1.883,,,308.0,108.0,1.0
8271,宇瞻,3.069,6.794,1.865,,,-78.0,129.3,1.0
6123,上奇,2.77,6.595,2.319,,,58.0,19.25,1.0
6203,海韻電,3.306,7.273,2.591,,,895.0,135.375,1.0
3005,神基,2.153,5.417999999999999,1.558,,,-13913.0,53.6,1.0
1315,達新,1.788,4.003,1.13,,,542.0,53.7,1.0
4105,東洋,3.612,2.71,2.4859999999999998,1.44,0.8071428571428572,-402.0,148.375,1.0
4417,金洲,3.133,3.971,1.21,0.45,,-109.0,91.66666666666669,1.0
6177,達麗,3.55,11.606,2.778,1.0475,,3016.0,142.57142857142858,0.7
4755,三福化,2.748,3.6314285710000003,1.418571429,,,132.0,123.16666666666669,0.6666666666666666
5347,世界,2.515,4.194,1.876,,0.9542857142857144,7947.0,64.2,1.0
6581,鋼聯,4.238333333,,,,,29.0,4.5,0.2222222222222222
5223,安力-KY,2.676,,,,,65.0,39.0,0.2
6716,應廣,3.9175,,,,,4.0,98.0,0.1
8150,南茂,2.628,4.596666667,1.2157142859999999,,,-14256.0,99.71428571428572,0.7
4205,中華食,2.636,4.1419999999999995,1.88,,0.3885714285714286,24.0,249.0,1.0
9958,世紀鋼,1.155,2.351428571,0.35,,0.6314285714285715,373.0,115.11111111111113,0.9
2488,漢平,2.56,7.145,1.68,,,5.0,122.77777777777777,1.0
5876,上海商銀,3.01125,4.744,1.614285714,,,14918.0,177.0,0.5
8435,鉅邁,3.56,6.23,2.955,,,-393.0,145.5,0.8
2464,盟立,2.4819999999999998,5.303,1.73,,,-248.0,96.33333333333331,1.0
6591,動力-KY,5.716666667,,,,,-776.0,36.333333333333336,0.3
4754,國碳科,2.38625,3.6557142860000003,1.504285714,,,-1.0,11.5,0.6666666666666666
8481,政伸,3.556666667,,,,,121.0,206.75,0.4
3019,亞光,-0.557,,,,,-3514.0,1.3333333333333333,0.3
8112,至上,2.168,7.239,1.511,,,-38338.0,79.6,1.0
6024,群益期,3.145,5.122000000000001,1.7730000000000001,,,9.0,128.875,1.0
6698,旭暉應材,1.95,,,,,-45.0,1.0,0.1
6184,大豐電,3.0069999999999997,4.475,2.129,,,104.0,93.66666666666669,1.0
2637,慧洋-KY,3.7119999999999997,4.961,1.716,0.75,,1610.0,140.16666666666666,1.0
3014,聯陽,0.88,6.288571429,2.074285714,,,359.0,46.66666666666666,0.9
3338,泰碩,2.025,5.005,1.40125,,1.038333333333333,-3406.0,29.0,0.8
6470,宇智,3.79,6.81,3.0,,,-47.0,37.75,0.4444444444444444
2015,豐興,3.48,5.8229999999999995,2.875,,,-525.0,81.66666666666667,1.0
1319,東陽,2.737,2.6439999999999997,1.161,,,-252.0,34.2,1.0
2063,世鎧,2.405,4.666,1.5,,,4.0,36.75,1.0
3147,大綜,2.15625,4.585,0.682,1.18,,-31.0,90.16666666666669,0.6
5432,達威,1.242,,,,,0.0,1.0,0.1
1216,統一,2.9930000000000003,3.322,1.96,0.65,0.65,-7535.0,125.77777777777777,1.0
2472,立隆電,2.596,5.017777778,1.6933333330000002,,,1995.0,19.5,0.8888888888888888
3416,融程電,3.639,5.9079999999999995,3.16,0.48,,278.0,107.33333333333331,1.0
2441,超豐,3.207,6.207000000000001,2.225,,,-2877.0,154.0,1.0
3090,日電貿,2.693,6.305,2.1,1.216666667,,1437.0,594.25,1.0
2816,旺旺保,1.652,,,,,143.0,22.0,0.3333333333333333
3511,矽瑪,0.473,8.482000000000001,2.01,,,194.0,24.4,0.5555555555555556
8091,翔名,5.178999999999999,6.939,4.3389999999999995,,,8.0,80.33333333333333,1.0
8928,鉅明,1.435,6.3260000000000005,1.8,,,68.0,149.16666666666666,0.6
3556,禾瑞亞,4.066,6.582000000000001,3.7,0.3875,,-749.0,131.5,1.0
4566,時碩工業,2.561666667,,,,,164.0,88.33333333333331,0.3
4943,康控-KY,2.9339999999999997,2.3875,1.905555556,1.1,1.7419999999999998,-1094.0,72.625,0.8
9930,中聯資源,3.362,5.403,2.79,,,179.0,139.0,1.0
6257,矽格,2.7239999999999998,6.897,1.818,,,-3709.0,180.2,1.0
3557,嘉威,-1.1079999999999999,,,,0.9614285714285716,548.0,2066.0,0.1
3680,家登,1.58,0.9129999999999999,0.39799999999999996,,1.4183333333333332,2015.0,40.0,1.0
6469,大樹,3.705714286,1.8359999999999999,1.54,1.04,0.6679999999999999,-259.0,161.0,0.4444444444444444
5706,鳳凰,3.2430000000000003,5.1160000000000005,2.271,,,-61.0,160.22222222222226,1.0
6242,立康,0.522,,,,,1.0,22.0,0.25
2408,南亞科,3.403,5.41,3.384,,,-22951.0,10.6,0.5
2539,櫻花建,3.0789999999999997,2.319,0.616,1.385,,-72.0,138.42857142857142,1.0
4552,力達-KY,7.668571429,,,,,1361.0,8.0,0.125
1503,士電,2.41,3.295,1.3,,,195.0,18.4,1.0
2313,華通,1.7830000000000001,3.52625,0.7125,,,3159.0,3.5,0.8
8163,達方,1.5330000000000001,4.988,1.38,,,-4853.0,18.555555555555557,1.0
1465,偉全,1.5390000000000001,5.997000000000001,0.85,,,77.0,146.55555555555554,1.0
2823,中壽,2.456,1.861666667,0.533333333,0.881111111,,172.0,99.71428571428572,0.7777777777777778
5609,中菲行,1.8940000000000001,5.324,1.093,,,203.0,151.6,1.0
1541,錩泰,1.724,4.852,2.144,,,77.0,268.4,0.5555555555555556
2420,新巨,3.116,7.4110000000000005,2.41,,,-433.0,94.22222222222223,1.0
3454,晶睿,5.847,4.273,4.0969999999999995,0.32799999999999996,1.0328571428571427,115.0,125.0,1.0
5209,新鼎,4.002,6.662999999999999,3.429,,,109.0,125.0,1.0
1323,永裕,2.7310000000000003,4.796,1.355,,,80.0,25.444444444444446,1.0
3317,尼克森,0.764,,,,,-348.0,2.5,0.4
8048,德勝,1.982,4.428999999999999,1.2229999999999999,,,-91.0,73.6,1.0
6624,萬年清,1.9180000000000001,,,,,-1.0,6.5,0.2222222222222222
6680,鑫創電子,3.615,,,,,-11.0,5.0,0.1111111111111111
3206,志豐,1.849,4.544,0.95,0.25,,-116.0,86.8,1.0
2731,雄獅,4.225,4.195714286,3.377777778,,1.163333333333333,-466.0,57.33333333333334,0.6666666666666666
3218,大學光,1.1640000000000001,3.856666667,1.125,,1.2799999999999998,-756.0,33.42857142857143,0.7
4968,立積,1.075,,,,1.736,431.0,16.5,0.4
6261,久元,4.845,7.159,3.9739999999999998,0.09833333300000001,,6316.0,104.55555555555556,1.0
3483,力致,1.044,2.597,0.741,,,-600.0,26.3,1.0
6671,三能-KY,4.75,,,,,-64.0,,0.0
5455,昇益,-1.176,,,,,-1.0,,0.0
5907,大洋-KY,3.375,4.7425,1.73,,,111.0,23.0,0.7
2235,謚源,3.6319999999999997,3.965,3.0,,,1.0,40.142857142857146,0.7777777777777778
4581,光隆精密-KY,3.315,,,,,130.0,,0.0
1434,福懋,2.094,4.5360000000000005,1.41,,,29919.0,98.44444444444444,1.0
3537,堡達,2.0540000000000003,5.789,1.48,,,934.0,169.4,1.0
3691,碩禾,17.721,4.392222222,12.96555556,,1.42,269.0,169.42857142857142,0.875
4528,江興鍛,2.8710000000000004,3.273,1.28,0.38,,-28.0,48.1,1.0
6115,鎰勝,3.592,8.462,3.5060000000000002,,,6.0,218.875,1.0
2376,技嘉,3.3,7.532,2.68,,,-4207.0,217.1,1.0
8342,益張,2.8939999999999997,,2.6689999999999996,,,3.0,126.5,0.2222222222222222
4991,環宇-KY,2.95,0.928333333,0.615,,,-78.0,51.57142857142857,0.7
5607,遠雄港,1.265,,,,,-172.0,1.0,0.2
5878,台名,3.4,5.908333333,2.664285714,,,-4.0,156.2,0.5555555555555556
6715,嘉基,0.586,,,,1.54,1694.0,1.0,0.1
6143,振曜,4.079,6.534,3.299,,,-172.0,56.0,1.0
3630,新鉅科,-0.826,,,,,775.0,497.0,0.4
6640,均華,3.6,,,,,-6.0,8.5,0.2
8039,台虹,3.5469999999999997,5.151,2.136,,,-2787.0,184.8,1.0
6570,維田,2.208333333,,,,,0.0,39.75,0.4
1231,聯華食,2.681,3.588,1.237,,,-136.0,342.8888888888889,1.0
2809,京城銀,3.35,4.534285714,1.357142857,,,8886.0,146.85714285714286,0.7
8917,欣泰,1.9040000000000001,2.9,1.3730000000000002,,,-2.0,53.1,1.0
5243,乙盛-KY,2.43625,4.916666667,1.7116666669999998,,,-1793.0,132.16666666666666,0.6
6615,慧智,2.6,,,,,1.0,1.6666666666666667,0.3
8489,三貝德,2.66,,,,,-147.0,122.0,0.3333333333333333
1210,大成,2.419,4.183,1.248,,,563.0,248.8,1.0
4721,美琪瑪,2.002,4.467,1.551,,,-158.0,60.22222222222222,1.0
1303,南亞,3.926,4.532,3.11,,,20557.0,27.625,1.0
2108,南帝,1.847,4.465,1.015,0.505555556,,1825.0,329.6,1.0
2608,嘉里大榮,2.2,3.202,1.251,,,2588.0,26.4,1.0
6248,沛波,-0.209,,,,,-1.0,66.0,0.3
6282,康舒,1.8359999999999999,5.599,1.3330000000000002,,,-651.0,15.0,1.0
4120,友華,3.5269999999999997,2.5860000000000003,1.5419999999999998,,,-199.0,20.444444444444443,1.0
3029,零壹,1.5019999999999998,4.647,0.8959999999999999,,,5165.0,37.4,1.0
8131,福懋科,2.269,6.6370000000000005,1.68,,,-526.0,262.5,1.0
2527,宏璟,1.686,4.552,0.835,,,40.0,56.5,1.0
2375,凱美,1.047,,,,,1648.0,116.0,0.3333333333333333
4164,承業醫,2.6710000000000003,3.60625,2.11125,,,388.0,57.625,0.8
1109,信大,0.907,3.097,0.396,,,-877.0,162.5,1.0
3022,威強電,3.7689999999999997,5.593999999999999,2.376,,,-26.0,94.0,1.0
2115,六暉-KY,2.8110000000000004,3.0342857139999997,1.335714286,,,-12.0,23.6,0.5555555555555556
3705,永信,2.2640000000000002,4.43,1.93,,,3726.0,89.375,0.8888888888888888
2367,燿華,0.8270000000000001,,,,,-20794.0,79.0,0.7
2748,雲品,2.938333333,,,,,119.0,27.5,0.4
4550,長佳,2.48875,6.103333332999999,1.357142857,,,-115.0,253.66666666666663,0.6
4564,元翎,1.8566666669999998,,,,,-308.0,55.0,0.3
2455,全新,2.26,4.024,1.921,,1.4600000000000002,-5191.0,276.0,1.0
5490,同亨,3.031,5.96,2.4530000000000003,,,-220.0,109.88888888888887,1.0
4999,鑫禾,5.56,5.78875,2.8444444439999996,,,41.0,85.57142857142857,0.875
6426,統新,2.83,2.275,1.2842857140000001,,1.7516666666666667,-1396.0,26.16666666666667,0.6
6590,普鴻,2.063333333,,,,,10.0,2.0,0.3
3528,安馳,3.1439999999999997,6.206,2.108,0.47666666700000004,,4.0,213.33333333333331,1.0
5007,三星,3.2739999999999996,4.323,2.312,,,-173.0,61.75,1.0
5538,東明-KY,2.4375,6.63,1.9928571430000002,,,-15.0,48.5,0.6
6128,上福,3.26,7.228,2.35,,,174.0,299.6666666666667,1.0
1795,美時,-0.409,,,,1.3457142857142856,4715.0,9.5,0.2
8069,元太,1.8659999999999999,,,,,14507.0,30.66666666666667,0.6
2206,三陽工業,1.104,,,,,785.0,58.83333333333334,0.6666666666666666
2421,建準,1.969,5.642,1.5490000000000002,,,9957.0,63.1,1.0
3003,健和興,2.472,2.399,0.968,,,825.0,88.4,1.0
3017,奇鋐,2.106,3.674,0.985,,,-10027.0,14.0,1.0
2351,順德,2.929,4.454,1.79,,,-442.0,61.5,1.0
4972,湯石照明,2.7260000000000004,5.945,1.791111111,0.375714286,,0.0,122.0,0.875
5487,通泰,1.6869999999999998,6.9,1.564,,,-16.0,191.4,1.0
6201,亞弘電,2.283,7.676,2.15,,,27.0,363.4444444444445,1.0
3444,利機,1.64,4.8919999999999995,1.01,,,-102.0,428.4,1.0
4904,遠傳,3.156,5.147,3.43,,,-10894.0,93.0,1.0
1201,味全,0.875,1.7280000000000002,0.6,,,219.0,8.25,0.5
6508,惠光,2.252,4.779,1.345,0.177777778,,497.0,88.1111111111111,1.0
8467,波力-KY,2.9325,4.324,1.882,,,7.0,3.0,0.4
2542,興富發,6.644,8.818,4.2139999999999995,,,8118.0,150.25,1.0
3706,神達,2.3014285709999998,4.65,1.3633333330000001,,,-22246.0,138.16666666666666,0.6
5371,中光電,3.218,8.886000000000001,3.0,,,-6589.0,170.875,0.8888888888888888
6494,九齊,2.967142857,7.0360000000000005,2.54,,,-182.0,46.5,0.4444444444444444
4935,茂林-KY,3.477,3.89125,1.875,,1.3216666666666663,-3529.0,65.0,0.8
6532,瑞耘,1.9683333330000001,,1.278,,1.556,-372.0,8.4,0.5
3169,亞信,1.98,5.797000000000001,1.84,,,-209.0,152.8,1.0
6189,豐藝,2.697,8.624,2.4330000000000003,,,336.0,389.375,1.0
3402,漢科,1.758,6.77,1.756,,,-348.0,315.8888888888889,0.9
2520,冠德,2.259,4.934,1.058,,,14585.0,55.9,1.0
3521,鴻翊,-0.13,,,,,-18.0,,0.0
5439,高技,2.374,7.6979999999999995,1.921,,,2713.0,291.0,1.0
6112,聚碩,2.467,6.069,1.72,0.86,,-1665.0,189.88888888888889,1.0
4722,國精化,2.477,5.21,1.479,,,318.0,118.5,1.0
6697,東捷資訊,2.366,,,,,-25.0,14.0,0.1
8455,大拓-KY,2.063333333,,,,,-1.0,2.0,0.4
1536,和大,2.8110000000000004,2.231428571,2.508571429,,0.9542857142857144,2477.0,11.285714285714285,0.7
2316,楠梓電,2.577,,,,,-630.0,187.2,0.5
3605,宏致,2.6039999999999996,4.083,1.52,,,1472.0,16.77777777777778,1.0
6556,勝品,3.661666667,,,,,-1.0,15.25,0.4
3114,好德,1.1,3.83,0.608,,,-119.0,27.555555555555557,1.0
8086,宏捷科,2.129,3.8819999999999997,2.4,,1.62,2346.0,43.28571428571429,0.7
4764,雙鍵,5.505,,,,0.8575,-17.0,9.0,0.2222222222222222
4919,新唐,2.57,5.74,1.97,,,478.0,22.444444444444446,1.0
5206,坤悅,1.229,,,,,57.0,28.25,0.4
8420,明揚,1.226,3.415,0.725,,,4.0,69.0,0.7
1229,聯華,2.177,5.315,1.26,0.53,,-9251.0,219.6,1.0
4931,新盛力,-0.792,,,,,-572.0,5.5,0.4
8028,昇陽半導體,2.5957142859999998,4.512,1.44,,,-1080.0,30.0,0.5
8383,千附,2.592,4.578,1.609,,,246.0,41.77777777777778,1.0
3032,偉訓,1.7619999999999998,5.76,1.607142857,,,91.0,182.22222222222226,0.9
2449,京元電子,1.82,6.1511111110000005,1.3466666669999998,,,-154640.0,116.55555555555556,0.9
3078,僑威,1.972,4.731,1.109,,,2225.0,18.5,1.0
1817,凱撒衛,2.625,4.99625,1.8,,,-53.0,23.83333333333333,0.75
5212,凌網,0.8029999999999999,3.202,0.804,,,24.0,22.875,0.8
2221,大甲,1.4869999999999999,4.55875,1.0175,,,4.0,93.71428571428572,0.7777777777777778
5285,界霖,2.3369999999999997,3.9857142860000003,1.88125,,,-126.0,60.85714285714285,0.7
1436,華友聯,1.7009999999999998,,,,,-56.0,56.5,0.4444444444444444
9927,泰銘,3.083,7.02,2.2969999999999997,,,-41.0,124.77777777777777,1.0
6122,擎邦,0.9209999999999999,,,,,-213.0,791.0,0.25
1583,程泰,3.9210000000000003,3.543,1.923,,,-1.0,67.55555555555556,1.0
3580,友威科,-0.625,,,,,-72.0,52.0,0.4
5519,隆大,2.951,4.18,0.7929999999999999,1.9066666669999999,,1046.0,139.22222222222223,1.0
6612,奈米醫材,1.05,,,,1.09,-142.0,1.0,0.2
6182,合晶,-0.11199999999999999,,,,,501.0,6.75,0.4
3231,緯創,2.588,6.022,1.7690000000000001,0.37777777799999995,,63327.0,44.88888888888889,1.0
6197,佳必琪,1.391,5.412857142999999,1.587142857,,,711.0,17.125,0.8
9937,全國,2.274,5.638,1.97,,,77.0,225.0,1.0
5015,華祺,2.076,8.117,1.91,,,2.0,90.55555555555556,1.0
8088,品安,1.405,5.155,1.0875,,,2256.0,6.7142857142857135,0.7777777777777778
3264,欣銓,2.293,5.702999999999999,1.399,0.1,,12532.0,54.4,1.0
6432,今展科,2.377142857,4.89,1.323333333,,,-83.0,119.66666666666669,0.6
8410,森田,2.887,4.904,1.64,,,633.0,51.66666666666666,1.0
1785,光洋科,1.17,4.39,1.38,,,1642.0,12.0,0.3333333333333333
4305,世坤,2.255,6.359,1.81,,,1.0,111.66666666666669,1.0
8107,大億金茂,0.638,,,,,-107.0,130.66666666666666,0.3333333333333333
6231,系微,2.635,3.4019999999999997,2.4730000000000003,,1.2571428571428571,-453.0,19.2,1.0
5284,jpp-KY,3.74625,4.595,2.635,,,7.0,30.66666666666667,0.375
1507,永大,3.358,4.127,2.24,,,-1382.0,71.2,1.0
2478,大毅,1.253,2.2319999999999998,0.6579999999999999,0.418,1.49,-1584.0,353.22222222222223,1.0
3675,德微,1.482,,,,,263.0,247.14285714285717,0.7
6208,日揚,1.389,5.1444444439999995,0.838888889,,,-443.0,88.33333333333331,0.9
2867,三商壽,1.6269999999999998,,,0.84,,10986.0,7.0,0.1
3531,先益,1.7630000000000001,6.444,1.36,,,5.0,165.4,1.0
5425,台半,2.353,5.098,1.7280000000000002,,,1054.0,59.0,1.0
1312,國喬,2.042,4.106666667,0.7777777779999999,,,-11631.0,27.0,0.9
2535,達欣工,2.5639999999999996,8.344,1.63,,,-1487.0,254.375,1.0
4426,利勤,3.0639999999999996,1.089,0.402,1.156,,-340.0,46.14285714285714,1.0
3056,總太,3.338,8.105,1.6,,,2439.0,243.375,0.8
6195,詩肯,4.382,7.148888889,3.78,,,-6.0,64.6,0.8333333333333334
6655,科定,2.65,,,,,-22.0,1.0,0.1111111111111111
8473,山林水,3.0214285710000004,,3.072,,,21.0,47.75,0.4444444444444444
3037,欣興,1.617,3.4010000000000002,0.96,,,-5244.0,185.22222222222226,1.0
8049,晶采,0.852,5.916666667,0.995,,,302.0,129.8,0.5555555555555556
1522,堤維西,1.403,5.1160000000000005,1.48,,,137.0,171.42857142857142,0.7
2601,益航,0.545,,,,,-2027.0,1.1666666666666667,0.6
8908,欣雄,1.76,2.0716666669999997,0.7416666670000001,0.9079999999999999,,1.0,246.33333333333331,0.6
2937,集雅社,1.466666667,,,,,10.0,4.5,0.4
3167,大量,3.148,6.6370000000000005,2.3,,,53.0,176.11111111111111,1.0
5356,協益,5.475,8.879,3.56,,,-86.0,110.9,1.0
6104,創惟,1.135,6.946000000000001,2.7319999999999998,,,813.0,34.2,0.5
6108,競國,2.051,7.98,1.5666666669999998,,,-612.0,252.0,0.875
8432,東生華,2.9210000000000003,3.38625,2.222222222,,,10.0,107.0,0.9
3303,岱稜,0.6859999999999999,5.452857142999999,1.0685714290000001,,,47.0,163.5,0.8
3426,台興,3.353333333,,2.04,,,-3.0,2.0,0.25
3484,崧騰,2.41,5.354,1.59,,,-166.0,50.111111111111114,1.0
6139,亞翔,2.378,6.0360000000000005,1.661,,,154.0,173.3,1.0
6477,安集,1.378571429,2.01,0.474,,,-93.0,30.4,0.5
2338,光罩,0.5379999999999999,5.301428571000001,0.541428571,,,-6234.0,322.875,0.8
5457,宣德,0.43,,,,1.5985714285714283,2320.0,1.0,0.1
6417,韋僑,1.768888889,2.175,0.857142857,,,-1.0,3.2857142857142856,0.7
6662,樂斯科,2.354,,,,,16.0,19.0,0.2
1615,大山,1.071,5.297999999999999,0.7,,,-46.0,278.6,1.0
1752,南光,1.248,2.305,0.86,,,302.0,139.22222222222223,0.9
3042,晶技,3.1319999999999997,5.93,2.34,,,-12396.0,51.3,1.0
2509,全坤建,2.248,6.261,1.35,,,-90.0,166.5,1.0
2891,中信金,1.8430000000000002,3.859,0.7559999999999999,0.702857143,,-34131.0,27.777777777777782,1.0
8103,瀚荃,3.346,6.018,2.043,,,155.0,54.3,1.0
8349,恒耀,3.4989999999999997,4.576666667,3.1988888889999996,,,-473.0,87.0,0.875
1402,遠東新,1.9680000000000002,4.349,1.36,0.233333333,,22850.0,313.625,1.0
1597,直得,2.293,1.2375,0.666666667,,1.6816666666666669,2541.0,8.0,0.8888888888888888
2423,固緯,1.736,4.079,0.87,0.535714286,,-7.0,81.55555555555556,1.0
2636,台驊投控,2.005,4.9030000000000005,1.186,0.471428571,,-334.0,122.6,1.0
4747,強生,2.342,3.4477777780000003,1.371,0.9520000000000001,,122.0,104.88888888888887,1.0
2616,山隆,2.403,6.2989999999999995,1.568,,,562.0,148.42857142857142,1.0
4527,方土霖,2.093,5.26,1.383,,,-104.0,134.375,1.0
1808,潤隆,3.6510000000000002,9.249,3.5389999999999997,,,138.0,226.0,1.0
2886,兆豐金,1.929,5.194,1.248,,,781.0,88.1,1.0
9925,新保,2.448,5.246,1.85,,,-363.0,69.14285714285714,1.0
2477,美隆電,1.288,,,,,44.0,87.5,0.8
6642,富致,1.995,,,,,-7.0,114.0,0.2
8050,廣積,3.484,6.831,3.116,0.4,,0.0,77.22222222222223,1.0
1234,黑松,2.7089999999999996,4.2330000000000005,1.385,,,-94.0,74.22222222222223,1.0
1720,生達,1.838,4.096,1.386,,,3789.0,66.33333333333333,1.0
1722,台肥,2.315,4.013,2.13,,,6463.0,92.66666666666669,1.0
3093,港建,2.78,6.295,2.388,,,-2.0,27.0,1.0
1760,寶齡富錦,0.639,1.3319999999999999,1.03,,0.9775,-2899.0,100.4,0.5
8240,華宏,1.584,4.868571429,1.7,,,35.0,12.375,0.8
1786,科妍,0.8240000000000001,,,,,204.0,3.0,0.4
2467,志聖,1.564,8.506666667000001,1.565,,,-1555.0,268.22222222222223,0.9
1904,正隆,1.2919999999999998,4.216,0.605,,,18202.0,80.4,1.0
6161,捷波,0.812,5.175,0.7333333329999999,,,123.0,361.4444444444445,0.9
1595,川寶,5.51,6.006666667,3.17,,,-2.0,27.875,0.8888888888888888
3163,波若威,2.182,,,,,504.0,26.66666666666667,0.6
1533,車王電,1.4409999999999998,1.3025,0.5125,,,-76.0,29.0,0.9
1598,岱宇,1.9280000000000002,3.22,1.29,,,1861.0,55.714285714285715,0.7
1626,艾美特-KY,0.9740000000000001,,,,,100.0,10.0,0.3333333333333333
4744,皇將,0.45799999999999996,,,,,217.0,13.75,0.4444444444444444
4952,凌通,2.615,7.64,2.555555556,,,40.0,88.22222222222223,0.9
5520,力泰,1.805,5.978,1.6,,,1.0,200.1,1.0
2743,山富,1.9257142859999998,,,,,-6.0,181.5,0.25
3260,威剛,3.407,5.73375,2.85875,,,578.0,150.77777777777774,0.9
3272,東碩,3.3289999999999997,3.197142857,1.728571429,,,68.0,36.833333333333336,0.6666666666666666
5291,邑昇,1.54125,,,,,-57.0,5.75,0.4
6166,凌華,2.5860000000000003,3.406,1.61,,,884.0,96.0,1.0
5471,松翰,2.695,7.172999999999999,2.838,,,-1974.0,79.66666666666667,1.0
9926,新海,1.8780000000000001,3.362,1.33,0.492857143,,34.0,94.7,1.0
1103,嘉泥,0.764,3.503333333,0.5166666670000001,,,309.0,363.22222222222223,0.9
3530,晶相光,0.795,,,,1.663333333333333,33.0,1.3333333333333333,0.3
6191,精成科,0.8140000000000001,,,,,-4099.0,195.5,0.6
1604,聲寶,1.085,5.3088888889999994,0.747777778,,,2170.0,83.33333333333333,0.9
2493,揚博,2.5380000000000003,9.067777778,2.261111111,,,698.0,136.11111111111111,0.9
4171,瑞基,-0.10400000000000001,,,,0.595,2.0,,0.0
5220,萬達光電,2.521428571,7.832000000000001,2.16,,,1319.0,154.4,0.5
5508,永信建,4.8469999999999995,10.467,4.352,,,-2.0,88.75,1.0
5514,三豐,1.569,,,,,3.0,240.6,0.5555555555555556
6234,高僑,0.527,2.6625,0.4875,,,-194.0,105.125,0.8
1717,長興,2.0140000000000002,4.558,1.34,,,-3829.0,158.0,1.0
2328,廣宇,1.001,2.567142857,0.548571429,,,-1769.0,3.625,0.8888888888888888
2634,漢翔,1.9,3.1919999999999997,1.15,,,78.0,34.0,0.5
1599,宏佳騰,3.312,4.48125,2.0825,,,0.0,57.6,0.7142857142857143
2020,美亞,0.823,,,,,-1271.0,66.14285714285714,0.7777777777777778
2904,匯僑,2.219,8.498,1.9480000000000002,,,56.0,118.5,1.0
6183,關貿,1.452,4.269,1.1520000000000001,,,-530.0,34.5,1.0
5489,彩富,3.177,5.617000000000001,2.496,,,-44.0,94.66666666666669,1.0
1611,中電,0.42100000000000004,,,,,-3078.0,91.4,0.5555555555555556
2832,台產,2.134,5.251,1.136,,,-283.0,108.5,1.0
5410,國眾,1.375,7.097777777999999,0.947777778,,,278.0,93.66666666666669,0.9
8040,九暘,-0.17,,,,,599.0,1.0,0.1
2852,第一保,1.743,6.355,0.97,,,126.0,160.5,0.8571428571428571
1203,味王,1.196,3.4189999999999996,0.818,,,44.0,115.3,1.0
2606,裕民,2.229,5.757999999999999,2.445,,,4272.0,36.25,1.0
4767,誠泰科技,1.77,,,,,1.0,21.0,0.1111111111111111
4961,天鈺,1.656,2.588333333,0.8833333329999999,,,219.0,24.125,0.8
6457,紘康,1.867142857,6.013999999999999,1.743333333,,0.6599999999999999,446.0,145.16666666666666,0.6
8367,建新國際,1.781,,0.7375,,,68.0,3.6666666666666665,0.3
5016,松和,2.7119999999999997,6.183,1.81,,,31.0,199.0,1.0
8403,盛弘,1.939,1.915,0.742,0.505,,-4344.0,74.1,1.0
4971,IET-KY,3.3011111110000004,1.9257142859999998,1.48375,,,200.0,3.5,0.6
8941,關中,1.9869999999999999,6.3020000000000005,3.2,,,0.0,3.0,0.2857142857142857
2534,宏盛,1.337,5.0588888889999994,0.988888889,,,383.0,181.125,0.8888888888888888
9931,欣高,1.8030000000000002,4.154,1.22,,,-1.0,61.7,1.0
6558,興能高,1.6,,,,,-258.0,3.75,0.4
1608,華榮,0.7240000000000001,,,,,686.0,217.0,0.4444444444444444
2514,龍邦,1.163,1.581428571,0.28,,,111.0,31.88888888888889,0.9
2851,中再保,1.4580000000000002,5.281428571,0.857142857,,,-44.0,321.625,0.8888888888888888
2359,所羅門,1.068,5.612,1.02,,,-203.0,50.33333333333334,0.6
2393,億光,3.2910000000000004,5.996,2.875,,,-7498.0,160.0,1.0
3332,幸康,3.035,6.244,2.545,,,1.0,119.25,1.0
6609,瀧澤科,2.312,4.712,1.23,,,-48.0,73.5,1.0
8926,台汽電,1.7690000000000001,5.632000000000001,1.25,,,5626.0,163.9,1.0
3323,加百裕,1.175,5.5,1.26,,,80.0,188.1,1.0
4737,華廣,2.281,4.062,2.56,,,-237.0,90.44444444444444,1.0
6188,廣明,2.104,7.075,1.94,,,2623.0,283.8,1.0
8472,夠麻吉,3.2285714289999996,,2.494,,,-1.0,26.25,0.4444444444444444
2436,偉詮電,0.86,2.3471428569999997,0.568571429,,,2244.0,5.4444444444444455,0.9
4728,雙美,0.655,,,,0.945,-8.0,2.1666666666666665,0.6
2536,宏普,2.8689999999999998,6.803,1.766,,,-3138.0,113.55555555555556,1.0
2352,佳世達,1.03,5.242000000000001,0.934,,,-6503.0,150.6,0.5555555555555556
3709,鑫聯大投控,1.32,,,,,13.0,166.0,0.2
2414,精技,1.4809999999999999,7.61,1.274,,,-5224.0,245.4,1.0
3071,協禧,0.631,,,,,-74.0,45.5,0.4
3567,逸昌,1.329,6.4110000000000005,1.135,,,-213.0,265.77777777777777,1.0
6216,居易,2.1109999999999998,7.955,1.932,,,12.0,146.14285714285714,1.0
2476,鉅祥,1.8719999999999999,5.742999999999999,1.2770000000000001,,,-1207.0,87.55555555555556,1.0
3006,晶豪科,1.739,4.095,1.4080000000000001,,,-1368.0,102.88888888888887,1.0
8996,高力,1.855,3.1,1.377777778,,1.3257142857142856,-181.0,13.444444444444445,0.9
6266,泰詠,1.165,4.9011111110000005,0.688888889,0.441666667,,-331.0,148.875,0.8888888888888888
2362,藍天,2.155,3.7889999999999997,1.5330000000000001,,,559.0,16.8,1.0
2885,元大金,1.256,3.50625,0.53625,,,-165150.0,113.11111111111113,0.9
3171,新洲,0.635,,,,,124.0,84.66666666666667,0.3
4401,東隆興,3.4789999999999996,5.382999999999999,2.68,,,-160.0,7.8,1.0
6668,中揚光,4.244,,,,,36.0,5.0,0.2
1104,環泥,1.844,4.476,0.905,,,243.0,43.125,1.0
1233,天仁,2.217,4.939,2.065,,,21.0,97.375,1.0
1737,臺鹽,1.149,3.4619999999999997,0.956,,,53.0,48.4,1.0
2884,玉山金,1.449,1.9480000000000002,0.385,0.742,,-156555.0,199.4,1.0
3038,全台,0.62,,,,,1250.0,3.5,0.4
2855,統一證,1.171,,,,,-3615.0,176.4285714285714,0.7777777777777778
6548,長科*,4.4633333330000005,,7.007999999999999,,,-784.0,2.5,0.4
4155,訊映,2.52,3.315555556,1.117777778,2.3,,693.0,77.66666666666667,0.75
6560,欣普羅,1.746666667,,,,,-3.0,4.5,0.2222222222222222
9940,信義,2.805,4.773,1.82,1.316666667,,477.0,36.857142857142854,1.0
6194,育富,0.826,6.3260000000000005,1.319,,,4.0,57.22222222222222,1.0
2471,資通,1.379,7.658888889,1.1866666670000001,,,-771.0,96.625,0.8888888888888888
2642,宅配通,1.89,2.64,0.8428571429999999,,,-1924.0,13.571428571428573,0.7
4116,明基醫,1.526,2.806,0.8540000000000001,,,3.0,10.9,1.0
6227,茂綸,1.376,5.07,0.87,,,21.0,189.6,1.0
9908,大台北,1.39,4.2860000000000005,1.0,,,71.0,63.4,1.0
1310,台苯,0.905,,,,,-8134.0,97.0,0.5555555555555556
2355,敬鵬,3.667,4.879,1.99,,,-2888.0,44.1,1.0
3209,全科,2.251,4.843999999999999,1.15,0.825,,-14.0,95.0,1.0
4908,前鼎,1.864,5.12,1.317,,,-116.0,27.3,1.0
5525,順天,1.64,5.686,1.02,,,-66.0,212.0,1.0
6449,鈺邦,2.107777778,4.04,1.44,,,104.0,16.6,0.5555555555555556
1504,東元,1.69,3.6430000000000002,0.889,,,-16540.0,28.7,1.0
3048,益登,1.507,5.182,0.758,,,-532.0,236.2,1.0
2337,旺宏,0.315,,,,,-152482.0,317.0,0.5
2612,中航,2.181,4.434,1.78,,,-110.0,28.777777777777782,1.0
3450,聯鈞,6.08,4.8,3.9,,,3765.0,112.875,1.0
4303,信立,2.533,,,,,14.0,7.0,0.25
3663,鑫科,0.6629999999999999,,,,,5.0,45.28571428571429,0.7
1464,得力,1.196,7.192,1.756,,,-170.0,103.125,0.8888888888888888
2615,萬海,1.341,4.982857143,0.901428571,,,533.0,36.125,0.8
4139,馬光-KY,0.66,,,1.291666667,,-243.0,,0.0
4542,科嶠,2.272,,,,,-2.0,101.83333333333331,0.6
8234,新漢,1.943,3.425,0.963,1.018,,96.0,156.0,1.0
1712,興農,1.349,5.675,0.8740000000000001,,,-743.0,188.11111111111111,1.0
2012,春雨,0.6890000000000001,4.363333333,0.716666667,,,-79.0,29.2,0.5555555555555556
2324,仁寶,1.999,6.4670000000000005,1.479,,,14752.0,93.0,1.0
2450,神腦,3.74,5.825,3.306,,,-8.0,57.66666666666666,1.0
5305,敦南,1.148,3.9244444439999997,0.988888889,,,4068.0,11.222222222222221,0.9
1519,華城,0.853,3.387,0.5770000000000001,,,-631.0,31.8,1.0
6205,詮欣,2.052,5.457999999999999,1.409,,,537.0,89.8888888888889,1.0
8358,金居,0.9440000000000001,,,,,-1079.0,375.0,0.4
9905,大華,2.208,5.638,1.6,,,202.0,124.4,1.0
2006,東和鋼鐵,1.662,5.492999999999999,1.3019999999999998,,,3904.0,305.7,1.0
8390,金益鼎,1.044,2.6319999999999997,0.6579999999999999,0.233333333,,-123.0,95.25,1.0
1225,福懋油,1.057,2.234444444,0.6911111109999999,,,-59.0,51.111111111111114,0.9
1513,中興電,1.307,5.295,1.0,,,2436.0,50.0,1.0
2892,第一金,1.358,3.588,0.69,0.43,,4777.0,192.5,1.0
6485,點序,3.4585714289999996,,,,,11.0,60.5,0.2222222222222222
1589,永冠-KY,5.457999999999999,3.5914285710000002,3.64,,,-552.0,35.142857142857146,0.7
2107,厚生,2.478,7.17,1.475,,,963.0,103.55555555555556,1.0
2356,英業達,1.4909999999999999,6.29,1.245,,,62741.0,160.55555555555554,1.0
9933,中鼎,2.69,5.787999999999999,2.509,,,-440.0,77.5,1.0
2034,允強,1.6580000000000001,6.065,1.351,,,-446.0,42.6,1.0
8477,創業家,2.023333333,,1.296,1.05,,186.0,10.75,0.4
6496,科懋,3.3828571430000003,6.0920000000000005,3.4,,,-13.0,32.5,0.4444444444444444
1762,中化生,1.7469999999999999,3.076,1.27,,,-2875.0,140.33333333333334,0.9
5443,均豪,0.878,5.89,1.136666667,,,-301.0,39.375,0.8
2481,強茂,0.46,,,,,5615.0,4.2,0.5
4973,廣穎,2.608,7.60375,1.878888889,,,-656.0,59.625,0.8888888888888888
8032,光菱,2.693,5.904,1.61,,,-1.0,129.44444444444446,1.0
9935,慶豐富,-0.384,,,,,-628.0,1.0,0.1
2027,大成鋼,0.9620000000000001,4.1225,0.92625,,,-5599.0,63.75,0.8888888888888888
1308,亞聚,1.875,2.944,0.71,,,451.0,86.0,1.0
3535,晶彩科,-0.08,,,,,1032.0,1879.0,0.1
5321,友銓,-0.537,,,,,-14.0,,0.0
9918,欣天然,1.405,3.6039999999999996,1.15,,,36.0,58.8,1.0
1603,華電,1.31,,,,,-18.0,12.75,0.4
3118,進階,1.9580000000000002,5.182,1.74,,,-73.0,147.1,1.0
6218,豪勉,1.732,6.385,1.4,,,-4.0,67.0,1.0
2340,光磊,1.137,5.263,0.769,,,-547.0,43.5,1.0
8249,菱光,1.705,6.691,1.38,,,-1453.0,114.88888888888887,1.0
1514,亞力,0.6809999999999999,4.0089999999999995,0.423,,,-31.0,50.5,1.0
2617,台航,1.37,4.56,1.1957142859999998,,,-285.0,77.75,0.8888888888888888
3021,鴻名,0.934,,,,,7.0,23.0,0.5
3188,鑫龍騰,-0.345,,,,,4.0,3.0,0.1
4905,台聯電,3.6660000000000004,2.488888889,1.076666667,,,-3.0,19.555555555555557,0.9
8099,大世科,1.541,6.465,1.248,,,15.0,77.125,1.0
2483,百容,1.166,5.386,0.992,,,3.0,140.9,1.0
3305,昇貿,2.343,6.025,1.795,,,-43.0,60.85714285714285,1.0
8488,吉源-KY,3.185714286,,,,,-19.0,3.5,0.2222222222222222
1570,力肯,0.875,,,,,-6.0,66.25,0.4
2101,南港,1.014,,,,,-5899.0,312.2857142857143,0.7
2633,台灣高鐵,1.27,,,,,40720.0,8.333333333333334,0.3333333333333333
4413,飛寶企業,0.251,,,,,0.0,,0.0
2916,滿心,1.3630000000000002,6.335,1.14,,,1.0,290.77777777777777,1.0
3035,智原,1.754,4.23,1.702,,,-2313.0,18.9,1.0
3144,新揚科,1.6019999999999999,4.438571429,0.9642857140000001,,,57.0,74.85714285714286,0.7
4739,康普,2.133,3.266666667,1.499,,,-740.0,129.22222222222223,0.9
6207,雷科,1.999,5.7620000000000005,1.507,,,32.0,300.5,1.0
3629,地心引力,-3.07,,,,,0.0,7.0,0.2
6217,中探針,2.173,3.315555556,1.07,0.227142857,,255.0,25.555555555555557,0.9
6506,雙邦,1.237,3.655,0.69,0.233333333,,-11.0,148.5,0.8888888888888888
8044,網家,4.912,1.85,3.79625,,1.0657142857142856,6091.0,45.0,0.7777777777777778
8423,保綠-KY,1.36,2.17875,0.52125,0.35125,,-2.0,7.2857142857142865,0.7777777777777778
1907,永豐餘,0.893,3.817142857,0.492857143,,,1531.0,30.0,0.9
2540,愛山林,0.763,,,,,-38.0,,0.0
5353,台林,0.636,4.039,0.5,,,-6.0,103.4,1.0
6220,岳豐,1.2590000000000001,5.428,1.692,,,-140.0,193.0,0.8
3040,遠見,2.6260000000000003,7.704,2.43,,,-1706.0,44.555555555555564,1.0
4173,久裕,1.013333333,2.794285714,0.807142857,,,-505.0,33.142857142857146,0.7
1540,喬福,1.264,7.212000000000001,1.32,,,5.0,307.75,1.0
3049,和鑫,-0.158,,,,,-1343.0,,0.0
4907,富宇,1.157,,,,,1.0,14.0,0.2
8071,能率網通,0.9009999999999999,3.1288888889999997,0.576666667,,,-17.0,14.555555555555555,0.9
8183,精星,0.451,,,,,-608.0,7.0,0.4
1526,日馳,1.131,,,,,52.0,16.25,0.4
2888,新光金,0.87,,,,,124994.0,111.8,0.5555555555555556
3257,虹冠電,2.697,3.3911111110000003,1.692,0.71,,2128.0,19.5,1.0
5201,凱衛,0.8440000000000001,,,,,54.0,17.0,0.6
6284,佳邦,0.794,2.63,0.693333333,,,650.0,11.555555555555555,0.9
8021,尖點,1.804,3.948,0.8370000000000001,,,1157.0,161.5,1.0
1452,宏益,1.411,6.228,0.99,,,26.0,152.125,1.0
5880,合庫金,1.047777778,3.3425,0.55625,0.4625,,19333.0,412.5,0.8
6151,晉倫,1.84,6.382000000000001,1.5219999999999998,,,-2.0,75.25,1.0
1532,勤美,2.4419999999999997,5.683,1.71,0.82,,-1664.0,237.77777777777774,1.0
6226,光鼎,0.067,,,,,-864.0,7.8,0.5
2880,華南金,1.217,2.991,0.52,0.519,,-7425.0,298.4,1.0
3312,弘憶股,0.35600000000000004,,,,,-5103.0,67.66666666666667,0.3333333333333333
1708,東鹼,2.546,3.0389999999999997,0.95,0.5,,-288.0,106.0,1.0
4532,瑞智,1.911,5.5477777779999995,1.514444444,,,-217.0,58.83333333333334,0.8571428571428571
5392,應華,2.47,2.673,1.599,,,-392.0,11.375,1.0
6219,富旺,1.099,4.813333333,0.703333333,,,-1983.0,185.66666666666663,0.6
8064,東捷,0.517,,,,,-246.0,35.333333333333336,0.6
8182,加高,1.113,4.863,0.8,,,147.0,193.6,1.0
1419,新紡,1.073,1.9480000000000002,0.82,,,51.0,51.0,1.0
1701,中化,1.1179999999999999,3.0580000000000003,0.61,,,4996.0,199.0,1.0
2453,凌群,0.868,4.27875,0.55,,,-395.0,8.11111111111111,0.9
3031,佰鴻,0.5870000000000001,3.98,0.515,,,268.0,26.857142857142854,0.875
3540,曜越,0.782,5.14,0.98125,,,2530.0,94.11111111111113,0.9
2430,燦坤,3.0,5.718999999999999,2.187,,,-222.0,25.5,1.0
4111,濟生,1.167,2.041,0.505,,,-85.0,22.8,1.0
2903,遠百,1.315,4.048,0.925,0.35,,-3802.0,85.2,1.0
8354,冠好,1.666,2.9855555560000004,0.488888889,,,0.0,73.5,0.8888888888888888
2371,大同,-0.215,,,,,10160.0,,0.0
5013,強新,1.7719999999999998,2.001666667,0.5,,,0.0,91.5,0.8
1472,三洋紡,-0.618,,,,,115.0,,0.0
1530,亞崴,2.255,4.104,1.315,,,1.0,48.3,1.0
3141,晶宏,0.92,2.326666667,0.71,,,-327.0,9.5,0.6
1305,華夏,1.3359999999999999,4.697142857,1.0142857140000001,,,2734.0,29.285714285714285,0.7777777777777778
3178,公準,1.9069999999999998,2.792,1.09,,,239.0,8.25,0.4444444444444444
3543,州巧,1.162,5.224,1.056,,,59.0,76.5,1.0
3624,光頡,1.479,4.406000000000001,1.19,,,-28.0,63.3,1.0
4933,友輝,3.9539999999999997,4.846666667,1.8030000000000002,,,-76.0,15.375,1.0
6124,業強,0.268,,,,,2.0,,0.0
6126,信音,0.7859999999999999,6.476,1.3,,,-675.0,62.83333333333334,0.6666666666666666
6594,展匯科,1.08,,,,,9.0,19.5,0.2222222222222222
6288,聯嘉,0.47600000000000003,,,,,-524.0,31.857142857142854,0.7
6509,聚和,0.655,2.013,0.402,,,-1279.0,17.1,1.0
1218,泰山,0.46799999999999997,,,,,988.0,28.8,0.5
2104,國際中橡,2.318,5.376,1.63,,,-4077.0,86.5,1.0
3492,長盛,0.929,4.995,1.098333333,,,-6.0,10.142857142857142,0.7
8931,大汽電,1.024,4.101,0.75,,,-4.0,98.9,1.0
1304,台聚,1.561,3.338,0.64,,,-3117.0,38.555555555555564,1.0
1309,台達化,0.526,,,,,5704.0,633.6666666666666,0.3
1735,日勝化,0.8109999999999999,4.301,0.573,,,-3.0,170.6,1.0
2887,台新金,1.15,2.814444444,0.36222222200000004,0.9159999999999999,,-5871.0,76.66666666666667,0.8571428571428571
1417,嘉裕,0.133,,,,,-256.0,757.5,0.2
2501,國建,1.334,5.558333332999999,0.833333333,,,299.0,114.875,0.8888888888888888
4741,泓瀚,3.548,5.087777778,2.523,0.95,,8.0,187.7142857142857,1.0
6438,迅得,3.64375,6.163333333,3.55,,,375.0,17.75,0.4
2106,建大,2.968,3.818,1.57,0.682857143,,-571.0,121.5,1.0
2801,彰銀,1.262,1.925,0.354,0.544444444,,-15897.0,79.22222222222223,1.0
2812,台中銀,1.051,2.96,0.29625,0.415555556,,-3613.0,244.0,0.8
6667,信紘科,2.688,,,,,-130.0,187.5,0.2
1733,五鼎,2.804,5.388,2.8680000000000003,,,-266.0,80.375,1.0
8404,百和興業-KY,1.554,1.88125,0.49,,,166.0,38.125,0.8
2849,安泰銀,1.454,4.251111111,0.644444444,,,-169.0,75.66666666666667,0.9
3363,上詮,1.175,3.01,0.99,,,317.0,44.0,0.9
3646,艾恩特,0.8190000000000001,5.732222222000001,1.149,,,-6.0,31.7,1.0
5512,力麒,1.2670000000000001,4.667,0.49200000000000005,,,-233.0,47.77777777777778,1.0
1409,新纖,0.75,3.642,0.384,,,-8599.0,36.5,1.0
2739,寒舍,2.027142857,4.024,1.74,,,368.0,88.0,0.4444444444444444
2890,永豐金,1.008,3.181,0.349,0.51875,,-138484.0,149.75,1.0
6005,群益證,0.7829999999999999,3.1510000000000002,0.331,,,-9143.0,75.7,1.0
3289,宜特,2.7910000000000004,2.255,1.55,,,2565.0,20.125,0.8
3466,致振,0.65,4.95125,1.16,,,5.0,187.5,0.8
4144,康聯-KY,5.516,4.0075,2.305,,,-124.0,9.833333333333334,0.75
1307,三芳,2.227,4.8580000000000005,1.44,0.428571429,,-1767.0,216.625,1.0
2845,遠東銀,1.137,3.033,0.319,0.384,,-3572.0,151.7,1.0
3028,增你強,1.6130000000000002,8.346,1.561,,,397.0,350.0,1.0
1539,巨庭,1.15,5.364,1.218,,,-2.0,132.75,0.4444444444444444
1725,元禎,0.856,4.87,0.703333333,,,36.0,48.83333333333334,0.75
2105,正新,3.665,3.725,2.18,,,8171.0,139.25,1.0
7402,邑錡,1.511428571,1.594,0.815,,,0.0,1.5,0.4444444444444444
2329,華泰,0.263,,,,,280.0,,0.0
2425,承啟,0.639,1.254,0.322,,,-302.0,8.833333333333334,0.6
2706,第一店,0.972,1.11,0.191,0.653333333,,-46.0,70.28571428571429,1.0
6156,松上,-0.10099999999999999,,,,,-408.0,4.666666666666667,0.3333333333333333
6190,萬泰科,0.32899999999999996,,,,,297.0,33.4,0.5555555555555556
1813,寶利徠,1.6159999999999999,5.202999999999999,1.472,,,-45.0,125.5,1.0
2704,國賓,1.0290000000000001,1.801,0.49,,,21.0,74.0,1.0
3581,博磊,0.95,4.76,0.966666667,,,0.0,34.333333333333336,0.6
3597,映興,0.542,4.683333333,0.77,,,-14.0,13.625,0.8
4129,聯合,1.2990000000000002,2.224,1.091,,,-114.0,7.6,1.0
6204,艾華,1.8630000000000002,5.376,1.27,,,19.0,348.33333333333326,1.0
1535,中宇,3.444,5.235,2.844,,,51.0,109.33333333333331,1.0
4702,中美實,-0.892,,,,,18.0,,0.0
4706,大恭,1.318,5.834,1.0,,,7.0,123.42857142857143,1.0
4760,勤凱,1.234285714,,0.586666667,0.38,1.7533333333333332,-117.0,33.75,0.4
8076,伍豐,0.802,1.11125,0.5375,0.49,,-1004.0,108.42857142857143,0.875
1457,宜進,0.82,4.505,0.566666667,,,235.0,36.285714285714285,0.7
4541,晟田,0.8675,2.4933333330000003,0.7985714290000001,,,6.0,109.4,0.625
1569,濱川,0.826,,,,,-2054.0,30.142857142857146,0.7
3306,鼎天,1.075,4.468,1.17,,,1.0,36.3,1.0
4707,磐亞,0.611,,,,,-922.0,111.4,0.5
4714,永捷,0.64,4.113333333,0.55,,,-145.0,18.375,0.8888888888888888
6179,亞通,0.282,4.54,1.8359999999999999,,,-7.0,4.0,0.4444444444444444
2838,聯邦銀,1.1159999999999999,,,,,1803.0,85.25,0.4
4556,旭然,0.948571429,1.972,0.684,,,0.0,10.4,0.5
6026,福邦證,0.721,5.938,0.546,,,-1496.0,52.5,0.4444444444444444
6187,萬潤,1.48,5.0433333330000005,2.363333333,,,180.0,46.57142857142857,0.7
8923,時報,0.9840000000000001,5.796,0.94,,,0.0,129.75,1.0
2419,仲琦,1.135,5.702999999999999,1.0,,,298.0,58.6,1.0
2834,臺企銀,0.825,,,0.44799999999999995,,-29743.0,77.66666666666667,0.3333333333333333
4538,大詠城,0.96,5.2257142860000005,0.83125,,,-1.0,208.42857142857144,0.7777777777777778
6270,倍微,0.198,6.732,0.951,,,140.0,41.0,1.0
8043,蜜望實,1.578,4.753,0.995,,,71.0,34.6,1.0
6170,統振,0.29,,,,,199.0,3.5,0.4444444444444444
8034,榮群,-0.016,,,,,-90.0,,0.0
1605,華新,0.49700000000000005,,,,,15858.0,36.0,0.4444444444444444
1614,三洋電,1.005,3.241,0.9259999999999999,,,205.0,74.0,1.0
6167,久正,0.49700000000000005,,,,,-5.0,,0.0
1410,南染,1.21,4.4011111110000005,1.09,,,692.0,42.888888888888886,0.9
2030,彰源,0.473,,,,,-316.0,27.33333333333333,0.3333333333333333
9934,成霖,1.376,5.56,0.955,,,-1466.0,96.375,0.8888888888888888
1902,台紙,0.484,,,,,,,
2462,良得電,1.874,6.265,1.6625,,,6.0,150.55555555555554,0.9
2820,華票,1.253,7.101,0.856,,,-823.0,270.9,1.0
6155,鈞寶,1.124,5.501,1.182,0.092857143,,-171.0,184.2,1.0
8934,衡平,3.3960000000000004,,,,,0.0,,0.0
2889,國票金,0.74,3.662,0.35100000000000003,0.303,,-2996.0,100.0,1.0
3083,網龍,0.845,,,,1.24,911.0,50.75,0.4
3577,泓格,1.983,4.003,1.329,,,-10.0,42.333333333333336,1.0
3625,西勝,-0.091,,,,,-151.0,6.0,0.3
5465,富驊,0.42200000000000004,,,,,23.0,68.66666666666667,0.3
2103,台橡,2.428,4.888999999999999,2.119,,,-5067.0,21.142857142857142,1.0
6153,嘉聯益,1.732,3.2060000000000004,1.022,,,-750.0,85.6,1.0
2701,萬企,0.7440000000000001,1.304,0.179,0.43222222200000004,,-125.0,114.66666666666669,1.0
2745,五福,2.101428571,,1.202,,,4.0,5.25,0.4444444444444444
3564,其陽,1.926,3.9339999999999997,1.89,,,0.0,18.5,0.4444444444444444
6175,立敦,0.978,3.797777778,0.71,,,-75.0,186.44444444444446,0.9
1470,大統新創,0.593,2.648333333,0.49166666700000006,,,9.0,6.375,0.8
1742,台蠟,0.127,,,,,-13.0,716.0,0.1111111111111111
2236,百達-KY,2.9575,2.294,0.925,,,-6.0,18.25,0.4444444444444444
2883,開發金,0.631,4.804285714,0.44,,,27798.0,157.375,0.8888888888888888
3622,洋華,-1.911,,,,,92.0,12.2,0.5555555555555556
3628,盈正,4.124,7.689,3.925,,,5.0,112.5,1.0
5315,光聯,0.5,,,,,-124.0,213.0,0.2222222222222222
1336,台翰,-0.261,,,,,148.0,177.2,0.5
1783,和康生,-0.032,,,,,-407.0,93.5,0.2
2353,宏碁,-0.33399999999999996,,,,,16642.0,12.2,0.5555555555555556
3052,夆典,1.347,5.965555556,0.611111111,,,-3121.0,182.625,0.8888888888888888
4106,雃博,1.781,2.991,1.0,,,-1208.0,104.0,1.0
1609,大亞,0.33899999999999997,3.11,0.228,,,2580.0,33.42857142857143,0.7
1776,展宇,1.609,5.731,1.199,0.7,,6.0,267.625,1.0
3325,旭品,-0.479,,,,,-30.0,8.5,0.4
5516,雙喜,0.264,,,,,-1.0,35.666666666666664,0.3
5704,老爺知,0.762,3.858571429,0.9285714290000001,,,3.0,69.22222222222223,0.9
6276,安鈦克,-0.439,,,,,64.0,28.0,0.3
5281,大峽谷-KY,1.9216666669999998,,0.606,,,-3.0,2.6666666666666665,0.3333333333333333
1524,耿鼎,0.154,,,,,31.0,27.5,0.2222222222222222
8930,青鋼,1.1640000000000001,5.833333333,0.76,,,8.0,157.375,0.8888888888888888
2618,長榮航,0.973,,,,,-52243.0,28.6,0.5
3434,哲固,-0.132,,,,,0.0,47.0,0.3
2013,中鋼構,1.4880000000000002,3.824,1.037,,,151.0,168.6,1.0
2303,聯電,0.941,4.571000000000001,0.594,,,85501.0,134.6,1.0
3013,晟銘電,0.652,,,,,214.0,6.0,0.6
3645,達邁,1.568,2.8622222219999998,1.066666667,,,671.0,60.25,0.8888888888888888
9960,邁達康,0.883,3.3428571430000003,0.7,,,9.0,162.625,0.8
8415,大國鋼,0.556,4.016666667,1.0,,,-313.0,50.0,0.7
8936,國統,1.6869999999999998,3.2314285710000004,1.0,,,91.0,73.125,0.8
1906,寶隆,1.273,,,,,452.0,30.75,0.4
2504,國產,0.29600000000000004,,,,,3712.0,51.75,0.8
5230,雷笛克光學,2.903,3.36125,1.405555556,1.114285714,,-5.0,61.0,0.875
8215,明基材,0.612,,,,,2518.0,46.66666666666666,0.6
2607,榮運,0.745,2.4019999999999997,0.385,,,1055.0,42.9,1.0
3669,圓展,1.178,3.516,1.147,,,649.0,27.777777777777782,1.0
4153,鈺緯,1.022,3.125,1.456666667,1.113333333,,-1.0,26.16666666666667,0.6666666666666666
3689,湧德,4.496,6.112222222000001,2.685,,,-34.0,87.625,0.8888888888888888
4183,福永生技,0.54875,,,,,10.0,28.0,0.6
1731,美吾華,0.565,3.335,0.455,,,270.0,35.4,1.0
2484,希華,0.732,5.445,1.075,,,1542.0,27.285714285714285,0.7
3191,和進,-0.586,,,,,111.0,2.0,0.1
8104,錸寶,1.0716666670000001,,,,,146.0,9.0,0.125
3050,鈺德,0.29,,,,,-194.0,7.4,0.5
4160,創源,-0.121,,,,,24.0,4.0,0.2
6163,華電網,0.649,,,,,-175.0,207.83333333333331,0.6
6530,創威,1.085,,,,,1.0,84.75,0.4
2402,毅嘉,0.578,,,,,-1628.0,3.8,0.5
2406,國碩,-0.575,,,,,-4018.0,2.0,0.3
4102,永日,0.04,,,,,422.0,7.5,0.4444444444444444
2495,普安,0.831,4.582,0.94,,,-98.0,39.625,1.0
4535,至興,2.775,5.388,2.13,,,-5.0,98.5,1.0
6275,元山,0.583,,,,,-192.0,15.0,0.5
2836,高雄銀,0.491,1.451428571,0.134285714,,,1356.0,74.66666666666667,0.75
5460,同協,0.8190000000000001,5.476,0.647,,,0.0,188.0,1.0
6578,達邦蛋白,1.561666667,,,,,14.0,7.75,0.4
1220,台榮,0.634,4.1457142860000005,0.43714285700000005,,,-53.0,92.5,0.6666666666666666
2442,新美齊,0.501,0.46399999999999997,0.038,0.24,,417.0,325.8333333333333,0.6666666666666666
3033,威健,1.81,8.155,1.676,,,145.0,248.83333333333331,1.0
3594,磐儀,1.276,2.148,0.485,,,-190.0,73.66666666666667,1.0
1463,強盛,1.031,9.398333333,1.5383333330000002,,,36.0,17.25,0.5
2614,東森,-0.785,,,,,-7162.0,86.5,0.2
3015,全漢,1.9140000000000001,6.59,1.682,,,-334.0,164.42857142857142,1.0
3025,星通,0.321,,,,,23.0,3.571428571428572,0.7
3432,台端,-0.17800000000000002,4.6819999999999995,0.66,,,-6.0,3.6,0.625
6136,富爾特,1.912,9.516,2.326,,,128.0,215.8,1.0
8261,富鼎,0.23800000000000002,2.5980000000000003,0.71,,,-1637.0,13.0,0.7
3374,精材,0.311,1.5628571430000002,0.48714285700000004,,2.0033333333333334,329.0,58.14285714285714,0.7
3441,聯一光,0.851,3.4216666669999998,0.788333333,,,-6.0,59.625,0.8888888888888888
4503,金雨,0.10800000000000001,,,,,2.0,4.0,0.1
1711,永光,1.07,2.6039999999999996,0.53,0.583333333,,-1621.0,100.66666666666669,1.0
2468,華經,0.601,4.172,0.47,,,-24.0,76.3,1.0
3373,熱映,0.851,2.875,0.588333333,,0.7214285714285714,-261.0,17.666666666666668,0.9
4555,氣立,3.6075,3.958,2.52,,,-735.0,90.0,0.375
5102,富強,0.973,4.65,0.705555556,,,-2.0,198.14285714285717,0.875
5386,青雲,1.604,,,,,55.0,15.0,0.4444444444444444
2365,昆盈,0.32299999999999995,,,,,952.0,231.83333333333331,0.75
3164,景岳,-0.32,,,,,65.0,30.5,0.4444444444444444
6259,百徽,-0.9420000000000001,,,,,0.0,,0.0
8222,寶一,0.74875,2.6966666669999997,0.49,,,39.0,26.6,0.5555555555555556
1612,宏泰,0.518,4.319,0.433,,,133.0,321.4,1.0
1713,國化,0.525,2.822,0.442,,,-2.0,28.7,1.0
2910,統領,0.591,2.458,0.84,,,-7.0,5.5,0.6
3002,歐格,0.612,5.278888889,0.666666667,,,28.0,24.375,0.8888888888888888
3360,尚立,0.355,5.104,0.852,,,607.0,35.0,0.8
3693,營邦,3.5839999999999996,4.447142857,2.70125,,,197.0,38.285714285714285,0.7777777777777778
5009,榮剛,1.0959999999999999,2.8275,0.5675,,,59.0,14.625,0.8
1219,福壽,0.5539999999999999,1.651,0.265,,,32.0,36.7,1.0
2427,三商電,0.266,2.678,0.24,,,55.0,21.5,0.6
5543,崇佑-KY,0.174,,0.838,,,-1.0,5.25,0.4
1617,榮星,0.321,4.803999999999999,0.52,,,-15.0,14.8,0.5555555555555556
2415,錩新,1.2790000000000001,4.96625,0.89375,,,-152.0,34.285714285714285,0.7777777777777778
5820,日盛金,0.6990000000000001,2.363333333,0.203333333,0.561666667,,-3694.0,259.375,0.8888888888888888
8074,鉅橡,1.58,5.3229999999999995,1.199,,,9.0,146.33333333333334,1.0
8111,立碁,-0.545,,,,,78.0,20.0,0.2
1314,中石化,1.516,,,,,-4915.0,27.33333333333333,0.3333333333333333
3128,昇銳,0.062,,,,,5.0,52.5,0.4444444444444444
2028,威致,-0.242,,,,,105.0,,0.0
2426,鼎元,0.073,6.318,0.9420000000000001,,,610.0,299.1666666666667,0.6666666666666666
3266,昇陽,1.038,,,,,104.0,4.25,0.4
6148,驊宏資,-0.008,,,,,-2.0,11.5,0.2
6215,和椿,0.691,3.7166666669999997,0.575,,,186.0,161.25,0.8
1732,毛寶,0.10099999999999999,,,,,171.0,6.666666666666668,0.3
2511,太子,1.723,5.347,0.66,0.72,,2020.0,60.375,1.0
6229,研通,0.6609999999999999,4.521,0.596,,,3.0,128.8,1.0
8426,紅木-KY,3.2680000000000002,7.278571428999999,2.957142857,,,2.0,90.0,0.625
8463,潤泰材,1.438571429,4.302,1.158,,,180.0,40.4,0.5
3550,聯穎,0.89,7.903,1.25,,,38.0,242.75,1.0
5340,建榮,-0.009000000000000001,,,,,-356.0,,0.0
5450,寶聯通,-0.193,,,,,0.0,,0.0
5902,德記,0.047,,,,,-18.0,,0.0
8096,擎亞,1.258,,,,,1264.0,143.6,0.5555555555555556
2002,中鋼,1.082,3.659,0.934,0.256,,19988.0,49.5,1.0
3499,環天科,-0.204,,,,,-10.0,3.0,0.2
4906,正文,1.101,4.576666667,1.212222222,,,-693.0,162.44444444444446,0.9
5515,建國,0.9,5.278,0.608,,,-74.0,88.375,1.0
5864,致和證,0.35600000000000004,,,,,-6.0,23.0,0.5555555555555556
6654,天正國際,1.7,,,,,2.0,,0.0
1724,台硝,1.131,4.232,0.6940000000000001,,,27.0,72.57142857142857,1.0
2070,精湛,3.055,,,,,-3.0,78.33333333333333,0.3333333333333333
4148,全宇生技-KY,3.101428571,,,,,-197.0,3.5,0.2
5211,蒙恬,1.215,4.2922222219999995,1.327777778,,,2.0,14.111111111111109,0.9
1473,台南,1.446,4.992,1.472,,,-56.0,86.8,1.0
3489,森寶,-0.147,,,,,-53.0,28.66666666666667,0.3
4711,永純,0.9,6.254,1.01,,,0.0,349.875,1.0
6251,定穎,-0.040999999999999995,,,,,4309.0,25.0,0.2222222222222222
8077,洛碁,-1.232,,,,,0.0,,0.0
1529,樂士,-0.38299999999999995,,,,,214.0,44.0,0.1
1321,大洋,-0.172,,,,,131.0,,0.0
2641,正德,0.125,1.734,0.18,,,11.0,49.6,0.5
1413,宏洲,-0.419,,,,,3.0,,0.0
3673,TPK-KY,8.641,,,,,1595.0,29.0,0.4444444444444444
5398,慕康生醫,-0.217,,,,,224.0,1.0,0.4
3094,聯傑,0.823,4.355,1.014,,,206.0,27.6,1.0
3354,律勝,0.475,3.63,0.412222222,,,2.0,56.555555555555564,0.9
3588,通嘉,2.292,4.766,2.046,,,-780.0,5.75,1.0
4433,興采,1.216,3.143333333,0.95,,,78.0,61.6,0.625
4720,德淵,0.738,2.8280000000000003,0.425,,,-194.0,23.88888888888889,1.0
8478,東哥遊艇,3.095,,1.024,,,34.0,4.333333333333333,0.375
8921,沈氏,0.902,4.791,0.7490000000000001,,,0.0,37.7,1.0
1235,興泰,1.1840000000000002,,,,,6.0,,0.0
8440,綠電,1.207777778,3.1957142860000003,0.544285714,,,-5.0,289.1666666666667,0.6666666666666666
8046,南電,0.439,2.8,0.86,,,-31935.0,13.714285714285715,0.7777777777777778
6016,康和證,0.166,,,,,-2169.0,27.0,0.2
3236,千如,0.981,1.29,0.32,0.828,,-160.0,64.85714285714286,0.7777777777777778
4930,燦星網,0.406,,,,,-231.0,6.0,0.3333333333333333
6020,大展證,0.44,,,,,0.0,1.8571428571428568,0.7777777777777778
8401,白紗科,1.013,7.194,0.8540000000000001,,,1.0,172.0,0.875
8427,基勝-KY,2.873,5.14,2.98125,,,13.0,10.0,0.625
1909,榮成,1.305,5.998571429,0.977142857,,,1593.0,83.0,0.9
2033,佳大,0.37799999999999995,,,,,-4.0,72.66666666666667,0.6
2547,日勝生,1.295,6.068333332999999,1.266666667,0.3,,-2149.0,102.8,0.625
2897,王道銀行,0.501,3.828888889,0.29444444399999997,,,1533.0,28.75,0.8888888888888888
2901,欣欣,0.45,1.351,0.39,,,10.0,5.7,1.0
1709,和益,1.1420000000000001,5.2922222219999995,0.8322222220000001,,,-250.0,83.66666666666667,0.8571428571428571
3380,明泰,1.0979999999999999,5.607,1.137,,,2933.0,59.8,1.0
3520,振維,-1.2790000000000001,,,,,-4.0,14.0,0.1
4561,健椿,1.268333333,,,,,0.0,52.0,0.2222222222222222
5438,東友,1.09,7.191,1.065,,,-1.0,52.875,1.0
1325,恆大,0.8370000000000001,2.775,0.54,,-0.022857142857142857,-1009.0,134.1,1.0
2062,橋椿,2.8510000000000004,4.927,1.9809999999999999,,,-25.0,64.33333333333333,1.0
4716,大立,0.68,1.621,0.24600000000000002,0.38333333299999994,,-3.0,88.44444444444444,1.0
6222,上揚,-0.897,,,,,-13.0,,0.0
5498,凱崴,0.165,,,,,-164.0,1.0,0.1
6158,禾昌,0.392,,,,,-12.0,357.0,0.75
6185,幃翔,2.048,6.567,1.412,0.4,,-475.0,260.77777777777777,1.0
2596,綠意,1.791,8.501,1.499,,,0.0,319.3333333333333,1.0
1474,弘裕,0.513,3.9410000000000003,0.371,,,-594.0,159.22222222222226,1.0
1516,川飛,0.11699999999999999,,,,,7.0,17.0,0.1
2841,台開,1.9269999999999998,,,,,-1763.0,81.33333333333333,0.3
6015,宏遠證,0.439,,,,,-426.0,56.5,0.25
6154,順發,1.391,7.013,1.355,,,-3.0,308.6,1.0
2031,新光鋼,1.016,5.393,1.198,,,356.0,252.5,1.0
2482,連宇,0.037000000000000005,,,,,61.0,2.6666666666666665,0.3
3043,科風,-1.3119999999999998,,,,,-22.0,52.0,0.1
4207,環泰,0.73,,,0.335,,68.0,76.25,0.4444444444444444
6533,晶心科,0.095,,,,1.454,148.0,1.0,0.1
2010,春源,0.777,5.5360000000000005,0.621,,,-78.0,146.71428571428572,1.0
2630,亞航,0.852,,0.533333333,,,12.0,13.0,0.125
2032,新鋼,0.37200000000000005,3.016666667,0.305,,,9.0,22.777777777777782,0.9
2722,夏都,1.4069999999999998,1.267777778,0.522222222,0.666666667,,16.0,62.14285714285714,0.875
4939,亞電,0.679,3.358,0.36,0.81,,-232.0,134.375,0.8
3652,精聯,0.718,3.395,0.683333333,,,-1288.0,88.8888888888889,0.9
4121,優盛,0.341,,,,,977.0,2.25,0.4
5245,智晶,2.121,4.731666667,2.78,,,-495.0,6.6,0.5555555555555556
2312,金寶,0.193,,,,,1081.0,21.285714285714285,0.7
5213,亞昕,2.265,5.946666667000001,1.047777778,1.702,,85.0,241.33333333333331,0.8571428571428571
5905,南仁湖,0.124,3.931666667,0.363333333,,,-3610.0,217.33333333333331,0.6
9907,統一實,0.562,3.31,0.49700000000000005,,,3746.0,67.0,1.0
1442,名軒,2.335,8.197000000000001,1.764,,,372.0,123.5,1.0
3047,訊舟,0.316,4.396,0.484,,,163.0,20.166666666666668,0.6666666666666666
5533,皇鼎,2.215,3.2880000000000003,0.585,0.685714286,,32.0,108.875,1.0
8110,華東,0.7340000000000001,3.09,0.34833333299999997,,,-1004.0,14.857142857142858,0.7777777777777778
2344,華邦電,0.502,,,,,-50642.0,59.75,0.4
3512,皇龍,-0.907,,,,,-1.0,1.0,0.1
4130,健亞,0.591,1.178571429,0.435714286,,,449.0,25.42857142857143,0.7
4543,萬在,1.377142857,3.1239999999999997,0.614285714,,,13.0,8.4,0.5
4576,大銀微系統,0.5225,,,,1.42,23.0,1.0,0.1
6172,互億,-0.364,,,,,-30.0,,0.0
9902,台火,0.368,,,,,12.0,33.5,0.2
1468,昶和,-0.312,,,,,-8.0,,0.0
3059,華晶科,0.6579999999999999,2.966,0.758,,,1553.0,73.375,0.8888888888888888
8906,花王,-0.094,,,,,-4.0,5.0,0.1
1727,中華化,0.965,3.1,0.48700000000000004,0.685,,-52.0,44.57142857142857,1.0
2906,高林,0.598,5.517,0.6559999999999999,,,-206.0,139.88888888888889,1.0
3232,昱捷,0.516,,,,,57.0,15.0,0.5
8935,邦泰,-0.762,,,,,-4.0,,0.0
4162,智擎,1.9211111109999999,1.278,1.7,,,1233.0,8.25,0.4444444444444444
1454,台富,0.389,3.875,0.31875,,,-14.0,33.125,0.8
1618,合機,0.5579999999999999,3.392,0.29,,,88.0,204.85714285714286,0.7777777777777778
8927,北基,0.157,,,,,-2.0,3.8333333333333335,0.6
1456,怡華,-0.638,,,,,38.0,,0.0
1568,倉佑,0.821,2.8857142860000002,0.735714286,,,41.0,7.0,0.6666666666666666
1789,神隆,1.055,1.215555556,0.585555556,0.38333333299999994,,-900.0,19.25,0.8888888888888888
2613,中櫃,0.767,1.258333333,0.175,,,-22.0,17.0,0.6
3296,勝德,0.295,,,,,47.0,10.285714285714286,0.7
1586,和勤,0.594,3.21,0.973333333,,,625.0,77.375,0.8
6265,方土昶,0.22699999999999998,,,,,46.0,17.75,0.4
3685,元創精密,0.324,6.9,1.6119999999999999,,,-1.0,183.85714285714286,0.7
3704,合勤控,0.369,,,,,-3963.0,21.0,0.5
4554,橙的,1.272857143,,,,,14.0,1.0,0.2222222222222222
6109,亞元,0.335,5.986000000000001,0.72,,,-1.0,102.5,0.6
6116,彩晶,0.23399999999999999,,,,,-3961.0,189.75,0.4
8929,富堡,2.13,4.815,1.472,,,1.0,98.0,1.0
1591,駿吉-KY,1.3330000000000002,,,,,4.0,4.5,0.2
2368,金像電,-0.371,,,,,-53906.0,1.0,0.1
5452,佶優,0.44299999999999995,1.93875,0.24375,,,5.0,22.777777777777782,0.9
5601,台聯櫃,0.36,1.439,0.34700000000000003,,,0.0,33.8,1.0
3294,英濟,0.129,,,,,7.0,7.6,0.5
4526,東台,1.113,3.8825,0.975,,,-333.0,11.222222222222221,0.9
8059,凱碩,-0.061,,,,,-73.0,73.33333333333333,0.3333333333333333
3287,廣寰科,-0.092,,,,,4.0,334.0,0.2
3356,奇偶,4.439,5.8425,5.53375,0.8414285709999999,,71.0,88.25,0.6666666666666666
3701,大眾控,-1.0590000000000002,,,,,48.0,,0.0
4989,榮科,-0.3,,,,,231.0,24.0,0.2
5272,笙科,1.844,4.913333333,1.9728571430000001,,,-51.0,66.6,0.5555555555555556
3066,李洲,-0.914,,,,,0.0,,0.0
4114,健喬,0.467,0.5655555560000001,0.17444444399999998,0.85,,-255.0,38.4,0.8333333333333334
8176,智捷,0.345,,,,,-123.0,219.28571428571428,0.7
2323,中環,-0.762,,,,,209.0,,0.0
2515,中工,0.24600000000000002,2.083,0.161,,,2211.0,25.0,1.0
2908,特力,1.069,4.395,0.9470000000000001,,,400.0,98.2,1.0
3024,憶聲,-0.212,,,,,108.0,39.0,0.2
6212,理銘,1.123,,,,,-3.0,15.25,0.4
5258,虹堡,2.009,3.504285714,0.8375,0.833333333,,-28.0,65.5,0.6666666666666666
6133,金橋,-0.006999999999999999,3.13,0.29833333300000003,,,15.0,38.4,0.5555555555555556
2024,志聯,0.586,6.9079999999999995,0.62,,,-3.0,107.83333333333331,0.6
2466,冠西電,-0.335,,,,,-242.0,,0.0
3095,及成,-2.3409999999999997,,,,,0.0,,0.0
3288,點晶,-0.857,,,,,0.0,,0.0
3346,麗清,1.374,2.991428571,1.075,,,93.0,26.66666666666667,0.6666666666666666
4545,銘鈺,3.43,3.54,2.552857143,,,18.0,25.33333333333333,0.6666666666666666
5523,豐謙,-0.231,,,,,-4.0,6.5,0.2
6103,合邦,-0.49200000000000005,,,,,0.0,,0.0
6418,詠昇,538.3380000000001,5.25,1.0785714290000001,,,0.0,203.14285714285717,0.7
1414,東和,0.9470000000000001,3.84125,0.3,,,53.0,125.875,0.8
3285,微端,0.919,5.1979999999999995,0.9359999999999999,,,0.0,38.333333333333336,1.0
3290,東浦,0.813,4.598333333,0.7666666670000001,,,10.0,136.77777777777777,0.9
1435,中福,0.276,,,,,46.0,,0.0
1531,高林股,1.15,5.132999999999999,1.0,,,-503.0,122.22222222222223,1.0
3062,建漢,0.804,3.1719999999999997,0.728,,,-1328.0,29.88888888888889,1.0
6674,鋐寶科技,3.045,,,,,13.0,19.5,0.2
1236,宏亞,0.955,3.285,0.7,,,-9.0,56.555555555555564,1.0
2516,新建,0.307,3.2514285710000004,0.242857143,,,-1426.0,42.285714285714285,0.7
2605,新興,1.702,5.119,1.285,,,4324.0,63.0,1.0
3207,耀勝,-0.6779999999999999,,,,,0.0,3.0,0.3
1784,訊聯,0.33299999999999996,,,,,-139.0,15.166666666666664,0.6
1810,和成,0.322,,,,,461.0,16.0,0.6
9962,有益,0.644,5.664,0.64,,,14.0,71.33333333333333,0.75
3687,歐買尬,-1.187,,,,,368.0,78.0,0.25
3703,欣陸,0.6920000000000001,,,,,-433.0,33.57142857142857,0.7777777777777778
4533,協易機,0.7979999999999999,4.513333333,0.54,,,0.0,38.66666666666666,0.9
4746,台耀,2.146,3.0860000000000003,1.868,,,-609.0,20.625,0.8
1108,幸福,0.29600000000000004,,,,,-22.0,54.5,0.4444444444444444
2029,盛餘,1.153,4.506,0.98,,,-355.0,126.375,1.0
3055,蔚華科,0.88,4.914,0.898,,,87.0,94.6,1.0
4161,聿新科,0.414,,,,,-2.0,1.75,0.4
4967,十銓,0.701,3.0780000000000003,0.39,,,979.0,67.28571428571429,0.7
1217,愛之味,0.036000000000000004,,,,,-465.0,,0.0
2543,皇昌,0.32,,,,,35.0,1.0,0.1111111111111111
6603,富強鑫,0.725,3.116666667,0.38888888899999996,0.38888888899999996,,15.0,37.125,0.8888888888888888
9955,佳龍,-0.075,,,,,-439.0,16.5,0.2222222222222222
2388,威盛,-1.5919999999999999,,,,,-757.0,,0.0
5014,建錩,0.262,2.913333333,0.21666666699999998,,,-105.0,35.5,0.8
6021,大慶證,0.294,,,,,316.0,32.2,0.5
6625,必應,1.4416666669999998,,,,,-4.0,42.0,0.3
1734,杏輝,0.585,1.412,0.435,,,-1041.0,2.5,1.0
2331,精英,0.7240000000000001,15.845999999999998,2.594,,,440.0,44.4,0.625
2431,聯昌,0.21,,,,,-208.0,124.2,0.5
2505,國揚,0.5770000000000001,2.072,0.298,,,-308.0,22.5,0.6666666666666666
4804,大略-KY,1.50125,,,,,-2.0,50.0,0.3333333333333333
6134,萬旭,-1.165,,,,,18.0,1.0,0.1111111111111111
6140,訊達,0.076,,,,,11.0,2.5,0.2
6152,百一,0.522,7.0,1.5019999999999998,,,46.0,11.5,0.2857142857142857
6199,天品,-0.281,,,,,0.0,1.0,0.1111111111111111
6441,廣錠,4.18375,5.136666667,2.74,,1.3649999999999998,-788.0,145.8,0.5555555555555556
6516,勤崴國際,1.094285714,,0.154,1.9180000000000001,0.77,7.0,24.5,0.2857142857142857
5531,鄉林,1.335,,,1.5833333330000001,,-695.0,,0.0
6168,宏齊,0.12300000000000001,,,,,-58.0,31.857142857142854,0.7
1110,東泥,0.14300000000000002,0.93,0.14,,,-83.0,12.0,1.0
1440,南紡,0.525,2.7430000000000003,0.355,,,3418.0,88.0,1.0
1444,力麗,0.56,,,,,-4441.0,30.33333333333333,0.75
1517,利奇,0.69,4.019,0.485,,,66.0,73.375,1.0
4502,健信,0.623,,,,,-3.0,5.333333333333333,0.3
9919,康那香,0.109,2.717,0.375,,,-3344.0,25.3,1.0
1587,吉茂,1.004,3.667777778,0.894,,,5.0,114.0,0.75
2069,運錩,0.965,,1.416,,,58.0,115.75,0.4444444444444444
4133,亞諾法,1.091,2.6839999999999997,1.13,,,-4819.0,3.9,1.0
1324,地球,0.5870000000000001,3.8369999999999997,0.5,,,6.0,40.57142857142857,1.0
1710,東聯,1.048,4.735,1.37,,,-1284.0,89.0,1.0
2035,唐榮,-0.207,,,,,0.0,,0.0
2387,精元,1.222,2.846,0.5820000000000001,,,1758.0,50.2,1.0
2399,映泰,0.409,8.254,1.114,,,551.0,506.16666666666674,0.6
2545,皇翔,3.907,7.685,3.15,,,93.0,53.25,1.0
3016,嘉晶,0.152,,,,,12150.0,4.0,0.5
3504,揚明光,1.517,3.621428571,2.4242857140000003,,,793.0,1.25,0.8
3516,亞帝歐,-1.462,,,,,-10.0,7.0,0.1
6101,寬魚國際,-0.475,,,,,-8.0,1.0,0.1
6171,亞銳士,0.158,,,,,-36.0,1.4,0.5
6233,旺玖,-0.619,,,,,-87.0,,0.0
6465,威潤,2.015714286,2.3080000000000003,1.436,,,-2.0,62.8,0.5
8087,華鎂鑫,-0.19699999999999998,,,,,2.0,2.333333333333333,0.3
2109,華豐,0.009000000000000001,,,,,286.0,172.0,0.4
2230,泰茂,0.386,3.275,0.51875,,,1.0,43.25,0.8888888888888888
2401,凌陽,-0.087,4.984,0.61,,,-4674.0,27.66666666666667,0.6
3054,立萬利,0.462,,,,,8.0,95.0,0.6
3609,東林,-0.379,,,,,154.0,2.25,0.4444444444444444
4909,新復興,2.0709999999999997,5.013999999999999,1.47,,,-85.0,110.33333333333331,1.0
6283,淳安,-0.763,,,,,195.0,229.0,0.1
8042,金山電,3.93,7.296,3.088,,,-89.0,94.55555555555556,1.0
1443,立益,-0.922,,,,,32.0,,0.0
1714,和桐,0.523,,,0.92,,227.0,16.666666666666668,0.3
2417,圓剛,0.353,4.1339999999999995,0.887,,,6422.0,6.5,1.0
2603,長榮,0.292,,,,,13264.0,86.33333333333331,0.3
2718,晶悅,0.746,,,,,2.0,21.5,0.8
6174,安碁,0.685,5.153333333,0.727777778,,,-5.0,41.0,0.9
6241,易通展,0.37200000000000005,,,,,5.0,95.0,0.3
2014,中鴻,-0.04,,,,,4575.0,797.5,0.2
2305,全友,0.325,,,,,130.0,,0.0
2314,台揚,-1.044,,,,,-1520.0,2.6666666666666665,0.3
2358,廷鑫,-0.6940000000000001,,,,,112.0,,0.0
2405,浩鑫,-0.11,,,,,-332.0,131.66666666666666,0.3
2489,瑞軒,1.1420000000000001,10.36625,1.97,,,1038.0,250.16666666666663,0.75
2497,怡利電,1.27,3.76,1.52,,,36.0,8.6,0.5
6405,悅城,3.2811111110000004,,,,,15.0,18.5,0.5
1446,宏和,0.096,1.28375,0.3,,,115.0,14.625,0.8
2302,麗正,-0.051,,,,,-183.0,39.0,0.4
4924,欣厚-KY,-0.358,,,,,150.0,2.0,0.2
4167,展旺,-1.3666666669999998,,,,,-5135.0,,0.0
1721,三晃,0.161,,,,,33.0,56.5,0.2
2702,華園,0.507,0.93375,0.1725,0.5,,128.0,319.6666666666667,0.9
5381,合正,-0.997,,,,,0.0,,0.0
5521,工信,0.077,,,,,6233.0,8.0,0.6
6225,天瀚,-1.473,,,,,0.0,,0.0
3438,類比科,1.225,5.401428571,1.582857143,,,182.0,339.1666666666667,0.6666666666666666
8068,全達,-0.19699999999999998,,,,,-45.0,,0.0
1438,裕豐,0.62,,,,,25.0,,0.0
3058,立德,0.599,6.9175,0.9075,,,22.0,66.625,0.8888888888888888
1313,聯成,0.7659999999999999,4.556,0.6679999999999999,,,-104.0,182.25,1.0
2457,飛宏,0.9329999999999999,7.068333332999999,2.04,,,-2207.0,64.0,0.42857142857142855
2736,高野,2.58,1.5683333330000002,0.666666667,,,8.0,49.0,0.5555555555555556
6160,欣技,0.87,5.5675,1.3625,,,6.0,116.71428571428572,0.875
3313,斐成,-0.488,,,,,-44.0,,0.0
2712,遠雄來,0.5066666670000001,2.155,0.568333333,,,0.0,6.0,0.6
3362,先進光,0.391,,,,,-350.0,2.5,0.4
5328,華容,0.099,,,,,-29.0,42.0,0.3
5603,陸海,0.618,6.082000000000001,0.8,,,50.0,155.0,0.42857142857142855
4513,福裕,0.136,,,,,10.0,2.0,0.1111111111111111
5426,振發,0.743,7.41625,0.98375,,,-13.0,132.57142857142858,0.875
2061,風青,-0.272,,,,,-2.0,31.0,0.1
2913,農林,0.657,3.103333333,0.483333333,,,-242.0,13.0,0.9
3027,盛達,-0.065,1.7375,0.2575,,,2.0,4.125,0.8
5464,霖宏,0.8859999999999999,7.4825,1.42125,,,-3.0,76.57142857142857,0.875
6129,普誠,0.001,,,,,-79.0,1.3333333333333333,0.3333333333333333
8937,合騏,-0.133,,,,,-10.0,1.0,0.4
1905,華紙,0.7959999999999999,3.9219999999999997,0.38,,,1195.0,42.833333333333336,0.6
2610,華航,0.255,,,,,55067.0,50.33333333333334,0.3333333333333333
8421,旭源,0.368,,,,,-8.0,38.5,0.5714285714285714
3623,富晶通,1.433,9.158333333,3.251666667,,,-4.0,7.666666666666668,0.5
4406,新昕纖,-0.05,,,,,-2.0,15.5,0.2
5202,力新,-0.217,,,,,2.0,1.0,0.1
8101,華冠,-0.563,,,,,-78.0,5.0,0.1
1809,中釉,0.514,2.504,0.325,,,355.0,53.0,1.0
1815,富喬,0.723,2.67,0.391666667,,,363.0,2.625,0.8
3311,閎暉,1.382,7.034285714,3.13,0.094,,-145.0,14.333333333333336,0.5
4534,慶騰,0.46399999999999997,,,,,-7.0,1.6666666666666667,0.375
2506,太設,0.604,1.4575,0.1775,,,56.0,18.875,0.8
2530,華建,0.564,,,,,583.0,135.71428571428572,0.7
4131,晶宇,-0.575,,,,,0.0,,0.0
1423,利華,-0.127,,,,,0.0,,0.0
2444,兆勁,-0.125,,,,,45.0,31.25,0.4
4510,高鋒,0.723,4.42375,0.65,,,12.0,52.42857142857143,0.7777777777777778
6512,啟發電,1.8833333330000002,,1.666,,,0.0,10.75,0.4444444444444444
8940,新天地,0.257,,,,,4.0,96.0,0.25
1459,聯發,0.312,4.078333333,0.395,,,-87.0,149.28571428571428,0.7
2440,太空梭,-0.21100000000000002,,,,,38.0,796.0,0.1
3631,晟楠,0.505,,,,,-608.0,133.5,0.2222222222222222
2009,第一銅,0.051,,,,,51.0,442.0,0.4
3372,典範,-0.649,,,,,-5.0,,0.0
6442,光聖,2.158888889,5.272,2.133333333,,,3.0,39.5,0.6
8147,正淩,1.7519999999999998,4.031428571,1.132222222,0.46,,22.0,13.25,0.8
8289,泰藝,0.517,4.231666667,0.495,,,33.0,188.0,0.8888888888888888
1447,力鵬,0.228,,,0.7,,-1326.0,543.0,0.1111111111111111
3149,正達,-2.496,,,,,132.0,12.666666666666664,0.3
5276,達輝-KY,1.03625,7.7,1.442,,,8.0,83.75,0.4444444444444444
6118,建達,0.028999999999999998,2.106,0.25,,,19.0,7.0,0.5
6120,達運,0.647,2.9819999999999998,0.406,,,-538.0,19.11111111111111,0.9
8429,金麗-KY,5.218,2.86875,1.83125,0.858,,-189.0,9.25,0.5714285714285714
1445,大宇,0.3,4.178,0.35,,,-206.0,117.625,1.0
2364,倫飛,-0.848,,,,,0.0,,0.0
1616,億泰,-0.239,,,,,43.0,,0.0
3221,台嘉碩,0.551,3.9419999999999997,0.703,,,462.0,94.6,1.0
8411,福貞-KY,3.285,1.445555556,0.56,,,71.0,32.6,0.7142857142857143
1451,年興,1.308,6.15,1.485,,,-245.0,156.77777777777774,1.0
2465,麗臺,-0.6509999999999999,,,,,15.0,,0.0
4109,加捷生醫,-0.11599999999999999,1.004,0.23399999999999999,0.4725,,-279.0,30.66666666666667,0.6
5210,寶碩,-0.036000000000000004,,,,,50.0,479.75,0.4
2485,兆赫,1.571,4.6530000000000005,1.57,,,668.0,43.555555555555564,1.0
2528,皇普,-0.09699999999999999,,,,,86.0,20.5,0.2
4530,宏易,-1.001,,,,,0.0,,0.0
5302,太欣,-0.33899999999999997,,,,,-155.0,,0.0
3202,樺晟,-0.6509999999999999,,,,,132.0,7.0,0.4
3666,光耀,0.06,5.263333333,1.18,,,-2.0,31.0,0.5555555555555556
5304,鼎創達,-0.33799999999999997,,,,,-317.0,,0.0
5314,世紀,-0.469,,,,,0.0,,0.0
4157,太景*-KY,-0.34625,,,,,-2334.0,,0.0
2363,矽統,-0.555,,,,,-10246.0,1.0,0.2
3490,單井,2.2430000000000003,2.1966666669999997,1.026666667,,,144.0,79.75,0.8888888888888888
4903,聯光通,0.099,,,,,8.0,8.8,0.5
4911,德英,-0.22,,,,,5.0,2.0,0.1
8024,佑華,0.41,4.732,0.6940000000000001,,,-4.0,50.625,1.0
8080,永利聯合,-0.583,,,,,0.0,2.0,0.1
2724,富驛-KY,-1.964,,,0.506,,0.0,,0.0
5488,松普,-0.547,,,,,-25.0,1.5,0.2222222222222222
5703,亞都,0.376,1.62625,0.375,,,1.0,37.375,0.8
8105,凌巨,-0.19399999999999998,,,,,-1090.0,3.6666666666666665,0.3
9944,新麗,0.512,1.341111111,0.307777778,,,-951.0,3.6666666666666665,0.9
1453,大將,0.11800000000000001,,,,,10.0,,0.0
9949,琉園,-0.064,2.936666667,0.6283333329999999,,,3.0,72.33333333333333,0.6
5344,立衛,-0.196,,,,,-6.0,68.5,0.4
1455,集盛,0.292,2.68,0.25,,,276.0,24.75,0.8888888888888888
1802,台玻,-0.039,0.934,0.29,,,-2388.0,8.0,0.6666666666666666
2017,官田鋼,-0.048,,,,,22.0,76.0,0.3333333333333333
8047,星雲,0.348,2.45,0.278571429,,,-1.0,17.857142857142858,0.7
8011,台通,1.327,4.106,1.483333333,,,-1168.0,73.83333333333333,0.6666666666666666
8038,長園科,-1.135,,,,,-552.0,,0.0
8409,商之器,-0.823,,,,,13.0,1.0,0.2
3051,力特,-0.736,,,,,5.0,,0.0
3089,元炬,-1.689,,,,,0.0,1.0,0.2
6165,捷泰,-0.9279999999999999,,,,,-249.0,1.0,0.1
6236,康呈,-0.889,,,,,0.0,,0.0
1460,宏遠,0.152,,,,,229.0,22.0,0.3333333333333333
3268,海德威,0.332,,,,,-1.0,9.0,0.1
1718,中纖,0.528,,,,,-1242.0,17.0,0.125
4128,中天,0.069,,,,,1547.0,85.0,0.1111111111111111
6264,富裔,-0.336,,,,,12.0,,0.0
8033,雷虎,-1.145,,,,,35.0,,0.0
8121,越峰,0.11800000000000001,,,,,-77.0,3.0,0.1111111111111111
3419,譁裕,-0.345,,,,,215.0,6.5,0.2
4419,元勝,-0.7879999999999999,,,,,0.0,,0.0
6164,華興,0.489,4.406000000000001,0.563,,,-42.0,56.5,1.0
6431,光麗-KY,-1.05,,,,,83.0,864.0,0.1
6443,元晶,-0.198571429,,,,,-257.0,,0.0
3067,全域,-0.301,,,,,-2336.0,283.0,0.2
3698,隆達,0.527,,,,,7268.0,3.0,0.7
6130,星寶國際,0.825,,,,,11.0,342.5,0.2222222222222222
6237,驊訊,0.022000000000000002,2.31375,0.52375,,,2947.0,5.625,0.8
6593,台灣銘板,1.243333333,,,,,0.0,8.333333333333334,0.3
2008,高興昌,0.396,,,,,51.0,,0.0
3162,精確,-0.7929999999999999,,,,,2.0,2.0,0.4
2025,千興,-0.583,,,,,0.0,,0.0
3230,錦明,-1.2109999999999999,,,,,39.0,,0.0
3390,旭軟,1.8259999999999998,7.01,1.8769999999999998,,,-64.0,82.0,1.0
3545,敦泰,1.271,3.09,1.088,,,-6453.0,7.5555555555555545,1.0
4540,全球傳動,0.571428571,,,,,503.0,2.75,0.4
6131,鈞泰,-0.857,3.9419999999999997,0.588,,,0.0,7.4,0.5555555555555556
3284,太普高,0.6579999999999999,,,,,-5.0,57.625,0.8
2538,基泰,1.318,7.513,1.101,,,-34.0,104.0,1.0
3228,金麗科,-1.011,,,,,-6.0,,0.0
4113,聯上,1.8319999999999999,4.80375,0.73375,,,-48.0,72.0,0.75
1903,士紙,-0.738,,,,,270.0,,0.0
6113,亞矽,-0.376,,,,,1.0,,0.0
1449,佳和,-0.899,,,,,941.0,,0.0
6209,今國光,0.371,,,,,734.0,2.8,0.5
2611,志信,0.342,,,,,35.0,152.83333333333334,0.6666666666666666
4123,晟德,0.478,,,1.2930000000000001,,-17448.0,145.0,0.1111111111111111
4188,安克,-1.14125,,,,,5.0,,0.0
1416,廣豐,1.056,8.675714286,1.4728571430000001,,,35.0,66.4,0.7142857142857143
1584,精剛,-0.511,,,,,-10.0,,0.0
2023,燁輝,0.13,,,,,-1434.0,315.85714285714283,0.7777777777777778
5011,久陽,0.6759999999999999,4.901666667,1.068333333,,,3.0,85.66666666666667,0.6666666666666666
1467,南緯,0.284,,,,,1186.0,3.0,0.4
1213,大飲,-0.036000000000000004,,,,,0.0,,0.0
3694,海華,-0.485,,,,,136.0,66.5,0.2
5701,劍湖山,-1.218,,,,,0.0,,0.0
3713,新晶投控,-0.77,,,,,-5.0,,0.0
6287,元隆,-1.642,,,,,0.0,,0.0
2321,東訊,-0.8220000000000001,,,,,0.0,,0.0
2332,友訊,-0.045,5.343999999999999,1.084,,,-5389.0,28.16666666666667,0.75
3011,今皓,-0.478,,,,,63.0,1.0,0.2
8374,羅昇,0.9229999999999999,2.9219999999999997,1.02,,,32.0,4.5,0.75
2461,光群雷,0.522,3.321428571,0.538571429,,,-27.0,42.66666666666666,0.9
8443,阿瘦,2.149,4.998571429,1.248571429,,,16.0,83.0,0.5714285714285714
4976,佳凌,0.391,,,,,88.0,9.25,0.4
2064,晉椿,0.8744444440000001,6.9475,1.225,,,1.0,124.16666666666669,0.75
5906,台南-KY,-2.461,,,,,6.0,721.5,0.2
2390,云辰,-0.312,,,,,-2754.0,1.0,0.3
3712,永崴投控,0.29,,,,,-134.0,,0.0
5355,佳總,0.068,,,,,78.0,27.0,0.1
3297,杭特,0.777,5.314444443999999,1.268888889,,,2.0,14.125,0.8888888888888888
2438,翔耀,-0.6579999999999999,,,,,34.0,,0.0
6243,迅杰,-0.856,,,,,23.0,358.5,0.2
2537,聯上發,0.862,,,,,-388.0,286.0,0.25
3322,建舜電,-0.907,,,,,-16.0,7.333333333333332,0.3
1466,聚隆,0.598,3.4360000000000004,0.654,,,12.0,5.0,0.5
3276,宇環,-0.11699999999999999,,,,,-7.0,2.0,0.4
2486,一詮,-0.19,,,,,111.0,63.25,0.4444444444444444
4142,國光生,-2.238,,,,,884.0,,0.0
8085,福華,-0.8109999999999999,,,,,-14.0,,0.0
8092,建暐,-0.304,,,,,-2.0,,0.0
1805,寶徠,-0.066,,,,,22.0,133.0,0.1
4729,熒茂,-1.2109999999999999,,,,,197.0,,0.0
5205,中茂,-2.714,,,,,0.0,1.5,0.2
9928,中視,-1.3259999999999998,,,,,0.0,,0.0
2936,客思達-KY,2.3883333330000003,,,,,136.0,1.0,0.1111111111111111
3308,聯德,-0.649,,,,,31.0,9.0,0.1
4562,穎漢,2.325,,,,,-32.0,3.6666666666666665,0.3333333333333333
1316,上曜,-0.667,,,,,428.0,79.0,0.1111111111111111
5348,系通,-1.003,,,,,2.0,,0.0
3086,華義,-1.187,,,,,0.0,467.0,0.1
3252,海灣,1.442,,,,,3.0,19.0,0.1
5324,士開,1.306,,,,,-2.0,88.5,0.2222222222222222
1806,冠軍,0.215,,,,,-270.0,3.0,0.3333333333333333
9906,欣巴巴,2.218,,,,,23.0,,0.0
1796,金穎生技,0.374,,,,,0.0,2.6666666666666665,0.3
4306,炎洲,0.889,3.155,0.534,1.186,,193.0,193.0,1.0
8027,鈦昇,-0.06625,,,,,43.0,3.75,0.4
8291,尚茂,-0.677,,,,,0.0,8.0,0.1
4127,天良,-0.39899999999999997,,,,,27.0,57.75,0.4444444444444444
4960,誠美材,1.505,6.146666667000001,1.425,,,3087.0,10.0,0.5555555555555556
6144,得利影,-0.41700000000000004,,,,,-5.0,,0.0
6228,全譜,-1.046,,,,,1.0,,0.0
3115,寶島極,-0.14400000000000002,,,,,7.0,,0.0
4108,懷特,-1.253,,,,,134.0,,0.0
8277,商丞,-1.561,,,,,13.0,1.0,0.1111111111111111
4609,唐鋒,-0.445,,,,,0.0,4.5,0.2
8201,無敵,-2.116,,,,,39.0,47.33333333333334,0.3
6198,凌泰,-1.032,,,,,0.0,,0.0
8932,宏大,-0.024,,,,,8.0,21.0,0.1
6247,淇譽電,-0.204,,,,,0.0,22.875,0.8
8418,捷必勝-KY,-0.498,2.25,0.64,,,29.0,1.25,0.5
2460,建通,0.182,,,,,53.0,480.25,0.4444444444444444
3122,笙泉,0.324,4.347777778,0.521111111,,,-3.0,23.88888888888889,0.9
5351,鈺創,-0.7120000000000001,,,,,-388.0,1.0,0.3
6482,弘煜科,1.194285714,,,,,6.0,6.5,0.2
8072,陞泰,3.065,8.779,5.093,,,13.0,90.77777777777777,1.0
8450,霹靂,2.606666667,,2.512,,,1.0,3.4,0.5
4304,勝昱,-1.25,,,,,0.0,,0.0
3672,康聯訊,0.723,4.394,1.003333333,,,9.0,6.75,0.5
2007,燁興,-0.691,,,,,144.0,91.0,0.1
2380,虹光,-1.0290000000000001,,,,,-386.0,9.666666666666666,0.3
3642,駿熠電,-0.7879999999999999,4.864,1.015,,,5.0,76.0,0.6
3339,泰谷,-2.106,,,,,0.0,3.0,0.1
2067,嘉鋼,-0.023333332999999998,,,,,0.0,52.0,0.3333333333333333
4956,光鋐,0.584,2.736,0.598,,,-4501.0,4.5,0.6
5608,四維航,-0.1,7.213333333,1.835,,,-1338.0,5.0,0.2
6142,友勁,-0.285,,,,,1972.0,184.0,0.4444444444444444
1475,本盟,-2.434,,,,,0.0,,0.0
4743,合一,-0.053,,,,1.025,3428.0,6.75,0.4
6169,昱泉,-2.146,,,,,28.0,5.0,0.1111111111111111
5529,志嘉,0.624,,,,,-59.0,113.5,0.25
3710,連展投控,-0.91,,,,,-345.0,,0.0
4414,如興,-0.48100000000000004,,,,,113.0,,0.0
8093,保銳,-0.731,,,,,14.0,2.0,0.1
2734,易飛網,-0.342,,,,,8.0,160.0,0.3333333333333333
9950,萬國通,0.282,4.908571428999999,1.002857143,,,-7.0,54.33333333333334,0.6666666666666666
1528,恩德,0.235,3.46,0.415,,,212.0,98.5,1.0
2038,海光,-0.237,,,,,-1.0,557.0,0.3
8054,安國,1.325,6.082999999999999,1.696,,,-37.0,14.0,1.0
2374,佳能,1.3230000000000002,9.922,2.54,,,-422.0,220.57142857142856,0.875
3437,榮創,1.5988888890000001,4.044,1.166666667,,,-299.0,2.333333333333333,0.6
2102,泰豐,0.267,0.7825,0.13125,0.5071428570000001,,6821.0,6.857142857142858,0.7777777777777778
4432,銘旺實,2.8510000000000004,5.4775,2.51,,,1.0,11.2,0.7142857142857143
2369,菱生,0.35700000000000004,4.448,0.596,,,-2065.0,7.777777777777778,1.0
2413,環科,-0.39799999999999996,,,,,-139.0,327.5,0.2
3555,重鵬,-2.188,,,,,1.0,11.4,0.5
5251,天鉞電,2.153,6.468571429,2.0625,,,-24.0,113.8,0.625
9929,秋雨,-0.804,,,,,9.0,,0.0
3259,鑫創,-1.6580000000000001,,,,,7.0,3.0,0.1
5484,慧友,-0.652,,,,,-20.0,21.0,0.1
5264,鎧勝-KY,7.466,4.671428571,4.671428571,,,4636.0,43.28571428571429,0.7
6289,華上,-1.291,,,,,0.0,,0.0
8933,愛地雅,0.31,2.025,0.2575,0.444,,81.0,54.375,0.8
6127,九豪,-0.27699999999999997,,,,,115.0,2.0,0.4
6573,虹揚-KY,0.775,,,,,23.0,24.5,0.2
3224,三顧,-0.485,,,,,-155.0,,0.0
1781,合世,-0.47100000000000003,,,,,164.0,1.0,0.2
3379,彬台,1.27,5.071666667,1.4166666669999999,0.6166666670000001,,10.0,30.0,0.5
3229,晟鈦,-0.556,,,,,36.0,163.33333333333334,0.3
6291,沛亨,-1.6440000000000001,,,,,0.0,,0.0
2022,聚亨,-0.496,,,,,-1149.0,,0.0
2609,陽明,-1.4769999999999999,,,,,447.0,90.0,0.1
3041,揚智,0.48,6.296666667,1.9,,,-52.0,11.0,0.5555555555555556
8067,志旭,-0.866,,,,,3.0,,0.0
3523,迎輝,-2.7910000000000004,,,,,-2.0,,0.0
6117,迎廣,-0.31,1.98,0.275,,,12.0,46.14285714285714,0.7
4726,永昕,-1.4380000000000002,,,,,328.0,,0.0
3686,達能,-1.5490000000000002,,,,,-1.0,3.0,0.1
2349,錸德,-1.183,,,,,-14554.0,,0.0
3481,群創,-1.0759999999999998,3.248333333,0.335,,,196781.0,4.666666666666667,0.6
3682,亞太電,-0.251,,,,,3075.0,5.0,0.2
3465,進泰電子,-1.635,,,,,35.0,,0.0
5349,先豐,1.359,5.59625,1.72625,,,6532.0,103.57142857142857,0.7777777777777778
2911,麗嬰房,0.21,,,,,-924.0,33.0,0.4444444444444444
3176,基亞,-2.406,,,,,798.0,,0.0
3494,誠研,-0.534,,,,,8.0,3.5,0.4
8431,匯鑽科,-0.48100000000000004,,0.8440000000000001,,,-82.0,174.0,0.5
8097,常珵,-1.222,,,,,1.0,,0.0
5309,系統電,-0.619,,,,,-544.0,,0.0
2443,億麗,-1.13,,,,,37.0,,0.0
5364,力麗店,-0.41700000000000004,,,,,6.0,49.0,0.1111111111111111
2409,友達,-0.943,5.123333333,0.593333333,,,248081.0,63.0,0.7
3057,喬鼎,-0.507,,,,,-1168.0,25.4,0.5
4979,華星光,0.753,2.2166666669999997,0.918333333,0.9179999999999999,,-847.0,48.6,0.5555555555555556
6535,順藥,-2.373333333,,,,,0.0,,0.0
5227,立凱-KY,-2.336,,,,,,,0.0
6246,臺龍,-0.5579999999999999,,,,,6.0,,0.0
3707,漢磊,-1.898333333,,,,,-650.0,1.0,0.1
6240,松崗,-1.2690000000000001,,,,,1.0,,0.0
1512,瑞利,-0.951,,,,,0.0,4.5,0.2
9912,偉聯,0.387,,,,,33.0,39.0,0.125
3552,同致,4.955,2.52,3.0344444439999996,,,-189.0,17.125,0.8888888888888888
4154,康樂-KY,0.233,,,,,-144.0,200.0,0.4
4563,百德,1.9216666669999998,,,,,-181.0,18.0,0.3333333333333333
3085,新零售,-1.381,,,,,0.0,,0.0
6649,台生材,-2.0225,,,,,-5.0,,0.0
3576,聯合再生,-2.162,,,,,352.0,1.5,0.2222222222222222
4147,中裕,-1.589,,,,1.208,344.0,,0.0
5475,德宏,-1.07,,,,,0.0,33.0,0.1
3046,建碁,-1.6059999999999999,,,,,62.0,1.0,0.1
1471,首利,-1.36,,,,,-1.0,,0.0
2204,中華,1.249,4.507,1.225,,,4009.0,206.2,1.0
1337,再生-KY,3.551,1.744285714,1.378333333,0.8685714290000001,,390.0,20.571428571428573,0.7
3591,艾笛森,-0.133,3.4542857139999996,1.627142857,,,-49.0,24.0,0.7777777777777778
4934,太極,-1.194,,,,,2387.0,17.5,0.4
6150,撼訊,-0.20600000000000002,,,,,-358.0,367.25,0.4444444444444444
3664,安瑞-KY,-0.45,,,,,-7.0,1.0,0.1
6244,茂迪,-2.066,,,,,-1183.0,2.0,0.2222222222222222
1799,易威,-2.965,,,,,-242.0,880.0,0.1
3518,柏騰,-1.4509999999999998,4.23625,1.68125,,,-4.0,206.0,0.8
1506,正道,-0.654,,,,,-38.0,,0.0
3522,御頂,-0.256,4.406666667,0.583333333,,,-5.0,221.0,0.6
5481,新華,-1.195,,,,,-126.0,2.0,0.1
6542,隆中,-0.095,,,,,-8.0,106.0,0.3333333333333333
2342,茂矽,-1.865,,,,,-2535.0,1.0,0.1
2924,東凌-KY,1.1059999999999999,2.837142857,1.878571429,,,0.0,42.8,0.625
3593,力銘,-1.537,,,,,-18.0,589.0,0.1111111111111111
1538,正峰新,-1.558,,,,,0.0,,0.0
4141,龍燈-KY,1.605,,,,,-12.0,4.0,0.4444444444444444
3060,銘異,2.153,4.903333333,2.7433333330000003,,,288.0,14.375,0.8888888888888888
4523,永彰,-0.07200000000000001,1.1811111109999999,0.3,,,0.0,1.2222222222222223,0.9
1340,勝悅-KY,5.599,2.1183333330000003,1.45,,,-301.0,1.0,0.2
4712,南璋,-1.401,,,,,-1.0,9.0,0.2
3632,研勤,-0.49200000000000005,1.062,0.42200000000000004,,,24.0,57.0,0.5
2705,六福,-0.7040000000000001,,,,,-218.0,13.5,0.2
3018,同開,-0.34,,,,,248.0,13.75,0.4
6235,華孚,-0.095,,,,,313.0,35.333333333333336,0.3
2243,宏旭-KY,0.661666667,,,,,-3.0,,0.0
1432,大魯閣,0.615,,,,,6.0,,0.0
1441,大東,-1.165,,,,,3.0,29.5,0.2222222222222222
5301,寶得利,-2.406,,,,,11.0,152.0,0.2
3073,凱柏實業,-2.64,,,,,0.0,1.0,0.1
4168,醣聯,-1.1966666670000001,,,,,-1706.0,2.5,0.2
4416,三圓,5.026,4.453,4.28,,0.12714285714285714,0.0,16.77777777777778,1.0
3383,新世紀,-1.999,,,,,-47.0,,0.0
3536,誠創,-2.141,,,,,0.0,,0.0
6425,易發,0.925,6.666666667,2.3657142859999998,,,-27.0,99.8,0.625
1258,其祥-KY,1.068,3.8885714289999997,1.17,,,8.0,58.85714285714285,0.7
2434,統懋,-1.484,,,,,0.0,,0.0
3508,位速,-1.168,,,,,462.0,361.0,0.3
5468,凱鈺,-1.645,,,,,0.0,,0.0
2448,晶電,-0.32,2.605,1.533333333,,,-6317.0,23.5,0.8
5310,天剛,-0.043,,,2.0,,-20.0,1.0,0.1
1592,英瑞-KY,1.211428571,4.476,1.44,,,-540.0,22.0,0.3333333333333333
4198,環瑞醫,-3.6442857139999996,,,,,0.0,,0.0
2424,隴華,-0.366,,,,,4.0,,0.0
3205,佰研,0.617,,,,,-16.0,8.666666666666666,0.3
5383,金利,-0.978,,,,,42.0,23.0,0.5
8084,巨虹,-0.8,,,,,122.0,,0.0
3064,泰偉,-1.921,,,,,0.0,1.0,0.1
6461,益得,-2.5,,,,,-26.0,,0.0
4807,日成-KY,1.305714286,,,,,-7.0,128.33333333333334,0.3
6446,藥華藥,-3.78875,,,,1.1720000000000002,314.0,,0.0
8476,台境,-0.546666667,,,,,-109.0,1.0,0.1111111111111111
6404,通訊-KY,0.10111111099999999,,,,,0.0,10.0,0.2222222222222222
2208,台船,-0.996,4.517142857,0.8857142859999999,,,426.0,642.0,0.7
6419,京晨科,0.881111111,,,,,-7.0,1.0,0.2
1418,東華,-2.206,,,,,0.0,,0.0
4944,兆遠,-2.582,,,,,0.0,4.0,0.2
2429,銘旺科,-1.4269999999999998,,,,,-150.0,,0.0
6499,益安,-3.91875,,,,,-10.0,,0.0
6547,高端疫苗,-3.027142857,,,,0.2075,-1440.0,,0.0
8444,綠河-KY,-0.22111111100000003,2.29,2.042857143,,,-15.0,1.4285714285714286,0.7
3321,同泰,-0.484285714,,,,,-82.0,,0.0
3234,光環,0.244,3.52375,1.57625,,,1888.0,17.25,0.8
3189,景碩,3.695,3.846,2.83,,,13013.0,9.2,1.0
4192,杏國,-3.51875,,,,,32.0,,0.0
3607,谷崧,0.8959999999999999,6.97,2.8280000000000003,,,105.0,112.85714285714286,1.0
4429,聚紡,0.066,4.13,1.3625,,,3.0,58.85714285714285,0.7777777777777778
6576,逸達,-4.664285714,,,,,-247.0,,0.0
6492,生華科,-3.9385714289999996,,,,0.5980000000000001,793.0,,0.0
6531,愛普,2.82,,3.745,,1.7100000000000002,846.0,130.8,0.5
6589,台康生技,-2.963333333,,,,,-156.0,,0.0
5345,天揚,-1.538,,,,,0.0,4.0,0.1
4806,昇華,-2.082857143,,,,,0.0,3.6666666666666665,0.3
2719,燦星旅,-1.052,3.634,0.872,,,1.0,52.5,0.4
4529,淳紳,-2.727,,,,,35.0,2.0,0.1
3615,安可,0.018000000000000002,1.942,0.92,,,14.0,9.857142857142858,0.875
3498,陽程,0.37799999999999995,2.8816666669999997,1.763333333,,,-10.0,30.285714285714285,0.7
4725,信昌化,-0.748,,,,,-645.0,3.333333333333333,0.3333333333333333
4946,辣椒,-3.287,,,,,38.0,78.2,0.5
4174,浩鼎,-5.183333333,,,,1.1983333333333337,-542.0,,0.0
4950,牧東,-1.541,,,,,5.0,15.75,0.4
2740,天蔥,-0.91,,,,,0.0,1.0,0.1111111111111111
6497,亞獅康-KY,-7.707999999999999,,,,,0.0,,0.0
6541,泰福-KY,-6.745714286,,,,,484.0,,0.0
2498,宏達電,6.718,,,,,-3185.0,1.6,0.5555555555555556
4152,台微體,-10.845999999999998,,,,0.81,-17.0,,0.0
2201,裕隆,-1.8530000000000002,2.167,0.72,,,48505.0,9.5,1.0
