代號,名稱,EPS,DividendYield,CashDividend,StockDividend,beta值,三大法人買賣超,十年填權息平均天數,十年填權息成功率
3008,大立光,2,1000,1,145,18,837,1279,1
6669,緯穎,14,1053,1081,145,166,1579,344,1379
4966,譜瑞-KY,6,999,42,145,90,1594,1122,705
6488,環球晶,19,525,14,145,55,1574,818,1043
3293,鈊象,34,343,24,145,190,323,394,1
6409,旭隼,16,806,5,145,260,344,1181,829
6415,矽力-KY,31,1047,99,145,123,279,618,943
1565,精華,4,716,2,145,199,1402,1293,1
3406,玉晶光,142,1053,1081,145,4,48,1488,1043
5274,信驊,26,966,17,145,167,1517,801,705
2227,裕日車,9,142,3,145,195,398,438,624
8299,群聯,8,586,10,145,68,1650,583,1
2207,和泰車,13,801,12,145,26,141,976,1
6121,新普,28,537,32,145,178,155,23,1
3533,嘉澤,36,619,78,145,106,1529,1000,1
3563,牧德,84,447,52,145,31,1530,314,1
5904,寶雅,50,783,33,123,259,1409,1078,1
5536,聖暉,22,90,19,145,222,1460,80,1
6510,精測,15,1053,48,145,67,1516,1365,1043
4137,麗豐-KY,39,708,25,145,143,1488,304,1009
3611,鼎翰,23,477,22,145,138,1186,686,1
8070,長華,45,182,37,145,184,1219,161,1
8436,大江,100,1042,454,6,89,1532,777,807
6670,復盛應用,33,1053,1081,145,208,196,662,1379
2915,潤泰全,20,581,235,145,294,1693,328,1
2059,川湖,17,932,35,145,269,358,898,1
2327,國巨,122,547,8,145,12,1684,1265,774
2357,華碩,5,273,4,145,237,1491,827,1
1256,鮮活果汁-KY,58,916,124,145,172,691,276,901
5269,祥碩,127,998,125,145,107,584,676,705
1476,儒鴻,42,900,40,98,86,94,1236,1
3665,貿聯-KY,66,468,80,145,66,113,519,624
2729,瓦城,30,624,16,145,219,1178,764,705
5278,尚凡,281,1053,1081,145,119,602,90,1162
8464,億豐,37,1053,1081,145,70,117,1461,1162
8437,大地-KY,46,879,71,145,226,1476,773,1112
2404,漢唐,130,34,116,145,170,1592,296,1
2454,聯發科,11,546,6,145,78,9,363,1
6613,朋億,35,1053,1081,145,221,646,1350,1354
2474,可成,7,793,31,145,92,1698,1319,1
1590,亞德客-KY,43,962,75,145,15,1615,889,553
5287,數字,25,467,9,145,248,584,905,1009
1264,德麥,29,450,11,145,282,1061,125,1043
4439,冠星-KY,18,1053,1081,145,42,650,1552,1552
2492,華新科,351,883,94,145,24,1681,386,943
4420,光明,322,341,607,145,294,1176,437,1
2379,瑞昱,111,497,95,145,71,510,810,1
2330,台積電,53,800,68,145,98,4,930,1
6414,樺漢,55,935,39,145,14,236,1261,829
3034,聯詠,61,277,38,145,137,72,722,1
8406,金可-KY,27,981,58,145,126,1518,1242,807
5289,宜鼎,76,594,134,42,114,1361,579,829
6176,瑞儀,64,192,65,145,145,1492,1063,1
6462,神盾,296,1053,1081,145,32,200,1066,1379
2439,美律,86,233,60,145,124,1593,904,1
1537,廣隆,65,194,47,145,263,1355,678,1
6803,崑鼎,44,331,18,145,273,1105,247,1
2929,淘帝-KY,40,592,93,145,294,1508,724,1158
3324,雙鴻,256,937,627,145,48,162,450,705
5871,中租-KY,125,711,263,145,63,37,486,705
4803,VHQ-KY,85,1053,1081,145,49,1183,1504,1245
3044,健鼎,92,487,154,145,95,1695,783,1
2548,華固,57,42,63,145,258,1641,131,1
1558,伸興,32,124,21,145,261,1315,541,1
3131,弘塑,24,259,20,145,50,1500,440,1
5534,長虹,52,32,54,145,233,1539,173,1
6569,醫揚,70,1053,55,145,270,1101,454,1245
8422,可寧衛,41,297,15,145,276,1316,512,677
5283,禾聯碩,133,558,200,145,211,364,918,829
3105,穩懋,195,870,322,145,33,40,885,553
2707,晶華,54,612,13,30,189,431,216,1
2395,研華,82,833,64,145,188,150,670,1
6666,羅麗芬-KY,148,1053,1081,145,149,1052,1552,1552
1439,中和,285,6,435,145,294,178,110,829
8016,矽創,137,425,141,145,38,1584,599,1
8446,華研,174,689,112,145,215,1386,469,931
4766,南寶,47,1053,1081,145,205,285,594,1379
2383,台光電,135,346,257,145,41,89,910,1
2912,統一超,51,783,23,145,274,1673,1064,1
1580,新麥,49,257,27,91,216,1536,266,1
6269,台郡,72,750,214,70,56,69,402,1
6456,GIS-KY,10,633,97,145,62,33,1343,1162
8454,富邦媒,95,807,44,145,285,241,866,943
4958,臻鼎-KY,120,717,224,145,28,83,1077,705
6643,M31,81,1053,1081,145,46,569,1253,1379
4438,廣越,67,1053,62,145,206,413,1291,1245
2732,六角,87,752,160,145,104,1450,464,901
1707,葡萄王,103,723,91,145,256,1525,848,1
4536,拓凱,110,687,101,145,140,1531,623,774
5288,豐祥-KY,97,549,121,145,198,266,1095,1112
5434,崇越,129,205,139,145,168,219,588,1
6452,康友-KY,38,921,28,145,111,1179,720,1112
8416,實威,93,316,72,145,217,609,447,624
6538,倉和,132,1053,236,145,84,1413,479,1162
3152,璟德,74,612,29,145,112,254,238,1
9945,潤泰新,83,382,304,145,294,49,1024,705
9941,裕融,136,382,118,145,156,322,385,1
4163,鐿鈦,141,829,161,145,207,523,434,774
8083,瑞穎,102,335,59,145,281,548,626,1
9921,巨大,75,855,72,145,124,42,1366,1
3708,上緯投控,198,1053,1081,145,94,144,1237,1282
2345,智邦,362,267,382,145,153,125,550,1
6294,智基,233,1053,1081,145,272,399,455,1454
8341,日友,160,874,266,145,250,353,1211,943
2308,台達電,101,718,79,145,165,14,562,1
6568,宏觀,69,1053,100,145,93,1293,1483,1162
8480,泰昇-KY,99,1053,1081,145,234,1204,285,1282
8081,致新,109,62,50,145,130,107,672,1
2428,興勤,158,438,288,145,110,334,907,1
1477,聚陽,88,338,41,145,209,27,326,1
2228,劍麟,115,741,133,145,85,225,561,829
3558,神準,62,292,51,145,97,414,859,1
3130,一零四,73,295,34,145,271,837,262,1
2458,義隆,345,407,311,145,153,92,853,1
9910,豐泰,172,650,156,74,128,133,566,1
2385,群光,131,228,117,137,249,65,76,1
3570,大塚,226,511,285,145,203,704,770,1
9914,美利達,91,804,109,145,156,50,834,1
2317,鴻海,78,860,282,29,141,1687,249,1
5903,全家,162,927,105,145,288,533,588,1
8499,鼎炫-KY,59,1053,1081,145,117,312,707,1461
6213,聯茂,284,270,356,145,113,82,118,1
6230,超眾,128,529,136,145,243,214,355,1
4190,佐登-KY,1716,649,149,145,64,1276,662,1162
4736,泰博,169,278,83,145,225,1550,116,1
6596,寬宏藝術,254,1053,1081,145,294,1204,493,1282
2231,為升,89,762,57,20,37,1351,188,1
4580,捷流閥業,139,1053,1081,145,187,338,1504,1482
5306,桂盟,227,951,299,145,218,112,1094,901
5299,杰力,455,694,515,145,16,1553,1400,829
6472,保瑞,490,1040,715,145,129,1387,1259,1043
8279,生展,220,1053,1081,145,164,988,1461,1162
3413,京鼎,217,798,97,145,2,153,571,1043
6683,雍智科技,112,1053,1081,145,10,286,1504,1379
6561,是方,156,1053,1081,145,278,187,606,1282
9802,鈺齊-KY,245,550,308,145,109,127,832,829
3548,兆利,273,678,445,145,294,1478,1111,1
5474,聰泰,293,457,219,145,152,469,380,705
8482,商億-KY,60,1053,1081,145,251,1233,1326,1482
6491,晶碩,306,1053,1081,145,103,158,1504,1379
8210,勤誠,238,174,255,145,120,1484,330,1
1582,信錦,178,40,96,145,212,1497,736,1
4551,智伸科,224,744,111,145,99,103,760,1043
9951,皇田,113,625,137,145,121,249,861,1
6239,力成,188,435,176,145,159,1689,78,1
3023,信邦,259,379,271,145,161,1454,856,1
4938,和碩,191,269,153,145,294,1700,721,774
6214,精誠,316,136,159,145,245,1447,391,1
3529,力旺,193,946,87,145,57,91,1091,1
6146,耕興,116,569,74,138,231,399,826,1
3376,新日興,161,611,170,145,102,1319,699,1
6504,南六,179,987,293,145,291,1348,954,705
1268,漢來美食,117,1053,1081,145,262,748,710,1245
3661,世芯-KY,402,1053,1081,145,28,145,1485,829
4119,旭富,267,636,238,145,230,444,415,1
8462,柏文,208,991,269,7,116,190,927,1112
5546,永固-KY,108,1053,1081,145,294,837,1552,1552
1515,力山,714,1053,1081,145,122,47,1192,1043
4430,耀億,475,680,583,145,294,1079,743,1
6278,台表科,243,697,479,61,44,1639,119,1
4126,太醫,190,746,245,145,268,1370,928,624
6274,台燿,378,626,503,145,76,85,1106,1
1788,杏昌,150,433,92,145,284,1134,193,1
8066,來思達,197,67,30,145,294,433,886,1112
3596,智易,239,628,371,145,95,1541,1058,1
6672,騰輝電子-KY,215,1053,1081,145,133,1504,1461,1379
4402,福大,1362,1053,1081,145,294,691,1552,1552
6641,基士德-KY,266,1053,1081,145,294,617,957,1482
6111,大宇資,1148,1053,1081,145,82,505,1552,1552
4572,駐龍,163,1053,1081,145,142,435,1184,1482
6192,巨路,181,421,225,145,294,452,88,1
4107,邦特,314,733,318,145,147,194,864,1
2752,豆府,21,1053,1081,145,229,691,1552,1552
3004,豐達科,332,1053,1081,145,294,1357,1342,829
3479,安勤,263,156,243,145,294,1353,337,1
2377,微星,337,333,286,145,168,28,1110,1
2348,海悅,1704,1053,1081,145,294,160,522,1282
5263,智崴,321,1019,230,145,175,1101,1041,943
3653,健策,303,686,248,145,23,419,873,1
4763,材料-KY,289,1053,1081,145,201,407,1144,1245
6486,互動,242,46,149,145,239,1171,668,1043
6411,晶焱,276,761,359,145,83,1538,775,829
6290,良維,421,301,408,145,294,1552,1000,1
5234,達興材料,271,339,256,145,163,373,163,829
5312,寶島科,184,576,193,145,294,725,592,1
6147,頎邦,280,479,321,145,294,1677,1048,553
3617,碩天,147,311,114,145,151,343,812,1
3227,原相,317,689,184,145,40,1610,1205,1
4953,緯軟,557,816,720,120,47,165,1263,943
6435,大中,287,302,158,145,21,597,1066,943
6451,訊芯-KY,56,726,110,145,3,301,672,1043
3526,凡甲,384,129,206,145,191,1629,218,1
8114,振樺電,104,286,56,118,186,1074,475,1
2373,震旦行,270,329,173,145,279,1231,390,1
3010,華立,196,204,241,145,294,1651,307,1
1232,大統益,214,270,119,145,257,521,290,1
3455,由田,522,584,342,145,294,347,1366,774
8466,美吉吉-KY,107,1053,1081,145,294,1140,593,1354
5469,瀚宇博,649,843,902,145,294,1656,100,705
6277,宏正,168,115,83,145,254,185,331,1
5604,中連貨,562,157,397,145,294,1126,166,1
2049,上銀,80,1015,203,127,17,81,93,1
8942,森鉅,261,514,211,145,294,1459,503,1
3541,西柏,236,369,197,145,176,1234,702,1
1773,勝一,241,185,190,145,210,328,208,1
1301,台塑,200,570,129,145,174,1682,913,1
6592,和潤企業,235,1053,1081,145,139,75,1461,1482
8924,大田,717,1053,1081,145,294,1458,25,1043
3088,艾訊,228,141,213,145,294,1432,567,1
1341,富林-KY,68,1053,1081,145,294,778,1111,1482
6464,台數科,118,623,66,145,292,713,979,1009
2114,鑫永銓,152,263,103,145,247,1173,806,1
3527,聚積,140,152,70,145,60,377,751,1
3211,順達,134,100,89,145,224,1421,171,1
1723,中碳,106,426,45,145,228,1590,611,1
1102,亞泥,477,400,459,130,294,1707,153,1
2397,友通,426,203,259,145,194,1169,422,1
2491,吉祥全,1277,1053,1081,145,294,778,1552,1552
3532,台勝科,710,958,391,145,146,1566,1280,705
5530,龍巖,272,757,303,145,294,1366,1149,553
9943,好樂迪,253,66,155,145,294,336,204,553
4912,聯德控股-KY,207,583,181,145,148,566,983,624
6125,廣運,1269,714,992,145,294,220,1295,624
1215,卜蜂,428,516,521,145,241,143,327,1
2239,英利-KY,63,1053,1081,145,294,198,1258,1245
2881,富邦金,248,667,455,145,294,15,421,1
8497,格威傳媒,155,1053,1081,145,294,633,878,1282
3679,新至陞,167,120,123,145,294,667,994,1
4557,永新-KY,187,179,106,145,294,837,310,1341
6577,勁豐,164,1053,122,145,255,477,523,1162
6664,群翊,219,1053,1081,145,294,1203,1078,1379
1730,花仙子,452,321,437,145,267,121,725,1
6223,旺矽,183,486,201,145,57,458,1208,624
3217,優群,586,77,543,145,171,1568,43,1
1777,生泰,320,777,336,145,264,333,981,1
9946,三發地產,473,1053,1081,145,294,1545,473,943
6552,易華電,504,1053,1081,145,294,238,1426,1162
6706,惠特,90,1053,1081,145,19,108,1426,1482
2723,美食-KY,98,1002,164,145,127,1433,940,624
6579,研揚,231,1053,1081,145,294,676,1242,1341
6206,飛捷,144,235,88,47,294,1496,395,1
6525,捷敏-KY,186,1053,1081,145,294,350,488,1341
4549,桓達,229,673,174,112,223,667,807,1009
6238,勝麗,273,1053,1081,145,35,837,698,1245
6690,安_資訊,525,1053,1081,145,100,1430,1461,1482
9938,百和,325,695,420,145,294,180,733,1
3388,崇越電,171,63,85,145,294,1059,105,1
6180,橘子,920,1053,1081,145,294,313,165,774
1339,昭輝,327,662,481,145,294,310,687,624
2233,宇隆,153,504,144,145,294,316,600,624
2640,大車隊,244,568,229,51,196,367,215,774
4571,鈞興-KY,209,1053,1081,145,294,691,1552,1552
2354,鴻準,126,895,378,77,294,1607,803,1
5225,東科-KY,319,265,268,145,294,1324,263,901
2597,潤弘,258,19,126,145,294,360,151,1
1259,安心,230,811,287,145,275,684,897,624
3026,禾伸堂,414,99,172,145,80,1560,82,1
6263,普萊德,344,122,237,145,294,638,609,1
6582,申豐,192,1053,1081,145,287,229,212,1162
8109,博大,249,236,179,145,236,552,304,1
8424,惠普,286,310,367,145,294,654,92,553
2939,凱羿-KY,48,1053,1081,145,265,58,1194,1379
5478,智冠,297,683,248,145,192,211,1006,1
3081,聯亞,79,952,49,145,88,1575,1413,1112
3515,華擎,146,35,46,145,176,116,391,1
2850,新產,339,151,497,145,294,1437,61,1
4974,亞泰,298,93,278,145,294,277,364,553
2926,誠品生活,114,536,43,145,240,938,427,901
9942,茂順,189,308,141,145,294,1481,845,1
6138,茂達,634,331,455,145,75,1408,1226,1
1326,台化,194,469,108,145,161,1690,141,1
6023,元大期,360,105,281,145,294,1160,98,1
6514,芮特-KY,484,1053,1081,145,294,584,239,1162
9917,中保科,279,509,161,145,277,1589,615,1
3546,宇峻,387,602,183,145,134,1490,467,624
8171,天宇,1172,1053,1081,145,294,1225,1490,1379
4915,致伸,331,589,466,145,294,1657,1263,553
4987,科誠,206,133,145,145,294,809,792,677
1338,廣華-KY,105,734,195,145,294,1312,1117,705
6279,胡連,123,333,86,145,132,174,789,1
2727,王品,77,720,26,145,294,179,1240,824
2882,國泰金,423,859,596,88,294,12,604,1
3213,茂訊,251,45,168,145,294,556,231,1
5511,德昌,313,411,633,145,294,1260,252,1
1521,大億,211,144,115,145,294,1079,189,1
3443,創意,283,872,189,145,54,430,524,1
2923,鼎固-KY,664,1013,1034,145,294,294,1455,829
9939,宏全,267,547,292,145,294,1619,1026,1
2456,奇力新,348,745,355,145,25,1683,1224,1
4175,杏一,355,712,297,145,266,735,132,931
3684,榮昌,430,293,417,145,294,1015,610,1
2643,捷迅,389,289,483,145,294,414,1109,1043
6224,聚鼎,225,149,139,145,294,197,232,1
4568,科際精密,166,1053,1081,145,294,938,1091,1379
4942,嘉彰,462,376,439,145,294,1511,342,1
5215,科嘉-KY,329,125,337,145,150,1251,186,705
8938,明安,644,460,470,145,294,1254,966,1
5203,訊連,180,164,76,145,179,1557,229,1
2066,世德,203,658,152,145,294,837,1194,774
3045,台灣大,199,321,67,145,286,1662,75,1
6412,群電,399,483,333,143,294,70,508,943
6173,信昌電,803,838,604,145,294,227,184,829
6271,同欣電,121,454,69,145,59,183,1029,1
2360,致茂,291,764,232,145,108,78,528,1
2905,三商,549,877,906,145,294,100,407,1
4994,傳奇,291,1050,814,1,294,1153,393,1158
8284,三竹,573,965,731,145,294,1440,26,943
4927,泰鼎-KY,318,238,385,145,202,74,30,705
8155,博智,395,226,276,145,74,1636,995,705
6281,全國電,247,143,128,145,294,493,124,1
1101,台泥,524,314,394,145,294,26,206,1
2496,卓越,827,1053,1081,145,231,1443,1448,1354
3501,維熹,232,87,184,145,294,504,233,1
4560,強信-KY,408,1053,1081,145,294,1394,1187,1282
6629,泰金-KY,3,1053,1081,145,294,748,1552,1552
9924,福興,438,223,409,145,294,1302,383,1
6210,慶生,257,41,217,145,294,1126,498,1
1437,勤益控,956,1053,1081,145,294,486,715,1162
3036,文曄,250,140,280,145,294,1653,552,1
5493,三聯,435,127,433,145,294,638,144,1
2524,京城,491,1053,1081,145,294,1346,898,1043
6292,迅德,437,27,316,145,294,1183,214,1
6416,瑞祺電通,246,849,188,145,135,139,1181,829
1736,喬山,366,993,713,24,294,53,362,1
2065,世豐,221,1053,376,145,294,1284,228,943
6523,達爾膚,143,1053,148,145,294,380,1425,1112
6527,明達醫,531,944,726,145,294,1225,1421,1043
2433,互盛電,323,53,216,145,294,392,369,1
2412,中華電,210,406,82,145,289,55,120,1
4977,眾達-KY,269,495,132,104,61,206,642,829
1726,永記,204,410,184,145,294,1079,815,1
5388,中磊,275,529,262,145,197,1526,892,1
6186,新潤,539,12,393,145,294,1354,154,829
2459,敦吉,363,114,344,145,294,1436,462,1
2480,敦陽科,555,102,361,145,294,192,334,1
4735,豪展,825,701,505,145,243,177,162,829
6141,柏承,1069,675,950,145,294,157,1159,1
8442,威宏-KY,460,1053,1081,145,294,1147,1030,1379
3226,至寶電,826,1053,1081,145,294,765,868,1245
6245,立端,434,857,606,73,294,1271,1134,1
3265,台星科,416,359,547,145,294,1337,942,1
1527,鑽全,358,224,253,145,294,223,234,677
3491,昇達科,387,419,221,145,131,1166,679,1
6114,久威,577,1053,1081,145,294,684,1157,1162
2382,廣達,240,220,147,145,200,6,584,1
4995,晶達,561,237,422,145,294,965,194,553
8433,弘帆,236,287,171,145,294,1028,657,774
8255,朋程,138,430,80,145,192,1222,403,1
2392,正崴,369,503,357,145,294,1510,894,1
8916,光隆,472,284,351,145,294,1251,955,1
2347,聯強,373,360,334,145,294,22,256,1
8213,志超,295,202,381,145,294,1514,205,1
3310,佳穎,1152,725,679,145,294,965,225,901
6679,鈺太,587,1053,1081,145,77,367,1504,1379
9911,櫻花,595,428,589,145,294,1286,990,1
6202,盛群,385,104,191,145,294,1611,784,1
6574,霈方,151,1053,1081,145,294,837,1030,1455
2301,光寶科,404,161,298,143,294,43,310,1
3092,鴻碩,651,212,339,145,294,1230,271,624
3583,辛耘,526,850,467,145,294,352,1391,829
4104,佳醫,431,600,349,145,294,207,286,1
4916,事欣科,264,370,347,145,294,560,901,624
1240,茂生農經,290,1053,1081,145,294,1015,1306,1282
2451,創見,145,72,53,145,283,1583,491,1
9904,寶成,377,622,570,145,294,1696,1105,1
3030,德律,302,109,220,145,294,1573,533,1
3711,日月光投控,252,1053,1081,145,294,1679,297,1379
5403,中菲,501,59,373,145,294,371,150,1
1525,江申,205,897,478,145,294,1364,671,1
3587,閎康,304,462,222,145,79,1325,639,553
6221,晉泰,638,465,703,145,294,404,398,553
1702,南僑,398,647,398,145,294,1311,1376,677
6616,特昇-KY,600,1053,1081,145,294,809,843,1379
5522,遠雄,157,17,134,145,294,1663,919,1
6605,帝寶,154,724,217,145,294,1182,573,1
5483,中美晶,780,790,405,145,36,1697,207,553
6505,台塑化,307,763,175,145,181,39,817,1
3702,大聯大,375,166,329,145,294,1648,666,1
4506,崇友,562,413,533,145,294,1110,647,1
1560,中砂,333,447,246,145,294,1290,142,1
2726,雅茗-KY,451,620,324,145,294,1126,682,1043
2546,根基,613,21,469,145,294,336,17,1
2928,紅馬-KY,508,1053,1081,145,294,1479,1274,1282
4745,合富-KY,364,890,502,145,294,1136,1232,677
6196,帆宣,564,375,520,145,38,1569,854,1
1227,佳格,334,909,400,11,294,1633,259,1
6285,啟_,213,545,208,122,294,1426,291,1
4138,曜亞,300,336,169,145,294,483,399,1
1593,祺驊,502,191,313,145,294,654,336,553
3551,世禾,346,510,423,145,294,325,443,1
8271,宇瞻,450,118,433,145,294,1197,357,1
6123,上奇,503,134,340,145,294,526,1140,1
6203,海韻電,412,70,284,145,294,218,335,1
3005,神基,644,313,534,145,294,1685,786,1
1315,達新,744,665,698,145,294,263,785,1
4105,東洋,354,902,311,10,214,1395,295,1
4417,金洲,443,670,668,94,294,1234,525,1
6177,達麗,369,2,261,26,294,109,315,829
4755,三福化,505,738,580,145,294,441,379,901
5347,世界,560,615,430,145,182,54,706,1
6581,鋼聯,278,1053,1081,145,294,613,1379,1354
5223,安力-KY,521,1053,1081,145,294,516,914,1379
6716,應廣,312,1053,1081,145,294,765,484,1482
8150,南茂,532,513,666,145,294,1686,476,829
4205,中華食,529,630,426,145,280,623,101,1
9958,世紀鋼,939,939,1028,145,246,299,411,553
2488,漢平,552,84,495,145,294,748,381,1
5876,上海商銀,463,488,509,145,294,29,210,1043
8435,鉅邁,365,180,234,145,294,1392,308,705
2464,盟立,566,350,473,145,294,1333,493,1
6591,動力-KY,165,1053,1081,145,294,1472,943,1282
4754,國碳科,588,731,551,145,294,938,1242,901
8481,政伸,367,1053,1081,145,294,456,146,1162
3019,亞光,1535,1053,1081,145,294,1612,1497,1282
8112,至上,640,71,549,145,294,1706,608,1
6024,群益期,441,395,458,145,294,704,359,1
6698,旭暉應材,694,1053,1081,145,294,1147,1504,1482
6184,大豐電,464,554,370,145,294,474,514,1
2637,慧洋-KY,335,429,482,52,294,166,318,1
3014,聯陽,1047,173,380,145,294,305,846,553
3338,泰碩,675,415,590,145,155,1609,1015,705
6470,宇智,324,116,226,145,294,1153,931,1112
2015,豐興,380,243,238,145,294,1420,596,1
1319,東陽,506,912,683,145,294,1336,963,1
2063,世鎧,583,502,553,145,294,765,938,1
3147,大綜,642,517,888,18,294,1126,534,943
5432,達威,908,1053,1081,145,294,837,1504,1482
1216,統一,466,794,406,65,241,1668,368,1
2472,立隆電,541,412,490,145,294,148,1136,624
3416,融程電,350,231,203,86,294,340,445,1
2441,超豐,432,183,353,145,294,1598,273,1
3090,日電貿,516,167,377,16,294,176,13,1
2816,旺旺保,779,1053,1081,145,294,429,1111,1245
3511,矽瑪,1238,25,392,145,294,392,1082,1009
8091,翔名,202,105,104,145,294,713,603,1
8928,鉅明,837,161,449,145,294,511,289,943
3556,禾瑞亞,301,137,149,108,294,1467,350,1
4566,時碩工業,551,1053,1081,145,294,410,548,1282
4943,康控-KY,476,936,418,23,7,1503,659,705
9930,中聯資源,400,318,258,145,294,403,323,1
6257,矽格,510,112,444,145,294,1621,203,1
3557,嘉威,1615,1053,1081,145,180,262,1,1482
3680,家登,794,1048,1008,145,53,147,905,1
6469,大樹,336,996,539,27,235,1342,251,1112
5706,鳳凰,425,398,348,145,294,1177,255,1
6242,立康,1212,1053,1081,145,294,809,1111,1341
2408,南亞科,392,317,182,145,294,1702,1259,1043
2539,櫻花建,449,942,910,12,294,1187,324,1
4552,力達-KY,94,1053,1081,145,294,181,1306,1455
1503,士電,581,802,635,145,294,390,1154,1
2313,華通,745,754,867,145,294,104,1413,705
8163,達方,808,422,596,145,294,1638,1150,1
1465,偉全,807,214,821,145,294,501,301,1
2823,中壽,572,994,957,37,294,406,476,774
5609,中菲行,713,344,707,145,294,384,280,1
1541,錩泰,765,463,364,145,294,501,83,1009
2420,新巨,445,65,325,145,294,1400,509,1
3454,晶睿,159,601,120,124,158,459,371,1
5209,新鼎,305,128,178,145,294,469,371,1
1323,永裕,507,476,615,145,294,495,1069,1
3317,尼克森,1101,1053,1081,145,294,1378,1448,1162
8048,德勝,687,566,663,145,294,1218,650,1
6624,萬年清,705,1053,1081,145,294,938,1343,1354
6680,鑫創電子,353,1053,1081,145,294,1069,1366,1461
3206,志豐,728,531,779,129,294,1240,564,1
2731,雄獅,281,614,187,145,118,1412,758,901
3218,大學光,934,700,700,145,81,1469,971,829
4968,立積,975,1053,1081,145,8,287,1179,1162
6261,久元,223,82,127,140,294,62,453,1
3483,力致,992,920,856,145,294,1442,1058,1
6671,三能-KY,234,1053,1081,145,294,1179,1552,1552
5455,昇益,1623,1053,1081,145,294,938,1552,1552
5907,大洋-KY,397,489,473,145,294,465,1095,829
2235,謚源,352,671,226,145,294,809,903,774
4581,光隆精密-KY,410,1053,1081,145,294,446,1552,1552
1434,福懋,662,533,585,145,294,16,482,1
3537,堡達,669,246,559,145,294,216,227,1
3691,碩禾,12,579,7,145,51,347,226,677
4528,江興鍛,486,809,641,112,294,1120,839,1
6115,鎰勝,359,26,167,145,294,735,130,1
2376,技嘉,415,58,273,145,294,1630,134,1
8342,益張,482,1053,275,145,294,778,365,1354
4991,環宇-KY,471,1046,911,145,294,1197,805,829
5607,遠雄港,897,1053,1081,145,294,1282,1504,1379
5878,台名,393,230,277,145,294,1003,268,1009
6715,嘉基,1184,1053,1081,145,30,161,1504,1482
6143,振曜,299,139,194,145,294,1282,771,1
3630,新鉅科,1580,1053,1081,145,294,235,19,1162
6640,均華,357,1053,1081,145,294,1028,1295,1379
8039,台虹,372,387,365,145,294,1596,192,1
6570,維田,631,1053,1081,145,294,837,908,1162
1231,聯華食,520,748,659,145,294,1256,44,1
2809,京城銀,405,534,613,145,294,46,299,829
8917,欣泰,710,875,602,145,294,965,788,1
5243,乙盛-KY,578,437,484,145,294,1567,348,943
6615,慧智,540,1053,1081,145,294,809,1486,1282
8489,三貝德,527,1053,1081,145,294,1265,386,1245
1210,大成,580,616,655,145,294,258,103,1
4721,美琪瑪,681,556,535,145,294,1273,738,1
1303,南亞,310,535,210,145,294,19,1038,1
2108,南帝,729,557,740,80,294,154,48,1
2608,嘉里大榮,633,820,651,145,294,119,1057,1
6248,沛波,1457,1053,1081,145,294,938,697,1282
6282,康舒,735,282,623,145,294,1456,1194,1
4120,友華,373,923,538,145,294,1302,1130,1
3029,零壹,815,508,801,145,294,71,933,1
8131,福懋科,614,130,495,145,294,1421,87,1
2527,宏璟,774,528,829,145,294,566,764,1
2375,凱美,991,1053,1081,145,294,163,408,1245
4164,承業醫,523,742,374,145,294,296,755,705
1109,信大,1034,842,1009,145,294,1483,245,1
3022,威強電,325,285,328,145,294,1116,511,1
2115,六暉-KY,494,853,622,145,294,1071,1090,1009
3705,永信,616,565,412,145,294,98,539,624
2367,燿華,1069,1053,1081,145,294,1699,613,829
2748,雲品,474,1053,1081,145,294,457,1041,1162
4550,長佳,565,195,613,145,294,1239,95,943
4564,元翎,726,1053,1081,145,294,1362,776,1282
2455,全新,617,656,414,145,42,1645,79,1
5490,同亨,459,219,315,145,294,1316,433,1
4999,鑫禾,173,247,247,145,294,564,576,677
6426,統新,492,950,640,145,6,1535,1061,943
6590,普鴻,667,1053,1081,145,294,691,1461,1282
3528,安馳,442,184,375,87,294,765,138,1
5007,三星,420,591,341,145,294,1284,726,1
5538,東明-KY,576,132,395,145,294,1087,836,943
6128,上福,424,73,332,145,294,404,66,1
1795,美時,1504,1053,1081,145,68,77,1276,1379
8069,元太,723,1053,1081,145,294,32,997,943
2206,三陽工業,962,1053,1081,145,294,233,747,901
2421,建準,690,272,537,145,294,45,714,1
3003,健和興,569,934,771,145,294,226,546,1
3017,奇鋐,659,727,763,145,294,1674,1211,1
2351,順德,479,559,453,145,294,1405,729,1
4972,湯石照明,509,222,452,116,294,837,386,677
5487,通泰,772,110,531,145,294,1090,172,1
6201,亞弘電,609,52,363,145,294,617,33,1
3444,利機,781,449,744,145,294,1224,27,1
4904,遠傳,439,388,177,145,294,1676,517,1
1201,味全,1050,1005,920,145,294,369,1302,1043
6508,惠光,621,480,620,136,294,270,554,1
8467,波力-KY,478,590,424,145,294,725,1426,1162
2542,興富發,124,15,113,145,294,52,284,1
3706,神達,605,506,608,145,294,1701,325,943
5371,中光電,428,13,226,145,294,1664,223,624
6494,九齊,468,91,295,145,294,1290,850,1112
4935,茂林-KY,382,688,431,145,73,1613,701,705
6532,瑞耘,691,1053,642,145,27,1385,1298,1043
3169,亞信,688,244,438,145,294,1308,275,1
6189,豐藝,513,20,319,145,294,310,29,1
3402,漢科,755,119,464,145,294,1378,57,553
2520,冠德,618,434,726,145,294,31,772,1
3521,鴻翊,1436,1053,1081,145,294,1096,1552,1552
5439,高技,591,49,414,145,294,115,69,1
6112,聚碩,571,199,479,39,294,1559,174,1
4722,國精化,568,373,561,145,294,317,400,1
6697,東捷資訊,592,1053,1081,145,294,1113,1211,1482
8455,大拓-KY,667,1053,1081,145,294,938,1461,1162
1536,和大,494,957,307,145,182,128,1249,829
2316,楠梓電,547,1053,1081,145,294,1451,185,1043
3605,宏致,538,644,545,145,294,175,1175,1
6556,勝品,343,1053,1081,145,294,938,1190,1162
3114,好德,964,705,916,145,294,1243,1040,1
8086,宏捷科,655,693,326,145,19,132,874,829
4764,雙鍵,177,1053,1081,145,204,1093,1284,1354
4919,新唐,548,253,402,145,294,272,1108,1
5206,坤悅,911,1053,1081,145,294,528,1027,1162
8420,明揚,912,773,863,145,294,765,677,829
1229,聯華,637,346,649,72,294,1672,128,1
4931,新盛力,1573,1053,1081,145,294,1439,1359,1162
8028,昇陽半導體,542,541,573,145,294,1500,1008,1043
8383,千附,543,519,513,145,294,356,893,1
3032,偉訓,753,250,514,145,294,483,200,553
2449,京元電子,738,188,619,145,294,1713,406,553
3078,僑威,689,493,704,145,294,137,1151,1
1817,凱撒衛,534,417,449,145,294,1163,1089,807
5212,凌網,1087,820,837,145,294,623,1100,705
2221,大甲,819,524,739,145,294,765,513,774
5285,界霖,598,668,425,145,294,1249,731,829
1436,華友聯,769,1053,1081,145,294,1167,764,1112
9927,泰銘,448,94,346,145,294,1140,373,1
6122,擎邦,1031,1053,1081,145,294,1309,7,1341
1583,程泰,311,751,413,145,294,938,684,1
3580,友威科,1546,1053,1081,145,294,1187,797,1162
5519,隆大,470,617,841,5,294,203,321,1
6612,奈米醫材,988,1053,1081,145,136,1260,1504,1379
6182,合晶,1430,1053,1081,145,294,269,1336,1162
3231,緯創,544,208,460,115,294,7,859,1
6197,佳必琪,844,315,523,145,294,239,1167,705
9937,全國,611,274,402,145,294,501,123,1
5015,華祺,665,36,416,145,294,794,531,1
8088,品安,841,385,712,145,294,135,1339,774
3264,欣銓,606,260,592,139,294,36,779,1
6432,今展科,590,450,628,145,294,1208,396,943
8410,森田,483,442,504,145,294,250,803,1
1785,光洋科,930,580,596,145,294,164,1237,1245
4305,世坤,619,158,446,145,294,809,429,1
8107,大億金茂,1156,1053,1081,145,294,1231,352,1245
6231,系微,530,775,314,145,87,1410,1142,1
5284,jpp-KY,328,514,279,145,294,725,997,1241
1507,永大,401,634,352,145,294,1534,667,1
2478,大毅,903,956,895,102,34,1551,39,1
3675,德微,820,1053,1081,145,294,351,104,829
6208,日揚,847,389,825,145,294,1406,548,553
2867,三商壽,783,1053,1081,44,294,41,1326,1482
3531,先益,752,150,611,145,294,748,237,1
5425,台半,594,402,476,145,294,202,744,1
1312,國喬,673,638,843,145,294,1678,1049,553
2535,達欣工,550,29,506,145,294,1546,94,1
4426,利勤,454,1038,1006,19,294,1376,851,1
3056,總太,407,37,516,145,294,129,109,705
6195,詩肯,265,83,141,145,294,1028,704,703
6655,科定,528,1053,1081,145,294,1105,1504,1461
8473,山林水,461,1053,215,145,294,638,841,1112
3037,欣興,784,776,775,145,294,1647,191,1
8049,晶采,1061,229,756,145,294,326,353,1009
1522,堤維西,843,398,559,145,294,435,222,829
2601,益航,1201,1053,1081,145,294,1576,1503,943
8908,欣雄,754,974,855,36,294,809,106,943
2937,集雅社,824,1053,1081,145,294,691,1379,1162
3167,大量,440,130,345,145,294,537,213,1
5356,協益,182,14,163,145,294,1212,431,1
6104,創惟,950,103,267,145,294,228,963,1043
6108,競國,671,38,529,145,294,1447,97,677
8432,東生華,480,782,354,145,294,691,446,553
3303,岱稜,1131,307,722,145,294,550,242,705
3426,台興,403,1053,389,145,294,988,1461,1341
3484,崧騰,581,337,521,145,294,1278,822,1
6139,亞翔,589,206,501,145,294,417,219,1
6477,安集,850,978,990,145,294,1220,1003,1043
2338,光罩,1203,351,949,145,294,1658,51,705
5457,宣德,1252,1053,1081,145,22,134,1504,1482
6417,韋僑,751,964,815,145,294,938,1424,829
6662,樂斯科,593,1053,1081,145,294,651,1144,1379
1615,大山,979,352,876,145,294,1151,77,1
1752,南光,906,947,812,145,294,326,321,553
3042,晶技,444,227,335,145,294,1680,808,1
2509,全坤建,623,176,618,145,294,1216,235,1
2891,中信金,732,698,850,56,294,1705,1035,1
8103,瀚荃,406,209,387,145,294,414,782,1
8349,_耀,376,520,199,145,294,1414,562,677
1402,遠東新,692,587,611,132,294,18,59,1
1597,直得,606,1032,890,145,11,123,1306,624
2423,固緯,762,645,810,71,294,1042,597,1
2636,台驊投控,680,444,676,90,294,1374,382,1
4747,強生,597,768,603,31,294,454,452,1
2616,山隆,584,169,528,145,294,259,294,1
4527,方土霖,663,363,595,145,294,1225,339,1
1808,潤隆,347,9,166,145,294,434,122,1
2886,兆豐金,697,378,655,145,294,234,555,1
9925,新保,574,366,436,145,294,1384,675,1
2477,美隆電,886,1053,1081,145,294,558,560,705
6642,富致,684,1053,1081,145,294,1042,416,1379
8050,廣積,379,113,209,104,294,837,627,1
1234,黑松,512,606,594,145,294,1221,643,1
1720,生達,734,642,593,145,294,95,694,1
1722,台肥,603,661,367,145,294,60,520,1
3093,港建,499,171,327,145,294,965,1049,1
1760,寶齡富錦,1154,1023,732,145,173,1600,471,1043
8240,華宏,793,456,487,145,294,584,1233,705
1786,科妍,1075,1053,1081,145,294,383,1426,1162
2467,志聖,800,22,530,145,294,1549,84,553
1904,正隆,885,610,919,145,294,23,601,1
6161,捷波,1084,382,860,145,294,452,35,553
1595,川寶,176,211,202,145,294,965,1034,624
3163,波若威,635,1053,1081,145,294,267,1054,943
1533,車王電,835,1025,969,145,294,1194,1015,553
1598,岱宇,698,817,638,145,294,152,774,829
1626,艾美特-KY,1012,1053,1081,145,294,478,1268,1245
4744,皇將,1245,1053,1081,145,294,371,1217,1112
4952,凌通,535,55,290,145,294,566,552,553
5520,力泰,740,217,516,145,294,809,155,1
2743,山富,701,1053,1081,145,294,1028,201,1341
3260,威剛,391,254,244,145,294,257,281,553
3272,東碩,409,822,475,145,294,511,937,901
5291,邑昇,805,1053,1081,145,294,1169,1355,1162
6166,凌華,545,774,511,145,294,221,495,1
5471,松翰,515,80,251,145,294,1571,606,1
9926,新海,718,785,624,84,294,594,502,1
1103,嘉泥,1101,760,967,145,294,324,34,553
3530,晶相光,1091,1053,1081,145,13,597,1497,1282
6191,精成科,1082,1053,1081,145,294,1628,164,943
1604,聲寶,971,349,853,145,294,140,587,553
2493,揚博,554,11,350,145,294,240,332,553
4171,瑞基,1428,1053,1081,145,253,794,1552,1552
5220,萬達光電,558,44,362,145,294,184,272,1043
5508,永信建,222,3,102,145,294,965,543,1
5514,三豐,798,1053,1081,145,294,778,113,1009
6234,高僑,1205,910,983,145,294,1298,451,705
1717,長興,678,525,621,145,294,1623,261,1
2328,廣宇,1008,924,946,145,294,1565,1410,624
2634,漢翔,712,824,687,145,294,497,965,1043
1599,宏佳騰,411,551,379,145,294,837,757,824
2020,美亞,1076,1053,1081,145,294,1519,696,774
2904,匯僑,627,24,407,145,294,531,400,1
6183,關貿,830,603,686,145,294,1423,960,1
5489,彩富,435,279,309,145,294,1144,503,1
1611,中電,1254,1053,1081,145,294,1602,527,1009
2832,台產,652,364,695,145,294,1349,441,1
5410,國眾,854,86,782,145,294,340,514,553
8040,九暘,1443,1053,1081,145,294,254,1504,1482
2852,第一保,760,159,770,145,294,450,254,698
1203,味王,922,772,834,145,294,558,410,1
2606,裕民,625,251,317,145,294,87,946,1
4767,誠泰科技,749,1053,1081,145,294,809,1123,1461
4961,天鈺,778,922,807,145,294,369,1084,705
6457,紘康,722,210,468,145,238,283,309,943
8367,建新國際,746,1053,857,145,294,511,1405,1282
5016,松和,511,186,446,145,294,609,158,1
8403,盛弘,696,990,854,81,294,1631,644,1
4971,IET-KY,413,988,557,145,294,386,1413,943
8941,關中,685,168,198,145,294,837,1426,1338
2534,宏盛,864,408,761,145,294,297,202,624
9931,欣高,742,627,664,145,294,938,727,1
6558,興能高,791,1053,1081,145,294,1341,1403,1162
1608,華榮,1118,1053,1081,145,294,244,135,1112
2514,龍邦,936,1010,1052,145,294,465,985,553
2851,中再保,828,355,815,145,294,1144,52,624
2359,所羅門,982,280,736,145,294,1304,819,943
2393,億光,417,215,238,145,294,1667,256,1
3332,幸康,458,178,294,145,294,809,397,1
6609,瀧澤科,604,494,660,145,294,1156,651,1
8926,台汽電,750,276,652,145,294,67,241,1
3323,加百裕,927,300,649,145,294,495,178,1
4737,華廣,610,648,288,145,294,1323,532,1
6188,廣明,660,88,409,145,294,118,73,1
8472,夠麻吉,427,1053,310,145,294,938,1060,1112
2436,偉詮電,1058,940,937,145,294,136,1361,553
4728,雙美,1144,1053,1081,145,185,1052,1460,943
2536,宏普,487,117,461,145,294,1605,419,1
2352,佳世達,997,367,788,145,294,1661,282,1009
3709,鑫聯大投控,873,1053,1081,145,294,667,236,1379
2414,精技,821,56,644,145,294,1646,107,1
3071,協禧,1160,1053,1081,145,294,1191,854,1162
3567,逸昌,869,153,696,145,294,1309,86,1
6216,居易,657,39,411,145,294,676,303,1
2476,鉅祥,721,252,643,145,294,1512,559,1
3006,晶豪科,761,643,587,145,294,1533,463,1
8996,高力,727,840,601,145,72,1288,1223,553
6266,泰詠,933,446,885,97,294,1371,292,624
2362,藍天,643,715,542,145,294,260,1174,1
2885,元大金,902,758,955,145,294,1715,423,553
3171,新洲,1158,1053,1081,145,294,451,582,1282
4401,東隆興,381,326,273,145,294,1274,1312,1
6668,中揚光,277,1053,1081,145,294,578,1366,1379
1104,環泥,730,552,798,145,294,357,877,1
1233,天仁,629,432,382,145,294,638,487,1
1737,臺鹽,944,765,776,145,294,537,837,1
2884,玉山金,831,983,1015,53,294,1714,157,1
3038,全台,1164,1053,1081,145,294,188,1413,1162
2855,統一證,929,1053,1081,145,294,1618,211,774
6548,長科*,260,1053,36,145,294,1474,1448,1162
4155,訊映,559,796,701,2,294,242,621,807
6560,欣普羅,759,1053,1081,145,294,988,1379,1354
9940,信義,496,481,443,13,294,273,936,1
6194,育富,1071,161,630,145,294,765,759,1
2471,資通,849,54,675,145,294,1471,490,624
2642,宅配通,715,913,823,145,294,1570,1221,829
4116,明基醫,809,891,818,145,294,778,1255,1
6227,茂綸,852,405,810,145,294,638,176,1
9908,大台北,846,598,748,145,294,506,711,1
1310,台苯,1035,1053,1081,145,294,1669,488,1009
2355,敬鵬,340,453,396,145,294,1599,867,1
3209,全科,622,466,687,48,294,1079,499,1
4908,前鼎,724,396,631,145,294,1240,1046,1
5525,順天,781,262,736,145,294,1183,140,1
6449,鈺邦,658,653,573,145,294,474,1178,1009
1504,東元,771,735,804,145,294,1692,1021,1
3048,益登,813,380,848,145,294,1424,115,1
2337,旺宏,1302,1053,1081,145,294,1712,56,1043
2612,中航,636,564,455,145,294,1237,1019,1
3450,聯鈞,149,475,131,145,294,96,424,1
4303,信立,556,1053,1081,145,294,661,1326,1341
3663,鑫科,1137,1053,1081,145,294,748,857,829
1464,得力,922,77,464,145,294,1280,461,624
2615,萬海,863,424,799,145,294,265,947,705
4139,馬光-KY,1140,1053,1081,15,294,1329,1552,1552
4542,科嶠,612,1053,1081,145,294,965,468,943
8234,新漢,695,770,774,28,294,479,269,1
1712,興農,861,266,808,145,294,1466,177,1
2012,春雨,1130,582,866,145,294,1201,1014,1009
2324,仁寶,682,147,561,145,294,30,517,1
2450,神腦,330,242,192,145,294,1052,754,1
5305,敦南,945,684,761,145,294,88,1250,553
1519,華城,1060,781,933,145,294,1452,988,1
6205,詮欣,670,306,586,145,294,264,538,1
8358,金居,1024,1053,1081,145,294,1499,31,1162
9905,大華,632,274,516,145,294,385,374,1
2006,東和鋼鐵,776,303,634,145,294,93,64,1
8390,金益鼎,992,914,895,132,294,1244,497,1
1225,福懋油,984,955,882,145,294,1173,809,553
1513,中興電,879,353,748,145,294,130,823,1
2892,第一金,860,748,883,100,294,76,170,1
6485,點序,383,1053,1081,145,294,684,733,1354
1589,永冠-KY,185,747,157,145,294,1434,956,829
2107,厚生,567,81,563,145,294,212,459,1
2356,英業達,817,172,658,145,294,8,253,1
9933,中鼎,518,248,306,145,294,1404,624,1
2034,允強,777,201,617,145,294,1407,884,1
8477,創業家,676,1053,637,25,294,395,1256,1162
6496,科懋,396,196,179,145,294,1074,981,1112
1762,中化生,758,848,645,145,294,1597,317,553
5443,均豪,1049,234,694,145,294,1358,912,705
2481,強茂,1244,1053,1081,145,294,68,1389,1043
4973,廣穎,536,57,427,145,294,1457,741,624
8032,光菱,516,232,511,145,294,938,356,1
9935,慶豐富,1501,1053,1081,145,294,1449,1504,1482
2027,大成鋼,1018,635,791,145,294,1652,709,624
1308,亞聚,719,868,868,145,294,279,571,1
3535,晶彩科,1418,1053,1081,145,294,205,2,1482
5321,友銓,1529,1053,1081,145,294,1079,1552,1552
9918,欣天然,841,743,687,145,294,578,749,1
1603,華電,877,1053,1081,145,294,1096,1230,1162
3118,進階,693,380,470,145,294,1189,298,1
6218,豪勉,763,154,591,145,294,1003,687,1
2340,光磊,948,362,845,145,294,1431,872,1
8249,菱光,767,123,596,145,294,1543,412,1
1514,亞力,1133,663,1001,145,294,1126,816,1
2617,台航,856,523,673,145,294,1350,620,624
3021,鴻名,1026,1053,1081,145,294,725,1095,1043
3188,鑫龍騰,1491,1053,1081,145,294,765,1426,1482
4905,台聯電,341,929,717,145,294,988,1135,553
8099,大世科,806,148,655,145,294,654,628,1
2483,百容,932,325,758,145,294,778,316,1
3305,昇貿,596,207,451,145,294,1143,731,1
8488,吉源-KY,433,1053,1081,145,294,1100,1413,1354
1570,力肯,1050,1053,1081,145,294,1028,695,1162
2101,南港,1002,1053,1081,145,294,1655,60,829
2633,台灣高鐵,892,1053,1081,145,294,13,1300,1245
4413,飛寶企業,1329,1053,1081,145,294,837,1552,1552
2916,滿心,857,160,692,145,294,809,70,1
3035,智原,756,609,486,145,294,1585,1147,1
3144,新揚科,790,563,773,145,294,528,640,829
4739,康普,653,810,554,145,294,1465,358,553
6207,雷科,682,249,550,145,294,602,65,1
3629,地心引力,1703,1053,1081,145,294,837,1326,1379
6217,中探針,638,796,720,135,294,354,1065,553
6506,雙邦,909,732,883,132,294,1069,293,624
8044,網家,218,995,138,145,144,64,858,774
8423,保綠-KY,858,963,962,117,294,965,1325,774
1907,永豐餘,1041,710,976,145,294,173,1008,553
2540,愛山林,1103,1053,1081,145,294,1138,1552,1552
5353,台林,1157,654,971,145,294,1028,460,1
6220,岳豐,900,312,491,145,294,1259,168,705
3040,遠見,533,47,320,145,294,1561,863,1
4173,久裕,1003,893,836,145,294,1418,974,829
1540,喬福,898,75,629,145,294,748,63,1
3049,和鑫,1442,1053,1081,145,294,1528,1552,1552
4907,富宇,938,1053,1081,145,294,809,1211,1379
8071,能率網通,1037,832,934,145,294,1093,1204,553
8183,精星,1246,1053,1081,145,294,1444,1326,1162
1526,日馳,952,1053,1081,145,294,541,1183,1162
2888,新光金,1053,1053,1081,145,294,3,428,1009
3257,虹冠電,513,780,491,55,294,142,1136,1
5201,凱衛,1066,1053,1081,145,294,536,1170,943
6284,佳邦,1092,915,881,145,294,247,1241,553
8021,尖點,741,674,828,145,294,195,248,1
1452,宏益,839,181,759,145,294,621,277,1
5880,合庫金,990,789,943,92,294,21,28,705
6151,晉倫,733,155,544,145,294,965,638,1
1532,勤美,575,264,485,49,294,1558,114,1
6226,光鼎,1379,1053,1081,145,294,1482,1312,1043
2880,華南金,915,862,964,75,294,1666,68,1
3312,弘憶股,1280,1053,1081,145,294,1643,683,1245
1708,東鹼,553,852,779,82,294,1351,448,1
4532,瑞智,708,294,548,145,294,1313,747,698
5392,應華,570,907,519,145,294,1391,1248,1
6219,富旺,965,471,873,145,294,1572,190,943
8064,東捷,1216,1053,1081,145,294,1331,952,943
8182,加高,959,459,838,145,294,424,167,1
1419,新紡,977,983,833,145,294,542,810,1
1701,中化,956,851,914,145,294,73,158,1
2453,凌群,1055,599,944,145,294,1393,1305,553
3031,佰鴻,1182,669,968,145,294,349,1053,677
3540,曜越,1095,390,765,145,294,124,510,553
2430,燦坤,465,258,358,145,294,1318,1066,1
4111,濟生,931,975,970,145,294,1210,1102,1
2903,遠百,876,651,793,118,294,1622,578,1
8354,冠好,775,864,982,145,294,837,651,624
2371,大同,1460,1053,1081,145,294,44,1552,1552
5013,強新,748,979,971,145,294,837,526,705
1472,三洋紡,1543,1053,1081,145,294,459,1552,1552
1530,亞崴,619,640,632,145,294,809,838,1
3141,晶宏,1032,941,868,145,294,1369,1276,943
1305,華夏,865,496,742,145,294,114,1013,774
3178,公準,709,894,709,145,294,358,1302,1112
3543,州巧,937,372,728,145,294,523,631,1
3624,光頡,823,572,674,145,294,1120,712,1
4933,友輝,308,464,448,145,294,1194,1189,1
6124,業強,1321,1053,1081,145,294,794,1552,1552
6126,信音,1093,145,635,145,294,1461,718,901
6594,展匯科,974,1053,1081,145,294,704,1136,1354
6288,聯嘉,1236,1053,1081,145,294,1419,986,829
6509,聚和,1144,977,1006,145,294,1520,1169,1
1218,泰山,1240,1053,1081,145,294,208,1018,1043
2104,國際中橡,602,327,506,145,294,1627,568,1
3492,長盛,1028,418,706,145,294,1028,1267,829
8931,大汽電,999,641,851,145,294,1003,478,1
1304,台聚,802,791,902,145,294,1603,921,1
1309,台達化,1207,1053,1081,145,294,66,12,1282
1735,日勝化,1085,596,936,145,294,988,224,1
2887,台新金,941,889,1023,35,294,1654,629,698
1417,嘉裕,1355,1053,1081,145,294,1339,8,1379
2501,國建,867,291,830,145,294,329,413,624
4741,泓瀚,371,403,300,32,294,713,181,1
6438,迅得,349,187,164,145,294,298,1161,1162
2106,建大,467,709,526,62,294,1438,389,1
2801,彰銀,899,989,1026,69,294,1691,612,1
2812,台中銀,987,867,1048,103,294,1617,108,705
6667,信紘科,519,1053,1081,145,294,1253,182,1379
1733,五鼎,497,323,242,145,294,1344,602,1
8404,百和興業-KY,803,992,979,145,294,409,928,705
2849,安泰銀,829,604,901,145,294,1279,637,553
3363,上詮,927,858,759,145,294,318,868,553
3646,艾恩特,1080,255,690,145,294,1028,989,1
5512,力麒,896,501,977,145,294,1322,840,1
1409,新纖,1106,736,1017,145,294,1670,941,1
2739,寒舍,674,656,470,145,294,302,556,1112
2890,永豐金,1005,825,1030,76,294,1711,287,1
6005,群益證,1094,828,1035,145,294,1671,636,1
3289,宜特,498,953,536,145,294,122,1132,705
3466,致振,1147,431,684,145,294,748,182,705
4144,康聯-KY,175,664,343,145,294,1246,1273,807
1307,三芳,626,461,573,101,294,1564,136,1
2845,遠東銀,948,854,1039,109,294,1614,279,1
3028,增你強,786,28,532,145,294,293,40,1
1539,巨庭,941,330,665,145,294,965,346,1112
1725,元禎,1059,455,873,145,294,578,833,807
2105,正新,342,721,360,145,294,51,320,1
7402,邑錡,812,1009,835,145,294,837,1490,1112
2329,華泰,1325,1053,1081,145,294,339,1552,1552
2425,承啟,1154,1031,1037,145,294,1360,1289,943
2706,第一店,1015,1037,1068,64,294,1151,669,1
6156,松上,1427,1053,1081,145,294,1397,1377,1245
6190,萬泰科,1292,1053,1081,145,294,331,973,1009
1813,寶利徠,785,374,565,145,294,1147,369,1
2704,國賓,998,997,979,145,294,638,645,1
3581,博磊,1021,484,772,145,294,837,961,943
3597,映興,1202,498,844,145,294,1079,1220,705
4129,聯合,883,959,708,145,294,1238,1317,1
6204,艾華,725,327,645,145,294,644,42,1
1535,中宇,386,368,248,145,294,542,436,1
4702,中美實,1587,1053,1081,145,294,646,1552,1552
4706,大恭,874,240,748,145,294,725,378,1
4760,勤凱,910,1053,928,112,5,1242,968,1162
8076,伍豐,1088,1036,954,85,294,1493,442,677
1457,宜進,1079,544,940,145,294,361,945,829
4541,晟田,1056,928,840,145,294,735,435,931
1569,濱川,1071,1053,1081,145,294,1577,1007,829
3306,鼎天,975,555,679,145,294,809,944,1
4707,磐亞,1171,1053,1081,145,294,1486,430,1043
4714,永捷,1153,637,944,145,294,1263,1155,624
6179,亞通,1318,532,439,145,294,1042,1391,1112
2838,聯邦銀,958,1053,1081,145,294,155,577,1162
4556,旭然,1022,982,886,145,294,837,1262,1043
6026,福邦證,1123,225,947,145,294,1547,793,1112
6187,萬潤,822,409,331,145,294,399,849,829
8923,時報,1009,245,785,145,294,837,354,1
2419,仲琦,950,260,748,145,294,330,750,1
2834,臺企銀,1073,1053,1081,95,294,1703,621,1245
4538,大詠城,1019,371,832,145,294,938,143,774
6270,倍微,1341,121,778,145,294,432,895,1
8043,蜜望實,796,485,756,145,294,506,959,1
6170,統振,1314,1053,1081,145,294,387,1413,1112
8034,榮群,1396,1053,1081,145,294,1216,1552,1552
1605,華新,1229,1053,1081,145,294,25,948,1112
1614,三洋電,1006,814,792,145,294,382,645,1
6167,久正,1229,1053,1081,145,294,1015,1552,1552
1410,南染,919,574,709,145,294,243,880,553
2030,彰源,1238,1053,1081,145,294,1366,1044,1245
9934,成霖,852,290,777,145,294,1544,492,624
2462,良得電,720,175,500,145,294,735,283,553
2820,華票,903,85,817,145,294,1477,81,1
6155,鈞寶,954,299,677,142,294,1281,195,1
8934,衡平,394,1053,1081,145,294,837,1552,1552
2889,國票金,1112,729,1027,125,294,1601,472,1
3083,網龍,1065,1053,1081,145,91,217,813,1162
3577,泓格,686,665,625,145,294,1061,887,1
3625,西勝,1420,1053,1081,145,294,1267,1350,1282
5465,富驊,1253,1053,1081,145,294,627,680,1282
2103,台橡,579,452,372,145,294,1642,1121,1
6153,嘉聯益,763,819,735,145,294,1468,575,1
2701,萬企,1110,1024,1070,99,294,1248,414,1
2745,五福,661,1053,669,145,294,765,1363,1112
3564,其陽,700,681,420,145,294,837,1151,1112
6175,立敦,1011,713,868,145,294,1193,187,553
1470,大統新創,1179,911,978,145,294,704,1349,705
1742,台蠟,1358,1053,1081,145,294,1074,10,1461
2236,百達-KY,469,948,793,145,294,1028,1156,1112
2883,開發金,1160,472,995,145,294,17,264,624
3622,洋華,1671,1053,1081,145,294,482,1234,1009
3628,盈正,294,50,130,145,294,748,426,1
5315,光聯,1228,1053,1081,145,294,1246,139,1354
1336,台翰,1471,1053,1081,145,294,422,209,1043
1783,和康生,1399,1053,1081,145,294,1396,516,1379
2353,宏_,1484,1053,1081,145,294,24,1234,1009
3052,夆典,862,218,913,145,294,1604,198,624
4106,雃博,746,862,748,145,294,1513,455,1
1609,大亞,1288,837,1065,145,294,120,971,829
1776,展宇,787,256,670,57,294,735,85,1
3325,旭品,1515,1053,1081,145,294,1124,1295,1162
5516,雙喜,1324,1053,1081,145,294,938,949,1282
5704,老爺知,1104,699,790,145,294,778,674,553
6276,安鈦克,1508,1053,1081,145,294,518,1030,1282
5281,大峽谷-KY,702,1053,918,145,294,988,1443,1245
1524,耿鼎,1350,1053,1081,145,294,609,1041,1354
8930,青鋼,934,241,847,145,294,713,264,624
2618,長榮航,1013,1053,1081,145,294,1709,1025,1043
3434,哲固,1437,1053,1081,145,294,837,843,1282
2013,中鋼構,818,707,730,145,294,419,230,1
2303,聯電,1025,522,924,145,294,5,338,1
3013,晟銘電,1146,1053,1081,145,294,375,1350,943
3645,達邁,799,882,724,145,294,245,737,624
9960,邁達康,1045,788,876,145,294,704,244,705
8415,大國鋼,1197,660,748,145,294,1365,823,829
8936,國統,772,815,748,145,294,483,656,705
1906,寶隆,889,1053,1081,145,294,278,996,1162
2504,國產,1308,1053,1081,145,294,99,802,705
5230,雷笛克光學,481,786,588,21,294,1015,730,677
8215,明基材,1169,1053,1081,145,294,126,846,943
2607,榮運,1109,933,1015,145,294,201,879,1
3669,圓展,926,756,691,145,294,248,1035,1
4153,鈺緯,1000,834,569,22,294,938,1061,901
3689,湧德,255,193,272,145,294,1132,558,624
4183,福永生技,1200,1053,1081,145,294,691,1030,943
1731,美吾華,1192,792,993,145,294,345,951,1
2484,希華,1115,309,718,145,294,171,1047,829
3191,和進,1542,1053,1081,145,294,465,1461,1482
8104,錸寶,978,1053,1081,145,294,425,1284,1455
3050,鈺德,1314,1053,1081,145,294,1298,1322,1043
4160,創源,1433,1053,1081,145,294,623,1391,1379
6163,華電網,1148,1053,1081,145,294,1286,145,943
6530,創威,971,1053,1081,145,294,809,581,1162
2402,毅嘉,1189,1053,1081,145,294,1555,1402,1043
2406,國碩,1538,1053,1081,145,294,1626,1461,1282
4102,永日,1385,1053,1081,145,294,290,1321,1112
2495,普安,1068,518,785,145,294,1223,909,1
4535,至興,500,323,367,145,294,1015,479,1
6275,元山,1188,1053,1081,145,294,1297,1194,1043
2836,高雄銀,1231,1016,1078,145,294,182,641,807
5460,同協,1080,305,900,145,294,837,179,1
6578,達邦蛋白,801,1053,1081,145,294,661,1315,1162
1220,台榮,1159,629,996,145,294,1163,521,901
2442,新美齊,1226,1052,1080,130,294,291,50,901
3033,威健,739,33,498,145,294,426,102,1
3594,磐儀,888,969,986,145,294,1296,649,1
1463,強盛,996,8,540,145,294,578,1165,1043
2614,東森,1570,1053,1081,145,294,1665,568,1379
3015,全漢,706,135,493,145,294,1374,240,1
3025,星通,1298,1053,1081,145,294,627,1412,829
3432,台端,1445,499,893,145,294,1028,1411,931
6136,富爾特,707,7,338,145,294,448,137,1
8261,富鼎,1332,919,868,145,294,1556,1227,829
3374,精材,1304,1012,984,145,1,313,752,829
3441,聯一光,1063,771,842,145,294,1028,741,624
4503,金雨,1367,1053,1081,145,294,794,1391,1482
1711,永光,980,918,959,67,294,1554,470,1
2468,華經,1174,621,991,145,294,1111,632,1
3373,熱映,1063,880,926,145,227,1343,1163,553
4555,氣立,356,672,301,145,294,1464,535,1241
5102,富強,1013,506,872,145,294,965,160,677
5386,青雲,789,1053,1081,145,294,533,1194,1112
2365,昆盈,1296,1053,1081,145,294,213,117,807
3164,景岳,1482,1053,1081,145,294,516,1002,1112
6259,百徽,1597,1053,1081,145,294,837,1552,1552
8222,寶一,1107,903,979,145,294,569,1056,1009
1612,宏泰,1215,593,999,145,294,440,53,1
1713,國化,1208,888,994,145,294,965,1021,1
2910,統領,1180,930,824,145,294,1042,1359,943
3002,歐格,1169,356,890,145,294,615,1083,624
3360,尚立,1282,401,820,145,294,253,957,705
3693,營邦,361,562,270,145,294,388,926,774
5009,榮剛,967,887,939,145,294,523,1202,705
1219,福壽,1198,1006,1055,145,294,602,939,1
2427,三商電,1323,906,1063,145,294,533,1118,943
5543,崇佑-KY,1344,1053,826,145,294,938,1363,1162
1617,榮星,1298,473,964,145,294,1087,1201,1009
2415,錩新,887,427,803,145,294,1268,962,774
5820,日盛金,1126,938,1067,68,294,1620,91,624
8074,鉅橡,794,345,670,145,294,704,302,1
8111,立_,1530,1053,1081,145,294,497,1133,1379
1314,中石化,811,1053,1081,145,294,1640,1044,1245
3128,昇銳,1381,1053,1081,145,294,748,793,1112
2028,威致,1468,1053,1081,145,294,472,1552,1552
2426,鼎元,1376,164,784,145,294,252,67,901
3266,昇陽,994,1053,1081,145,294,474,1388,1162
6148,驊宏資,1394,1053,1081,145,294,965,1242,1379
6215,和椿,1128,722,935,145,294,395,250,705
1732,毛寶,1369,1053,1081,145,294,407,1340,1282
2511,太子,766,340,893,54,294,146,735,1
6229,研通,1139,538,922,145,294,778,360,1
8426,紅木-KY,422,69,233,145,294,794,535,931
8463,潤泰材,836,595,685,145,294,399,902,1043
3550,聯穎,1042,42,652,145,294,573,111,1
5340,建榮,1395,1053,1081,145,294,1382,1552,1552
5450,寶聯通,1447,1053,1081,145,294,837,1552,1552
5902,德記,1384,1053,1081,145,294,1096,1552,1552
8096,擎亞,901,1053,1081,145,294,186,313,1009
2002,中鋼,973,730,788,128,294,20,829,1
3499,環天科,1453,1053,1081,145,294,1061,1426,1379
4906,正文,963,520,667,145,294,1462,246,553
5515,建國,1038,357,916,145,294,1191,547,1
5864,致和證,1280,1053,1081,145,294,1028,1095,1009
6654,天正國際,770,1053,1081,145,294,794,1552,1552
1724,台硝,952,607,879,145,294,617,660,1
2070,精湛,456,1053,1081,145,294,988,616,1245
4148,全宇生技-KY,446,1053,1081,145,294,1301,1413,1379
5211,蒙恬,917,597,626,145,294,794,1210,553
1473,台南,832,420,565,145,294,1167,564,1
3489,森寶,1441,1053,1081,145,294,1163,1023,1282
4711,永純,1038,177,744,145,294,837,41,1
6251,定穎,1404,1053,1081,145,294,86,1074,1354
8077,洛_,1634,1053,1081,145,294,837,1552,1552
1529,樂士,1500,1053,1081,145,294,375,868,1482
1321,大洋,1444,1053,1081,145,294,444,1552,1552
2641,正德,1359,1004,1069,145,294,684,828,1043
1413,宏洲,1507,1053,1081,145,294,778,1552,1552
3673,TPK-KY,71,1053,1081,145,294,167,1015,1112
5398,慕康生醫,1461,1053,1081,145,294,366,1504,1162
3094,聯傑,1076,585,743,145,294,381,1039,1
3354,律勝,1237,739,1004,145,294,794,762,553
3588,通嘉,608,482,386,145,294,1473,1355,1
4433,興采,916,830,779,145,294,497,728,931
4720,德淵,1113,886,1000,145,294,1298,1087,1
8478,東哥遊艇,447,1053,734,145,294,594,1387,1241
8921,沈氏,1036,478,852,145,294,837,932,1
1235,興泰,925,1053,1081,145,294,735,1552,1552
8440,綠電,921,823,948,145,294,1015,71,901
8046,南電,1250,892,812,145,294,1704,1219,774
6016,康和證,1345,1053,1081,145,294,1581,1049,1379
3236,千如,1010,1026,1038,46,294,1274,703,774
4930,燦星網,1258,1053,1081,145,294,1320,1350,1245
6020,大展證,1249,1053,1081,145,294,837,1482,774
8401,白紗科,1004,76,818,145,294,809,220,677
8427,基勝-KY,485,390,231,145,294,667,1268,931
1909,榮成,882,213,767,145,294,168,590,553
2033,佳大,1266,1053,1081,145,294,1003,658,943
2547,日勝生,884,200,648,126,294,1580,465,931
2897,王道銀行,1226,706,1049,145,294,172,1020,624
2901,欣欣,1247,1021,1012,145,294,691,1357,1
1709,和益,946,354,831,145,294,1335,586,698
3380,明泰,966,281,693,145,294,111,739,1
3520,振維,1638,1053,1081,145,294,1003,1211,1482
4561,健椿,895,1053,1081,145,294,837,797,1354
5438,東友,970,79,725,145,294,938,791,1
1325,恆大,1067,896,950,145,1715,1495,341,1
2062,橋椿,488,436,399,145,294,1113,705,1
4716,大立,1134,1008,1060,110,294,988,545,1
6222,上揚,1588,1053,1081,145,294,1074,1552,1552
5498,凱崴,1346,1053,1081,145,294,1277,1504,1482
6158,禾昌,1260,1053,1081,145,294,1071,38,807
6185,幃翔,672,138,584,104,294,1415,89,1
2596,綠意,743,23,554,145,294,837,55,1
1474,弘裕,1220,678,1021,145,294,1441,260,1
1516,川飛,1365,1053,1081,145,294,725,1170,1482
2841,台開,699,1053,1081,145,294,1563,598,1282
6015,宏遠證,1250,1053,1081,145,294,1399,764,1341
6154,順發,844,95,615,145,294,988,62,1
2031,新光鋼,1001,320,672,145,294,306,96,1
2482,連宇,1386,1053,1081,145,294,521,1443,1282
3043,科風,1640,1053,1081,145,294,1105,797,1482
4207,環泰,1116,1053,1081,121,294,511,633,1112
6533,晶心科,1373,1053,1081,145,45,422,1504,1482
2010,春源,1096,296,908,145,294,1197,300,1
2630,亞航,1061,1053,957,145,294,676,1227,1455
2032,新鋼,1271,856,1042,145,294,704,1103,553
2722,夏都,840,1029,961,63,294,651,723,677
4939,亞電,1135,787,1024,50,294,1321,339,705
3652,精聯,1124,778,887,145,294,1522,541,553
4121,優盛,1287,1053,1081,145,294,210,1458,1162
5245,智晶,656,492,260,145,294,1416,1341,1009
2312,金寶,1342,1053,1081,145,294,199,1120,829
5213,亞昕,615,221,729,8,294,491,112,698
5905,南仁湖,1360,682,1022,145,294,1616,133,943
9907,統一實,1194,798,974,145,294,97,687,1
1442,名軒,599,31,462,145,294,300,377,1
3047,訊舟,1301,575,988,145,294,412,1131,901
5533,皇鼎,630,803,930,59,294,602,438,1
8110,華東,1114,843,1031,145,294,1493,1200,774
2344,華邦電,1225,1053,1081,145,294,1708,740,1162
3512,皇龍,1590,1053,1081,145,294,938,1504,1482
4130,健亞,1180,1035,997,145,294,281,1070,829
4543,萬在,851,835,912,145,294,667,1298,1043
4576,大銀微系統,1211,1053,1081,145,51,627,1504,1482
6172,互億,1495,1053,1081,145,294,1124,1552,1552
9902,台火,1275,1053,1081,145,294,676,970,1379
1468,昶和,1480,1053,1081,145,294,1052,1552,1552
3059,華晶科,1141,866,848,145,294,169,653,624
8906,花王,1422,1053,1081,145,294,1003,1366,1482
1727,中華化,1016,840,985,60,294,1160,862,1
2906,高林,1176,298,897,145,294,1305,319,1
3232,昱捷,1218,1053,1081,145,294,528,1194,1043
8935,邦泰,1566,1053,1081,145,294,1003,1552,1552
4162,智擎,704,1028,487,145,294,189,1302,1112
1454,台富,1263,696,1040,145,294,1079,975,705
1618,合機,1196,779,1050,145,294,487,149,774
8927,北基,1349,1053,1081,145,294,965,1401,943
1456,怡華,1547,1053,1081,145,294,573,1552,1552
1568,倉佑,1078,876,858,145,294,564,1326,901
1789,神隆,986,1033,929,110,294,1485,1140,624
2613,中櫃,1099,1030,1072,145,294,1105,1170,943
3296,勝德,1310,1053,1081,145,294,550,1265,829
1586,和勤,1178,818,769,145,294,251,625,705
6265,方土昶,1337,1053,1081,145,294,552,1161,1162
3685,元創精密,1294,110,510,145,294,938,197,829
3704,合勤控,1274,1053,1081,145,294,1625,1123,1043
4554,橙的,890,1053,1081,145,294,661,1504,1354
6109,亞元,1289,216,864,145,294,938,466,943
6116,彩晶,1334,1053,1081,145,294,1624,175,1162
8929,富堡,654,470,565,145,294,809,484,1
1591,駿吉-KY,868,1053,1081,145,294,765,1379,1379
2368,金像電,1497,1053,1081,145,294,1710,1504,1482
5452,佶優,1248,986,1061,145,294,748,1103,553
5601,台聯櫃,1278,1018,1032,145,294,837,967,1
3294,英濟,1357,1053,1081,145,294,725,1317,1043
4526,東台,959,692,768,145,294,1373,1250,553
8059,凱碩,1411,1053,1081,145,294,1189,655,1245
3287,廣寰科,1421,1053,1081,145,294,765,47,1379
3356,奇偶,262,239,61,43,294,506,551,901
3701,大眾控,1612,1053,1081,145,294,549,1552,1552
4989,榮科,1476,1053,1081,145,294,362,1085,1379
5272,笙科,730,440,401,145,294,1159,691,1009
3066,李洲,1594,1053,1081,145,294,837,1552,1552
4114,健喬,1241,1051,1073,41,294,1338,923,703
8176,智捷,1285,1053,1081,145,294,1244,129,829
2323,中環,1566,1053,1081,145,294,379,1552,1552
2515,中工,1330,972,1075,145,294,138,1074,1
2908,特力,981,576,783,145,294,292,483,1
3024,憶聲,1459,1053,1081,145,294,471,914,1379
6212,理銘,955,1053,1081,145,294,988,1190,1162
5258,虹堡,679,759,827,45,294,1120,699,901
6133,金橋,1393,831,1046,145,294,654,923,1009
2024,志聯,1184,108,909,145,294,988,444,943
2466,冠西電,1485,1053,1081,145,294,1326,1552,1552
3095,及成,1687,1053,1081,145,294,837,1552,1552
3288,點晶,1583,1053,1081,145,294,837,1552,1552
3346,麗清,855,861,718,145,294,480,1054,901
4545,銘鈺,390,753,291,145,294,646,1072,901
5523,豐謙,1465,1053,1081,145,294,1003,1343,1379
6103,合邦,1522,1053,1081,145,294,837,1552,1552
6418,詠昇,1,365,716,145,294,837,152,829
1414,東和,1023,703,1043,145,294,537,367,705
3285,微端,1033,377,787,145,294,837,925,1
3290,東浦,1083,512,846,145,294,691,329,553
1435,中福,1320,1053,1081,145,294,552,1552,1552
1531,高林股,941,393,748,145,294,1417,384,1
3062,建漢,1086,826,861,145,294,1524,1011,1
6674,鋐寶科技,457,1053,1081,145,294,667,1136,1379
1236,宏亞,1020,805,876,145,294,1059,762,1
2516,新建,1306,812,1062,145,294,1537,888,829
2605,新興,768,397,639,145,294,84,715,1
3207,耀勝,1557,1053,1081,145,294,837,1426,1282
1784,訊聯,1290,1053,1081,145,294,1257,1193,943
1810,和成,1297,1053,1081,145,294,276,1184,943
9962,有益,1151,268,902,145,294,661,665,807
3687,歐買尬,1625,1053,1081,145,294,302,619,1341
3703,欣陸,1127,1053,1081,145,294,1400,969,774
4533,協易機,1089,540,950,145,294,837,920,553
4746,台耀,650,846,432,145,294,1446,1127,705
1108,幸福,1308,1053,1081,145,294,1105,778,1112
2029,盛餘,940,543,766,145,294,1381,366,1
3055,蔚華科,1047,439,800,145,294,489,505,1
4161,聿新科,1255,1053,1081,145,294,965,1483,1162
4967,十銓,1125,847,1012,145,294,209,685,829
1217,愛之味,1387,1053,1081,145,294,1411,1552,1552
2543,皇昌,1300,1053,1081,145,294,584,1504,1461
6603,富強鑫,1117,836,1014,107,294,654,935,624
9955,佳龍,1417,1053,1081,145,294,1402,1179,1354
2388,威盛,1660,1053,1081,145,294,1470,1552,1552
5014,建錩,1326,873,1066,145,294,1229,950,705
6021,大慶證,1311,1053,1081,145,294,319,984,1043
6625,必應,834,1053,1081,145,294,1003,890,1282
1734,杏輝,1186,1020,998,145,294,1498,1448,1
2331,精英,1118,1,283,145,294,284,864,931
2431,聯昌,1339,1053,1081,145,294,1307,375,1043
2505,國揚,1190,973,1047,145,294,1362,1107,901
4804,大略-KY,816,1053,1081,145,294,965,823,1245
6134,萬旭,1620,1053,1081,145,294,646,1504,1461
6140,訊達,1375,1053,1081,145,294,684,1448,1379
6152,百一,1212,97,552,145,294,552,1242,1338
6199,天品,1474,1053,1081,145,294,837,1504,1461
6441,廣錠,287,392,265,145,65,1475,306,1009
6516,勤崴國際,968,1053,1076,4,219,725,1078,1338
5531,鄉林,866,1053,1081,9,294,1463,1552,1552
6168,宏齊,1361,1053,1081,145,294,1171,986,829
1110,東泥,1353,1045,1077,145,294,1208,1237,1
1440,南紡,1208,898,1025,145,294,102,556,1
1444,力麗,1195,1053,1081,145,294,1632,1004,807
1517,利奇,1129,659,986,145,294,515,653,1
4502,健信,1163,1053,1081,145,294,988,1362,1282
9919,康那香,1366,901,1019,145,294,1608,1073,1
1587,吉茂,1007,728,802,145,294,748,416,807
2069,運錩,1016,1053,582,145,294,526,409,1112
4133,亞諾法,969,904,698,145,294,1637,1399,1
1324,地球,1182,704,971,145,294,735,900,1
1710,東聯,989,490,604,145,294,1521,540,1
2035,唐榮,1456,1053,1081,145,294,837,1552,1552
2387,精元,914,884,932,145,294,159,821,1
2399,映泰,1257,30,702,145,294,261,18,943
2545,皇翔,315,51,205,145,294,480,787,1
3016,嘉晶,1351,1053,1081,145,294,38,1391,1043
3504,揚明光,810,740,323,145,294,231,1500,705
3516,亞帝歐,1649,1053,1081,145,294,1061,1326,1482
6101,寬魚國際,1513,1053,1081,145,294,1052,1504,1482
6171,亞銳士,1348,1053,1081,145,294,1135,1496,1043
6233,旺玖,1544,1053,1081,145,294,1213,1552,1552
6465,威潤,677,945,577,145,294,965,719,1043
8087,華鎂鑫,1450,1053,1081,145,294,794,1456,1282
2109,華豐,1391,1053,1081,145,294,334,220,1162
2230,泰茂,1265,808,966,145,294,809,876,624
2401,凌陽,1419,423,914,145,294,1635,1037,943
3054,立萬利,1243,1053,1081,145,294,713,499,943
3609,東林,1499,1053,1081,145,294,417,1458,1112
4909,新復興,666,414,568,145,294,1210,432,1
6283,淳安,1568,1053,1081,145,294,390,121,1482
8042,金山電,309,68,212,145,294,1215,507,1
1443,立益,1595,1053,1081,145,294,602,1552,1552
1714,和桐,1210,1053,1081,33,294,364,1177,1282
2417,圓剛,1283,631,805,145,294,61,1343,1
2603,長榮,1312,1053,1081,145,294,34,570,1282
2718,晶悅,1108,1053,1081,145,294,794,1118,705
6174,安_,1132,386,862,145,294,1015,895,553
6241,易通展,1271,1053,1081,145,294,748,499,1282
2014,中鴻,1403,1053,1081,145,294,80,5,1379
2305,全友,1293,1053,1081,145,294,446,1552,1552
2314,台揚,1608,1053,1081,145,294,1548,1443,1282
2358,廷鑫,1559,1053,1081,145,294,464,1552,1552
2405,浩鑫,1429,1053,1081,145,294,1372,349,1282
2489,瑞軒,946,4,402,145,294,204,99,807
2497,怡利電,892,719,545,145,294,578,1293,1043
6405,悅城,419,1053,1081,145,294,654,1151,1043
1446,宏和,1372,1027,1043,145,294,459,1202,705
2302,麗正,1409,1053,1081,145,294,1292,914,1162
4924,欣厚-KY,1494,1053,1081,145,294,421,1461,1379
4167,展旺,1643,1053,1081,145,294,1644,1552,1552
1721,三晃,1347,1053,1081,145,294,597,764,1379
2702,華園,1222,1044,1074,82,294,448,54,553
5381,合正,1602,1053,1081,145,294,837,1552,1552
5521,工信,1374,1053,1081,145,294,63,1306,943
6225,天瀚,1650,1053,1081,145,294,837,1552,1552
3438,類比科,913,319,524,145,294,397,46,901
8068,全達,1450,1053,1081,145,294,1147,1552,1552
1438,裕豐,1164,1053,1081,145,294,622,1552,1552
3058,立德,1175,107,797,145,294,633,690,624
1313,聯成,1100,527,889,145,294,1225,199,1
2457,飛宏,1027,89,389,145,294,1582,707,1158
2736,高野,546,1011,890,145,294,713,830,1009
6160,欣技,1053,288,609,145,294,735,405,677
3313,斐成,1521,1053,1081,145,294,1144,1552,1552
2712,遠雄來,1223,968,938,145,294,837,1350,943
3362,先進光,1261,1053,1081,145,294,1380,1448,1162
5328,華容,1370,1053,1081,145,294,1123,890,1282
5603,陸海,1166,198,838,145,294,546,270,1158
4513,福裕,1354,1053,1081,145,294,691,1461,1461
5426,振發,1111,64,764,145,294,1074,347,677
2061,風青,1472,1053,1081,145,294,965,992,1482
2913,農林,1143,839,989,145,294,1326,1227,553
3027,盛達,1413,1003,1056,145,294,794,1390,705
5464,霖宏,1044,61,579,145,294,988,630,677
6129,普誠,1392,1053,1081,145,294,1201,1497,1245
8937,合騏,1438,1053,1081,145,294,1061,1504,1162
1905,華紙,1090,685,1018,145,294,191,881,943
2610,華航,1328,1053,1081,145,294,10,819,1245
8421,旭源,1275,1053,1081,145,294,1052,922,1006
3623,富晶通,838,10,196,145,294,1003,1316,1043
4406,新昕纖,1408,1053,1081,145,294,965,1188,1379
5202,力新,1461,1053,1081,145,294,794,1504,1482
8101,華冠,1537,1053,1081,145,294,1197,1366,1482
1809,中釉,1219,926,1036,145,294,307,789,1
1815,富喬,1120,908,1011,145,294,304,1447,705
3311,閎暉,848,92,207,141,294,1263,1207,1043
4534,慶騰,1242,1053,1081,145,294,1042,1486,1241
2506,太設,1173,1014,1071,145,294,531,1148,705
2530,華建,1193,1053,1081,145,294,256,333,829
4131,晶宇,1538,1053,1081,145,294,837,1552,1552
1423,利華,1435,1053,1081,145,294,837,1552,1552
2444,兆勁,1434,1053,1081,145,294,556,991,1162
4510,高鋒,1120,567,899,145,294,676,796,774
6512,啟發電,716,1053,499,145,294,837,1256,1112
8940,新天地,1327,1053,1081,145,294,765,495,1341
1459,聯發,1303,646,1010,145,294,1213,288,829
2440,太空梭,1458,1053,1081,145,294,573,6,1482
3631,晟楠,1224,1053,1081,145,294,1444,343,1354
2009,第一銅,1383,1053,1081,145,294,542,24,1162
3372,典範,1548,1053,1081,145,294,1015,1552,1552
6442,光聖,641,358,366,145,294,778,911,943
8147,正淩,757,655,697,93,294,633,1225,705
8289,泰藝,1216,608,975,145,294,597,179,624
1447,力鵬,1336,1053,1081,57,294,1523,16,1461
3149,正達,1693,1053,1081,145,294,441,1231,1282
5276,達輝-KY,995,48,572,145,294,713,585,1112
6118,建達,1388,971,1058,145,294,644,1326,1043
6120,達運,1150,865,1005,145,294,1425,1143,553
8429,金麗-KY,201,881,442,40,294,1294,1281,1006
1445,大宇,1307,618,1028,145,294,1305,404,1
2364,倫飛,1581,1053,1081,145,294,837,1552,1552
1616,億泰,1467,1053,1081,145,294,560,1552,1552
3221,台嘉碩,1199,675,875,145,294,274,505,1
8411,福貞-KY,418,1017,942,145,294,506,979,824
1451,年興,878,189,556,145,294,1330,267,1
2465,麗臺,1550,1053,1081,145,294,654,1552,1552
4109,加捷生醫,1431,1041,1064,89,294,1347,997,943
5210,寶碩,1400,1053,1081,145,294,546,21,1162
2485,兆赫,797,505,526,145,294,246,871,1
2528,皇普,1425,1053,1081,145,294,490,1129,1379
4530,宏易,1603,1053,1081,145,294,837,1552,1552
5302,太欣,1488,1053,1081,145,294,1269,1552,1552
3202,樺晟,1550,1053,1081,145,294,441,1326,1162
3666,光耀,1382,361,678,145,294,965,992,1009
5304,鼎創達,1487,1053,1081,145,294,1368,1552,1552
5314,世紀,1511,1053,1081,145,294,837,1552,1552
4157,太景*-KY,1493,1053,1081,145,294,1586,1552,1552
2363,矽統,1533,1053,1081,145,294,1675,1504,1379
3490,單井,624,961,733,145,294,427,605,624
4903,聯光通,1370,1053,1081,145,294,713,1290,1043
4911,德英,1463,1053,1081,145,294,748,1461,1482
8024,佑華,1256,491,879,145,294,1003,814,1
8080,永利聯合,1540,1053,1081,145,294,837,1461,1482
2724,富驛-KY,1673,1053,1081,79,294,837,1552,1552
5488,松普,1532,1053,1081,145,294,1113,1490,1354
5703,亞都,1268,1007,1019,145,294,809,934,705
8105,凌巨,1448,1053,1081,145,294,1502,1405,1282
9944,新麗,1221,1022,1041,145,294,1489,1405,553
1453,大將,1363,1053,1081,145,294,691,1552,1552
9949,琉園,1412,869,907,145,294,778,661,943
5344,立衛,1449,1053,1081,145,294,1028,681,1162
1455,集盛,1312,905,1058,145,294,342,1076,624
1802,台玻,1402,1043,1050,145,294,1588,1306,901
2017,官田鋼,1407,1053,1081,145,294,633,634,1245
8047,星雲,1284,931,1053,145,294,938,1160,829
8011,台通,870,639,558,145,294,1506,648,901
8038,長園科,1617,1053,1081,145,294,1434,1552,1552
8409,商之器,1579,1053,1081,145,294,667,1504,1379
3051,力特,1563,1053,1081,145,294,748,1552,1552
3089,元炬,1667,1053,1081,145,294,837,1504,1379
6165,捷泰,1596,1053,1081,145,294,1334,1504,1482
6236,康呈,1586,1053,1081,145,294,837,1552,1552
1460,宏遠,1351,1053,1081,145,294,363,1111,1245
3268,海德威,1291,1053,1081,145,294,938,1284,1482
1718,中纖,1204,1053,1081,145,294,1515,1170,1455
4128,中天,1377,1053,1081,145,294,170,580,1461
6264,富裔,1486,1053,1081,145,294,676,1552,1552
8033,雷虎,1619,1053,1081,145,294,584,1552,1552
8121,越峰,1363,1053,1081,145,294,1196,1426,1461
3419,譁裕,1491,1053,1081,145,294,374,1343,1379
4419,元勝,1571,1053,1081,145,294,837,1552,1552
6164,華興,1232,572,941,145,294,1142,764,1
6431,光麗-KY,1610,1053,1081,145,294,492,4,1482
6443,元晶,1452,1053,1081,145,294,1340,1552,1552
3067,全域,1477,1053,1081,145,294,1587,74,1379
3698,隆達,1205,1053,1081,145,294,56,1426,829
6130,星寶國際,1073,1053,1081,145,294,684,45,1354
6237,驊訊,1389,943,960,145,294,110,1358,705
6593,台灣銘板,907,1053,1081,145,294,837,1300,1282
2008,高興昌,1259,1053,1081,145,294,542,1552,1552
3162,精確,1574,1053,1081,145,294,794,1461,1162
2025,千興,1540,1053,1081,145,294,837,1552,1552
3230,錦明,1630,1053,1081,145,294,569,1552,1552
3390,旭軟,737,96,429,145,294,1179,594,1
3545,敦泰,891,843,711,145,294,1660,1319,1
4540,全球傳動,1191,1053,1081,145,294,268,1442,1162
6131,鈞泰,1583,675,927,145,294,837,1322,1009
3284,太普高,1141,1053,1081,145,294,1015,755,705
2538,基泰,874,60,705,145,294,1132,455,1
3228,金麗科,1605,1053,1081,145,294,1028,1552,1552
4113,聯上,736,474,859,145,294,1156,662,807
1903,士紙,1564,1053,1081,145,294,345,1552,1552
6113,亞矽,1498,1053,1081,145,294,809,1552,1552
1449,佳和,1589,1053,1081,145,294,215,1552,1552
6209,今國光,1273,1053,1081,145,294,237,1441,1043
2611,志信,1286,1053,1081,145,294,584,274,901
4123,晟德,1235,1053,1081,14,294,1694,310,1461
4188,安克,1618,1053,1081,145,294,748,1552,1552
1416,廣豐,985,18,564,145,294,584,693,824
1584,精剛,1527,1053,1081,145,294,1061,1552,1552
2023,燁輝,1356,1053,1081,145,294,1540,58,774
5011,久陽,1136,445,723,145,294,778,574,901
1467,南緯,1317,1053,1081,145,294,193,1426,1162
1213,大飲,1400,1053,1081,145,294,837,1552,1552
3694,海華,1519,1053,1081,145,294,437,692,1379
5701,劍湖山,1632,1053,1081,145,294,837,1552,1552
3713,新晶投控,1569,1053,1081,145,294,1015,1552,1552
6287,元隆,1663,1053,1081,145,294,837,1552,1552
2321,東訊,1578,1053,1081,145,294,837,1552,1552
2332,友訊,1406,341,714,145,294,1649,1028,807
3011,今皓,1514,1053,1081,145,294,519,1504,1379
8374,羅昇,1030,871,736,145,294,602,1379,807
2461,光群雷,1212,795,953,145,294,1118,883,553
8443,阿瘦,648,416,654,145,294,651,590,1006
4976,佳凌,1261,1053,1081,145,294,487,1281,1162
2064,晉椿,1052,101,661,145,294,809,376,807
5906,台南-KY,1692,1053,1081,145,294,735,9,1379
2390,云辰,1480,1053,1081,145,294,1595,1504,1282
3712,永崴投控,1314,1053,1081,145,294,1254,1552,1552
5355,佳總,1378,1053,1081,145,294,497,1049,1482
3297,杭特,1096,348,647,145,294,794,1209,624
2438,翔耀,1554,1053,1081,145,294,594,1552,1552
6243,迅杰,1582,1053,1081,145,294,627,37,1379
2537,聯上發,1057,1053,1081,145,294,1389,72,1341
3322,建舜電,1590,1053,1081,145,294,1090,1324,1282
1466,聚隆,1176,769,898,145,294,676,1366,1043
3276,宇環,1432,1053,1081,145,294,1042,1461,1162
2486,一詮,1446,1053,1081,145,294,465,713,1112
4142,國光生,1685,1053,1081,145,294,221,1552,1552
8085,福華,1577,1053,1081,145,294,1079,1552,1552
8092,建暐,1478,1053,1081,145,294,965,1552,1552
1805,寶徠,1414,1053,1081,145,294,633,344,1482
4729,熒茂,1630,1053,1081,145,294,388,1552,1552
5205,中茂,1697,1053,1081,145,294,837,1490,1379
9928,中視,1641,1053,1081,145,294,837,1552,1552
2936,客思達-KY,585,1053,1081,145,294,437,1504,1461
3308,聯德,1548,1053,1081,145,294,609,1284,1482
4562,穎漢,601,1053,1081,145,294,1131,1405,1245
1316,上曜,1555,1053,1081,145,294,288,613,1461
5348,系通,1604,1053,1081,145,294,794,1552,1552
3086,華義,1625,1053,1081,145,294,837,22,1482
3252,海灣,833,1053,1081,145,294,778,1144,1482
5324,士開,880,1053,1081,145,294,965,544,1354
1806,冠軍,1338,1053,1081,145,294,1345,1426,1245
9906,欣巴巴,628,1053,1081,145,294,627,1552,1552
1796,金穎生技,1269,1053,1081,145,294,837,1443,1282
4306,炎洲,1043,827,956,17,294,394,168,1
8027,鈦昇,1415,1053,1081,145,294,560,1403,1162
8291,尚茂,1556,1053,1081,145,294,837,1306,1482
4127,天良,1503,1053,1081,145,294,617,753,1112
4960,誠美材,814,190,578,145,294,105,1268,1009
6144,得利影,1505,1053,1081,145,294,1015,1552,1552
6228,全譜,1609,1053,1081,145,294,809,1552,1552
3115,寶島極,1440,1053,1081,145,294,725,1552,1552
4108,懷特,1636,1053,1081,145,294,439,1552,1552
8277,商丞,1658,1053,1081,145,294,667,1504,1461
4609,唐鋒,1509,1053,1081,145,294,837,1379,1379
8201,無敵,1679,1053,1081,145,294,569,842,1282
6198,凌泰,1607,1053,1081,145,294,837,1552,1552
8932,宏大,1398,1053,1081,145,294,713,1123,1482
6247,淇譽電,1453,1053,1081,145,294,837,1100,705
8418,捷必勝-KY,1525,954,902,145,294,613,1500,1043
2460,建通,1343,1053,1081,145,294,537,20,1112
3122,笙泉,1294,588,963,145,294,988,1087,553
5351,鈺創,1561,1053,1081,145,294,1389,1504,1282
6482,弘煜科,924,1053,1081,145,294,735,1343,1379
8072,陞泰,453,16,77,145,294,667,530,1
8450,霹靂,537,1053,302,145,294,809,1421,1043
4304,勝昱,1635,1053,1081,145,294,837,1552,1552
3672,康聯訊,1120,578,746,145,294,704,1336,1043
2007,燁興,1558,1053,1081,145,294,427,528,1482
2380,虹光,1606,1053,1081,145,294,1388,1274,1282
3642,駿熠電,1571,458,740,145,294,748,634,943
3339,泰谷,1678,1053,1081,145,294,837,1426,1482
2067,嘉鋼,1397,1053,1081,145,294,837,797,1245
4956,光鋐,1187,899,921,145,294,1634,1379,943
5608,四維航,1426,74,441,145,294,1527,1366,1379
6142,友勁,1475,1053,1081,145,294,149,196,1112
1475,本盟,1691,1053,1081,145,294,837,1552,1552
4743,合一,1410,1053,1081,145,160,101,1336,1162
6169,昱泉,1681,1053,1081,145,294,615,1366,1461
5529,志嘉,1162,1053,1081,145,294,1173,420,1341
3710,連展投控,1592,1053,1081,145,294,1377,1552,1552
4414,如興,1516,1053,1081,145,294,463,1552,1552
8093,保銳,1562,1053,1081,145,294,661,1461,1482
2734,易飛網,1490,1053,1081,145,294,713,256,1245
9950,萬國通,1318,441,747,145,294,1042,781,901
1528,恩德,1333,766,1003,145,294,377,479,1
2038,海光,1466,1053,1081,145,294,938,15,1282
8054,安國,871,197,489,145,294,1136,1211,1
2374,佳能,872,5,295,145,294,1398,127,677
3437,榮創,792,652,682,145,294,1356,1456,943
2102,泰豐,1322,1049,1079,78,294,57,1335,774
4432,銘旺實,488,304,304,145,294,809,1252,824
2369,菱生,1279,561,922,145,294,1578,1314,1
2413,環科,1502,1053,1081,145,294,1257,49,1379
3555,重鵬,1683,1053,1081,145,294,809,1247,1043
5251,天鉞電,644,146,384,145,294,1111,418,931
9929,秋雨,1576,1053,1081,145,294,704,1552,1552
3259,鑫創,1666,1053,1081,145,294,725,1426,1482
5484,慧友,1552,1053,1081,145,294,1101,1123,1482
5264,鎧勝-KY,96,500,90,145,294,79,874,829
6289,華上,1639,1053,1081,145,294,837,1552,1552
8933,愛地雅,1305,976,1056,96,294,493,780,705
6127,九豪,1473,1053,1081,145,294,459,1461,1162
6573,虹揚-KY,1098,1053,1081,145,294,627,1078,1379
3224,三顧,1519,1053,1081,145,294,1269,1552,1552
1781,合世,1512,1053,1081,145,294,410,1504,1379
3379,彬台,892,404,581,66,294,691,1008,1043
3229,晟鈦,1534,1053,1081,145,294,578,243,1282
6291,沛亨,1664,1053,1081,145,294,837,1552,1552
2022,聚亨,1524,1053,1081,145,294,1505,1552,1552
2609,陽明,1651,1053,1081,145,294,282,535,1482
3041,揚智,1234,170,419,145,294,1160,1253,1009
8067,志旭,1585,1053,1081,145,294,778,1552,1552
3523,迎輝,1699,1053,1081,145,294,965,1552,1552
6117,迎廣,1479,980,1054,145,294,676,851,829
4726,永昕,1647,1053,1081,145,294,315,1552,1552
3686,達能,1656,1053,1081,145,294,938,1426,1482
2349,錸德,1624,1053,1081,145,294,1688,1552,1552
3481,群創,1614,813,1033,145,294,2,1377,943
3682,亞太電,1469,1053,1081,145,294,106,1366,1379
3465,進泰電子,1662,1053,1081,145,294,584,1552,1552
5349,先豐,859,283,477,145,294,59,458,774
2911,麗嬰房,1339,1053,1081,145,294,1487,976,1112
3176,基亞,1689,1053,1081,145,294,230,1552,1552
3494,誠研,1528,1053,1081,145,294,713,1413,1162
8431,匯鑽科,1516,1053,822,145,294,1204,216,1043
8097,常珵,1633,1053,1081,145,294,809,1552,1552
5309,系統電,1544,1053,1081,145,294,1429,1552,1552
2443,億麗,1616,1053,1081,145,294,577,1552,1552
5364,力麗店,1505,1053,1081,145,294,735,830,1461
2409,友達,1598,394,925,145,294,1,715,829
3057,喬鼎,1526,1053,1081,145,294,1506,1071,1043
4979,華星光,1105,960,796,34,294,1480,835,1009
6535,順藥,1688,1053,1081,145,294,837,1552,1552
5227,立凱-KY,1686,1053,1081,145,294,837,1552,1552
6246,臺龍,1536,1053,1081,145,294,735,1552,1552
3707,漢磊,1670,1053,1081,145,294,1454,1504,1482
6240,松崗,1637,1053,1081,145,294,809,1552,1552
1512,瑞利,1599,1053,1081,145,294,837,1379,1379
9912,偉聯,1264,1053,1081,145,294,597,914,1455
3552,同致,216,925,223,145,294,1294,1167,624
4154,康樂-KY,1335,1053,1081,145,294,1262,156,1162
4563,百德,702,1053,1081,145,294,1288,1157,1245
3085,新零售,1644,1053,1081,145,294,837,1552,1552
6649,台生材,1675,1053,1081,145,294,1015,1552,1552
3576,聯合再生,1682,1053,1081,145,294,308,1490,1354
4147,中裕,1659,1053,1081,145,101,309,1552,1552
5475,德宏,1613,1053,1081,145,294,837,976,1482
3046,建_,1661,1053,1081,145,294,520,1504,1482
1471,首利,1642,1053,1081,145,294,938,1552,1552
2204,中華,905,542,661,145,294,90,147,1
1337,再生-KY,368,1001,600,38,294,295,1128,829
3591,艾笛森,1438,767,508,145,294,1158,1085,774
4934,太極,1627,1053,1081,145,294,131,1164,1162
6150,撼訊,1455,1053,1081,145,294,1383,32,1112
3664,安瑞-KY,1510,1053,1081,145,294,1042,1504,1482
6244,茂迪,1676,1053,1081,145,294,1509,1461,1354
1799,易威,1701,1053,1081,145,294,1326,3,1482
3518,柏騰,1648,605,494,145,294,1003,148,705
1506,正道,1553,1053,1081,145,294,1138,1552,1552
3522,御頂,1470,571,931,145,294,1015,126,943
5481,新華,1628,1053,1081,145,294,1249,1461,1482
6542,隆中,1423,1053,1081,145,294,1052,448,1245
2342,茂矽,1669,1053,1081,145,294,1591,1504,1482
2924,東凌-KY,961,885,428,145,294,837,882,931
3593,力銘,1653,1053,1081,145,294,1096,14,1461
1538,正峰新,1657,1053,1081,145,294,837,1552,1552
4141,龍燈-KY,788,1053,1081,145,294,1071,1391,1112
3060,銘異,644,443,264,145,294,332,1206,624
4523,永彰,1416,1034,1043,145,294,837,1502,553
1340,勝悅-KY,170,970,570,145,294,1358,1504,1379
4712,南璋,1645,1053,1081,145,294,938,1284,1379
3632,研勤,1522,1039,1002,145,294,623,760,1043
2705,六福,1560,1053,1081,145,294,1314,1222,1379
3018,同開,1489,1053,1081,145,294,355,1217,1162
6235,華孚,1423,1053,1081,145,294,321,952,1282
2243,宏旭-KY,1138,1053,1081,145,294,988,1552,1552
1432,大魯閣,1168,1053,1081,145,294,735,1552,1552
1441,大東,1620,1053,1081,145,294,778,1012,1354
5301,寶得利,1689,1053,1081,145,294,684,278,1379
3073,凱柏實業,1696,1053,1081,145,294,837,1504,1482
4168,醣聯,1629,1053,1081,145,294,1561,1448,1379
4416,三圓,212,560,107,145,293,837,1175,1
3383,新世紀,1674,1053,1081,145,294,1153,1552,1552
3536,誠創,1680,1053,1081,145,294,837,1552,1552
6425,易發,1029,126,330,145,294,1118,474,931
1258,其祥-KY,982,691,679,145,294,713,745,829
2434,統懋,1652,1053,1081,145,294,837,1552,1552
3508,位速,1622,1053,1081,145,294,274,36,1282
5468,凱鈺,1665,1053,1081,145,294,837,1552,1552
2448,晶電,1482,917,541,145,294,1659,1091,705
5310,天剛,1405,1053,1081,3,294,1101,1504,1482
1592,英瑞-KY,918,552,573,145,294,1426,1111,1245
4198,環瑞醫,1707,1053,1081,145,294,837,1552,1552
2424,隴華,1496,1053,1081,145,294,765,1552,1552
3205,佰研,1167,1053,1081,145,294,1090,1291,1282
5383,金利,1600,1053,1081,145,294,563,1095,1043
8084,巨虹,1575,1053,1081,145,294,454,1552,1552
3064,泰偉,1672,1053,1081,145,294,837,1504,1482
6461,益得,1694,1053,1081,145,294,1116,1552,1552
4807,日成-KY,881,1053,1081,145,294,1042,361,1282
6446,藥華藥,1708,1053,1081,145,115,320,1552,1552
8476,台境,1531,1053,1081,145,294,1234,1504,1461
6404,通訊-KY,1368,1053,1081,145,294,837,1268,1354
2208,台船,1601,539,806,145,294,289,11,829
6419,京晨科,1046,1053,1081,145,294,1042,1504,1379
1418,東華,1684,1053,1081,145,294,837,1552,1552
4944,兆遠,1695,1053,1081,145,294,837,1391,1379
2429,銘旺科,1646,1053,1081,145,294,1266,1552,1552
6499,益安,1709,1053,1081,145,294,1061,1552,1552
6547,高端疫苗,1702,1053,1081,145,290,1541,1552,1552
8444,綠河-KY,1464,949,388,145,294,1087,1495,829
3321,同泰,1518,1053,1081,145,294,1204,1552,1552
3234,光環,1331,755,525,145,294,151,1165,705
3189,景碩,337,702,252,145,294,35,1283,1
4192,杏國,1706,1053,1081,145,294,602,1552,1552
3607,谷崧,1040,98,254,145,294,472,425,1
4429,聚紡,1380,632,609,145,294,778,745,774
6576,逸達,1711,1053,1081,145,294,1332,1552,1552
6492,生華科,1710,1053,1081,145,252,231,1552,1552
6531,愛普,493,1053,146,145,9,224,351,1043
6589,台康生技,1700,1053,1081,145,294,1271,1552,1552
5345,天揚,1654,1053,1081,145,294,837,1391,1482
4806,昇華,1677,1053,1081,145,294,837,1405,1282
2719,燦星旅,1611,737,809,145,294,809,793,1162
4529,淳紳,1698,1053,1081,145,294,584,1461,1482
3615,安可,1390,985,795,145,294,661,1272,677
3498,陽程,1266,878,463,145,294,1061,1005,829
4725,信昌化,1565,1053,1081,145,294,1453,1423,1245
4946,辣椒,1705,1053,1081,145,294,573,617,1043
4174,浩鼎,1712,1053,1081,145,104,1428,1552,1552
4950,牧東,1655,1053,1081,145,294,748,1186,1162
2740,天蔥,1592,1053,1081,145,294,837,1504,1461
6497,亞獅康-KY,1714,1053,1081,145,294,837,1552,1552
6541,泰福-KY,1713,1053,1081,145,294,271,1552,1552
2498,宏達電,119,1053,1081,145,294,1606,1488,1009
4152,台微體,1715,1053,1081,145,213,1093,1552,1552
2201,裕隆,1668,967,864,145,294,11,1276,1